setting_id,budget_group,arm_name,source_index,efficiency_total_cost,allrequest_equity,efficiency_ratio_historical,equity_ratio_historical,plot_search_nondominated
d100_delay_median_cap1,borough,d100_median_borough_qnehvi,0,39125138.0,4729.176410814992,2.3828490771752913,4.076191243082695,false
d100_delay_median_cap1,borough,d100_median_borough_qnehvi,1,34570082.666666664,3701.017783978824,2.1054312851277408,3.1899965175856027,false
d100_delay_median_cap1,borough,d100_median_borough_qnehvi,2,32896084.66666666,3676.454417732496,2.0034793229520855,3.1688247596099557,false
d100_delay_median_cap1,borough,d100_median_borough_qnehvi,3,33637812.666666664,2789.4308682947344,2.0486529880344961,2.4042777623023981,false
d100_delay_median_cap1,borough,d100_median_borough_qnehvi,4,29451333.333333336,3633.0027830681447,1.7936826818327194,3.1313727473924771,false
d100_delay_median_cap1,borough,d100_median_borough_qnehvi,5,44602895.333333336,4546.30136060177,2.7164624437715581,3.9185668253188037,false
d100_delay_median_cap1,borough,d100_median_borough_qnehvi,6,38272823.99999999,3641.469449662378,2.3309403624159062,3.1386703715941429,false
d100_delay_median_cap1,borough,d100_median_borough_qnehvi,7,39005191.33333333,4559.967934170297,2.3755439322330059,3.9303463747929106,false
d100_delay_median_cap1,borough,d100_median_borough_qnehvi,8,39579656.66666667,4249.976174389535,2.4105307529670963,3.6631569982755781,false
d100_delay_median_cap1,borough,d100_median_borough_qnehvi,9,33404976.0,2880.897255255646,2.0344724722673888,2.4831148479128777,false
d100_delay_median_cap1,borough,d100_median_borough_qnehvi,10,38665971.333333336,3142.1783582523813,2.3548843229567549,2.7083193341702927,false
d100_delay_median_cap1,borough,d100_median_borough_qnehvi,11,34671403.99999999,3757.206575965385,2.1116020862538987,3.2384269929916889,false
d100_delay_median_cap1,borough,d100_median_borough_qnehvi,12,29861662.0,2512.514210741409,1.818673041859187,2.1655966143542567,false
d100_delay_median_cap1,borough,d100_median_borough_qnehvi,13,41742265.33333334,4230.863276263131,2.5422407054190974,3.6466831302687486,false
d100_delay_median_cap1,borough,d100_median_borough_qnehvi,14,35594818.666666664,3674.814832444148,2.167841064537293,3.1674115614938163,false
d100_delay_median_cap1,borough,d100_median_borough_qnehvi,15,40301175.99999999,3575.0291794959167,2.4544736440464181,3.0814038998209092,false
d100_delay_median_cap1,borough,d100_median_borough_qnehvi,16,27575115.333333336,3671.500828994738,1.6794148591893929,3.1645551419681808,false
d100_delay_median_cap1,borough,d100_median_borough_qnehvi,17,35152762.66666667,3125.673767185173,2.1409184059728741,2.6940936289449677,false
d100_delay_median_cap1,borough,d100_median_borough_qnehvi,18,30439904.666666668,2843.674327850232,1.8538899145677272,2.4510315087536809,false
d100_delay_median_cap1,borough,d100_median_borough_qnehvi,19,41843849.33333333,4591.4429258605705,2.548427503805744,3.9574754294863652,false
d100_delay_median_cap1,borough,d100_median_borough_qnehvi,20,34096783.333333336,3433.8377016575323,2.0766058052109413,2.9597075587314583,false
d100_delay_median_cap1,borough,d100_median_borough_qnehvi,21,45748507.33333334,5456.599080202179,2.7862339675678696,4.703174391394751,false
d100_delay_median_cap1,borough,d100_median_borough_qnehvi,22,41528404.66666667,4066.666646606533,2.529215890216892,3.5051580938122258,false
d100_delay_median_cap1,borough,d100_median_borough_qnehvi,23,23643377.33333333,3890.163482788564,1.4399591347138641,3.3530257586585011,false
d100_delay_median_cap1,borough,d100_median_borough_qnehvi,24,41459528.66666668,4490.322963169992,2.5250211161808358,3.8703176940553981,false
d100_delay_median_cap1,borough,d100_median_borough_qnehvi,25,43250122.66666666,4165.825801603304,2.6340741567220749,3.5906257617860793,false
d100_delay_median_cap1,borough,d100_median_borough_qnehvi,26,30733199.33333334,3587.1835553326405,1.8717525205937326,3.0918800495871754,false
d100_delay_median_cap1,borough,d100_median_borough_qnehvi,27,30380546.666666668,3304.542705331946,1.8502748179124007,2.8482650820686057,false
d100_delay_median_cap1,borough,d100_median_borough_qnehvi,28,30698177.33333333,3231.252650736086,1.8696195660625343,2.7850946158399603,false
d100_delay_median_cap1,borough,d100_median_borough_qnehvi,29,38988099.33333333,4492.229279741459,2.3745029734400407,3.8719607942995307,false
d100_delay_median_cap1,borough,d100_median_borough_qnehvi,30,52500441.33333333,4762.984057095917,3.1974488673350847,4.1053308690447121,false
d100_delay_median_cap1,borough,d100_median_borough_qnehvi,31,34125409.333333336,3696.3462163965582,2.0783492223890025,3.185969980781699,false
d100_delay_median_cap1,borough,d100_median_borough_qnehvi,32,36110406.66666666,3991.4317996666814,2.199242062790709,3.4403113641428535,false
d100_delay_median_cap1,borough,d100_median_borough_qnehvi,33,42977753.33333334,4297.224623122705,2.6174859720469397,3.7038815761396968,false
d100_delay_median_cap1,borough,d100_median_borough_qnehvi,34,29336856.000000004,3950.216715976115,1.7867106372078336,3.4047870891679946,false
d100_delay_median_cap1,borough,d100_median_borough_qnehvi,35,44815858.66666667,4879.4581196240615,2.7294326084341214,4.205722673553792,false
d100_delay_median_cap1,borough,d100_median_borough_qnehvi,36,28479723.33333333,3833.550403048126,1.7345084498626164,3.3042295794011181,false
d100_delay_median_cap1,borough,d100_median_borough_qnehvi,37,38994702.66666667,3930.032260112176,2.3749051380723962,3.3873896196951234,false
d100_delay_median_cap1,borough,d100_median_borough_qnehvi,38,27867217.33333333,2697.334479022686,1.6972048279082521,2.3248976625007156,false
d100_delay_median_cap1,borough,d100_median_borough_qnehvi,39,42423158.0,4027.578553882713,2.5837092994064732,3.4714671236667112,false
d100_delay_median_cap1,borough,d100_median_borough_qnehvi,40,42047462.0,4170.011856006939,2.560828182235757,3.5942338230679849,false
d100_delay_median_cap1,borough,d100_median_borough_qnehvi,41,40935341.99999999,4211.13847372707,2.4930964309584018,3.6296818470886238,false
d100_delay_median_cap1,borough,d100_median_borough_qnehvi,42,35276480.666666664,3961.278004326114,2.148453237469953,3.4143210804579729,false
d100_delay_median_cap1,borough,d100_median_borough_qnehvi,43,34279802.66666667,3125.2042741277746,2.0877522821777084,2.6936889615519566,false
d100_delay_median_cap1,borough,d100_median_borough_qnehvi,44,38030281.333333336,3035.79896847564,2.3161687194521856,2.6166283716465024,false
d100_delay_median_cap1,borough,d100_median_borough_qnehvi,45,35887620.66666667,3238.397110576554,2.1856736655493352,2.7912525981414182,false
d100_delay_median_cap1,borough,d100_median_borough_qnehvi,46,38274119.33333333,3488.3431163383398,2.3310192524593862,3.0066870906250913,false
d100_delay_median_cap1,borough,d100_median_borough_qnehvi,47,32170786.0,3588.6281269037822,1.9593062580917615,3.0931251606756156,false
d100_delay_median_cap1,borough,d100_median_borough_qnehvi,48,35738756.0,3907.3716049722416,2.1766073196724038,3.367857854326278,false
d100_delay_median_cap1,borough,d100_median_borough_qnehvi,49,32832718.0,2932.6276316893595,1.9996200853644681,2.5277025073916524,false
d100_delay_median_cap1,borough,d100_median_borough_qnehvi,50,39577661.33333333,4097.223629693075,2.4104092306304334,3.5314958947425414,false
d100_delay_median_cap1,borough,d100_median_borough_qnehvi,51,28774257.33333333,4029.4991848638874,1.7524465353486471,3.4731225618459161,false
d100_delay_median_cap1,borough,d100_median_borough_qnehvi,52,30861375.33333333,4145.715854393746,1.879558858895108,3.5732925131199904,false
d100_delay_median_cap1,borough,d100_median_borough_qnehvi,53,36781169.33333332,3504.189146334072,2.2400937065924582,3.020345166174677,false
d100_delay_median_cap1,borough,d100_median_borough_qnehvi,54,37517754.000000015,3417.6751682900112,2.284954125825438,2.9457766812898689,false
d100_delay_median_cap1,borough,d100_median_borough_qnehvi,55,38397587.33333333,3903.679310350972,2.3385388581374715,3.3646753765130843,false
d100_delay_median_cap1,borough,d100_median_borough_qnehvi,56,31448932.000000004,4347.845262393441,1.9153429847160797,3.747512726384536,false
d100_delay_median_cap1,borough,d100_median_borough_qnehvi,57,38648206.0,3569.6769889400366,2.3538023559579666,3.0767907176555549,false
d100_delay_median_cap1,borough,d100_median_borough_qnehvi,58,39352492.0,3239.327579811005,2.3966956805813195,2.792054592022795,false
d100_delay_median_cap1,borough,d100_median_borough_qnehvi,59,34386776.666666664,3766.50760495555,2.0942673492218615,3.2464437742719694,false
d100_delay_median_cap1,borough,d100_median_borough_qnehvi,60,43631492.66666667,3755.7273340912816,2.6573008390806745,3.2371519987326809,false
d100_delay_median_cap1,borough,d100_median_borough_qnehvi,61,33239846.666666664,4125.389645175789,2.0244155549078151,3.5557728630113949,false
d100_delay_median_cap1,borough,d100_median_borough_qnehvi,62,33788640.66666667,3450.2628697623563,2.0578389073432586,2.9738648073893716,false
d100_delay_median_cap1,borough,d100_median_borough_qnehvi,63,48947823.333333336,4956.67022807241,2.9810827928472112,4.2722736526201173,false
d100_delay_median_cap1,borough,d100_median_borough_qnehvi,64,27972769.33333333,2775.9353610959374,1.7036332904939691,2.3926456590594545,false
d100_delay_median_cap1,borough,d100_median_borough_qnehvi,65,37452117.333333336,3101.7134007282343,2.2809566378013564,2.6734416110355768,false
d100_delay_median_cap1,borough,d100_median_borough_qnehvi,66,30295131.999999996,2832.4784303235965,1.8450727848960851,2.4413814945668215,false
d100_delay_median_cap1,borough,d100_median_borough_qnehvi,67,30909932.0,2646.650139470342,1.8825161189655359,2.2812116074463447,false
d100_delay_median_cap1,borough,d100_median_borough_qnehvi,68,34331910.66666667,3302.494425614012,2.0909258300822149,2.8464996203635757,false
d100_delay_median_cap1,borough,d100_median_borough_qnehvi,69,29678284.0,2511.247065073424,1.8075047209174375,2.1645044309322681,false
d100_delay_median_cap1,borough,d100_median_borough_qnehvi,70,30081694.66666666,2665.473551860567,1.8320737520807091,2.2974359607131207,false
d100_delay_median_cap1,borough,d100_median_borough_qnehvi,71,32519659.33333333,2854.785759772102,1.9805537869920915,2.4606087199980018,false
d100_delay_median_cap1,borough,d100_median_borough_qnehvi,72,28038601.33333333,2578.4072729785235,1.7076426749579574,2.222391434411422,false
d100_delay_median_cap1,borough,d100_median_borough_qnehvi,73,28044037.33333333,2894.515568721179,1.7079737451661579,2.4948528008399062,false
d100_delay_median_cap1,borough,d100_median_borough_qnehvi,74,27682934.000000004,2798.7181975543817,1.6859813692006531,2.4122827354544309,false
d100_delay_median_cap1,borough,d100_median_borough_qnehvi,75,36205448.0,2955.5709613296044,2.2050303913437443,2.5474779167320305,false
d100_delay_median_cap1,borough,d100_median_borough_qnehvi,76,24348792.666666668,3235.2471293450785,1.4829212394368851,2.7885375533225676,false
d100_delay_median_cap1,borough,d100_median_borough_qnehvi,77,29694247.333333336,2902.554018365842,1.808476940212919,2.5017813345217128,false
d100_delay_median_cap1,borough,d100_median_borough_qnehvi,78,33600110.666666664,2637.4115659543786,2.0463568127236851,2.2732486580460587,false
d100_delay_median_cap1,borough,d100_median_borough_qnehvi,79,31749025.33333333,3508.197289369003,1.9336196518143469,3.0237998813556648,false
d100_delay_median_cap1,borough,d100_median_borough_qnehvi,80,30257726.666666668,2958.464020994608,1.8427946775571471,2.5499715146543314,false
d100_delay_median_cap1,borough,d100_median_borough_qnehvi,81,31144851.33333333,2793.6550121786577,1.8968234759554068,2.4079186538262989,false
d100_delay_median_cap1,borough,d100_median_borough_qnehvi,82,29469460.0,2473.581050457176,1.794786655215227,2.1320391842162723,false
d100_delay_median_cap1,borough,d100_median_borough_qnehvi,83,28141976.666666664,2747.10042503683,1.7139385714129685,2.3677921320076418,false
d100_delay_median_cap1,borough,d100_median_borough_qnehvi,84,38655376.0,3442.381035047071,2.3542390324467077,2.9670712638936378,false
d100_delay_median_cap1,borough,d100_median_borough_qnehvi,85,32487230.0,2750.044221234077,1.9785787343544052,2.3703294609711367,false
d100_delay_median_cap1,borough,d100_median_borough_qnehvi,86,31388860.666666668,3173.6452199816763,1.9116844437238913,2.7354413814542391,false
d100_delay_median_cap1,borough,d100_median_borough_qnehvi,87,32233796.000000004,2747.608154343276,1.9631437735109489,2.3682297561461829,false
d100_delay_median_cap1,borough,d100_median_borough_qnehvi,88,28185706.000000004,2674.52785460124,1.7166018310691735,2.3052400826865265,false
d100_delay_median_cap1,borough,d100_median_borough_qnehvi,89,32807320.0,2793.14730197918,1.998073263961254,2.4074810461565148,false
d100_delay_median_cap1,borough,d100_median_borough_qnehvi,90,27373596.0,2639.4126944998848,1.6671416716170882,2.2749734790180192,false
d100_delay_median_cap1,borough,d100_median_borough_qnehvi,91,28556119.33333333,2636.116605439888,1.7391612165340049,2.2721325003368151,false
d100_delay_median_cap1,borough,d100_median_borough_qnehvi,92,28106257.333333336,2523.1375494551075,1.7117631469973245,2.1747531262868738,false
d100_delay_median_cap1,borough,d100_median_borough_qnehvi,93,32519772.66666666,2974.8206975716826,1.9805606893633685,2.5640697288120724,false
d100_delay_median_cap1,borough,d100_median_borough_qnehvi,94,32537332.000000007,2833.3673054793794,1.9816301102873068,2.4421476375083087,false
d100_delay_median_cap1,borough,d100_median_borough_qnehvi,95,27611844.0,3575.4818851733185,1.6816517553115882,3.0817940977660947,false
d100_delay_median_cap1,borough,d100_median_borough_qnehvi,96,32134307.33333334,3493.2575764964818,1.9570845877885608,3.0109229824000918,false
d100_delay_median_cap1,borough,d100_median_borough_qnehvi,97,33763650.66666667,2624.033101854144,2.0563169344766425,2.2617174370735107,false
d100_delay_median_cap1,borough,d100_median_borough_qnehvi,98,33959877.99999999,2563.4681581159903,2.0682678219124866,2.2095150508950856,false
d100_delay_median_cap1,borough,d100_median_borough_qnehvi,99,27645048.666666668,2772.5513917124817,1.6836740282892473,2.3897289342072878,false
d100_delay_median_cap1,borough,d100_median_borough_qnehvi,100,31314900.000000004,2942.884936837043,1.9071799968305938,2.5365435261629123,false
d100_delay_median_cap1,borough,d100_median_borough_qnehvi,101,28241146.666666668,2753.398114035333,1.7199783492914131,2.3732202620914875,false
d100_delay_median_cap1,borough,d100_median_borough_qnehvi,102,28083588.666666664,2826.107448039921,1.7103825509353383,2.4358901912322359,false
d100_delay_median_cap1,borough,d100_median_borough_qnehvi,103,28921680.666666668,3040.8092687074,1.7614250993038068,2.6209468702931611,false
d100_delay_median_cap1,borough,d100_median_borough_qnehvi,104,29954058.0,2485.743177464796,1.8243002609461763,2.1425220149037361,false
d100_delay_median_cap1,borough,d100_median_borough_qnehvi,105,27644802.666666668,2478.3661255455754,1.6836590460833571,2.1361635558781584,false
d100_delay_median_cap1,borough,d100_median_borough_qnehvi,106,28304807.33333333,2632.415732892888,1.7238554924421674,2.2689426290024852,false
d100_delay_median_cap1,borough,d100_median_borough_qnehvi,107,29866754.0,2528.653670757684,1.8189831613404519,2.179507604317747,false
d100_delay_median_cap1,borough,d100_median_borough_qnehvi,108,28202109.333333336,2499.547184603045,1.7176008478060834,2.1544200216872649,false
d100_delay_median_cap1,borough,d100_median_borough_qnehvi,109,23782128.0,3915.559632767571,1.4484095048575845,3.3749153130248186,false
d100_delay_median_cap1,borough,d100_median_borough_qnehvi,110,27771554.666666668,2523.273714482953,1.6913786581197447,2.1748704902094476,false
d100_delay_median_cap1,borough,d100_median_borough_qnehvi,111,27943171.33333333,2621.595104777141,1.7018306753316599,2.2596160685745015,false
d100_delay_median_cap1,borough,d100_median_borough_qnehvi,112,27277154.0,2804.1684348244203,1.6612680378755036,2.4169804264481622,false
d100_delay_median_cap1,borough,d100_median_borough_qnehvi,113,28046809.333333336,2766.720290824661,1.7081425690471608,2.3847029676727955,false
d100_delay_median_cap1,borough,d100_median_borough_qnehvi,114,29486322.666666668,2498.1350497584435,1.7958136468569021,2.1532028685959883,false
d100_delay_median_cap1,borough,d100_median_borough_qnehvi,115,36411702.66666666,2963.157571135378,2.2175919762288823,2.5540169987557544,false
d100_delay_median_cap1,borough,d100_median_borough_qnehvi,116,28487084.0,2768.640935734663,1.7349567385759768,2.3863584178575925,false
d100_delay_median_cap1,borough,d100_median_borough_qnehvi,117,29518798.666666664,2618.275070069004,1.797791541647467,2.2567544505614596,false
d100_delay_median_cap1,borough,d100_median_borough_qnehvi,118,27701605.33333333,3664.3230220911983,1.6871185145674747,3.1583684170285404,false
d100_delay_median_cap1,borough,d100_median_borough_qnehvi,119,27994297.33333333,3597.429204380076,1.7049444162191596,3.1007110216844205,false
d100_delay_median_cap1,borough,d100_median_borough_qnehvi,120,38573587.33333333,3220.8664046347712,2.3492578347090771,2.7761424597499769,false
d100_delay_median_cap1,borough,d100_median_borough_qnehvi,121,28028312.666666668,2697.986199986244,1.7070160614525427,2.325459396522418,false
d100_delay_median_cap1,borough,d100_median_borough_qnehvi,122,27195882.666666668,2584.279946460871,1.6563183474326451,2.2274532333681041,false
d100_delay_median_cap1,borough,d100_median_borough_qnehvi,123,27643162.0,2755.2287395520816,1.6835591241085739,2.3747981223894596,false
d100_delay_median_cap1,borough,d100_median_borough_qnehvi,124,31639644.0,3496.559255449414,1.92695797028383,3.0137687791448773,false
d100_delay_median_cap1,borough,d100_median_borough_qnehvi,125,29733087.333333336,3347.0076549544606,1.8108424234517893,2.8848666466440767,false
d100_delay_median_cap1,borough,d100_median_borough_qnehvi,126,37981426.66666667,2958.1958545554453,2.3131933102055178,2.5497403755307189,false
d100_delay_median_cap1,borough,d100_median_borough_qnehvi,127,28123490.0,2551.520187530423,1.7128126728511104,2.1992168067944586,false
d100_delay_median_cap1,borough,d100_median_borough_qnehvi,128,27542689.333333336,2489.513739501502,1.6774400095626265,2.1457719532905499,false
d100_delay_median_cap1,borough,d100_median_borough_qnehvi,129,27983456.0,2462.691340017512,1.7042841435032223,2.1226530800666468,false
d100_delay_median_cap1,borough,d100_median_borough_qnehvi,130,27636410.66666667,2519.5871786118337,1.6831479457913747,2.1716929760019417,false
d100_delay_median_cap1,borough,d100_median_borough_qnehvi,131,23866189.33333333,3711.951879950991,1.4535291154404135,3.1994208786965244,false
d100_delay_median_cap1,borough,d100_median_borough_qnehvi,132,27674030.666666668,2505.635496907814,1.6854391270335558,2.1596676849474257,false
d100_delay_median_cap1,borough,d100_median_borough_qnehvi,133,27032655.333333336,2548.445399229951,1.6463772681039759,2.1965665725769203,false
d100_delay_median_cap1,borough,d100_median_borough_qnehvi,134,28139733.333333336,2507.756615804062,1.7138019450638646,2.1614959284975397,false
d100_delay_median_cap1,borough,d100_median_borough_qnehvi,135,27436776.000000004,2451.2687327805816,1.6709895405931909,2.1128076593109584,false
d100_delay_median_cap1,borough,d100_median_borough_qnehvi,136,27727043.333333336,2521.1942726543307,1.6886677721017278,2.1730781691294077,false
d100_delay_median_cap1,borough,d100_median_borough_qnehvi,137,27332956.000000004,2571.211142183793,1.6646665624814632,2.216188915667888,false
d100_delay_median_cap1,borough,d100_median_borough_qnehvi,138,27756510.666666664,2523.983707350954,1.6904624292359762,2.1754824501914389,false
d100_delay_median_cap1,borough,d100_median_borough_qnehvi,139,27530538.666666668,2474.6605341205664,1.6766999941573459,2.1329696172290271,false
d100_delay_median_cap1,borough,d100_median_borough_qnehvi,140,27557013.33333333,2557.080901889613,1.6783123880876927,2.2040097206566656,false
d100_delay_median_cap1,borough,d100_median_borough_qnehvi,141,28690825.333333336,2596.71183889214,1.7473652532274984,2.2381685813824852,false
d100_delay_median_cap1,borough,d100_median_borough_qnehvi,142,27819242.0,2539.0597861738397,1.6942829729422579,2.1884768862495521,false
d100_delay_median_cap1,borough,d100_median_borough_qnehvi,143,27445731.33333333,2576.045060112132,1.6715349497306389,2.2203553861518852,false
d100_delay_median_cap1,borough,d100_median_borough_qnehvi,144,26225662.0,2450.316191348772,1.5972287304139636,2.1119866408701711,false
d100_delay_median_cap1,borough,d100_median_borough_qnehvi,145,28925698.666666668,2559.4008939525384,1.7616698086666744,2.2060093777870891,false
d100_delay_median_cap1,borough,d100_median_borough_qnehvi,146,28842510.0,2527.5083205410174,1.7566033463426791,2.1785203993336482,false
d100_delay_median_cap1,borough,d100_median_borough_qnehvi,147,27663799.333333336,2496.301999290596,1.6848160053159629,2.15162291817416,false
d100_delay_median_cap1,borough,d100_median_borough_qnehvi,148,28429725.33333333,2516.605394699853,1.7314634078704165,2.1691229045106382,false
d100_delay_median_cap1,borough,d100_median_borough_qnehvi,149,24336466.666666664,3063.8815212431923,1.4821705456572167,2.6408334013875638,false
d100_delay_median_cap1,borough,d100_median_borough_qnehvi,150,28318287.333333336,2539.0233733181085,1.7246764686023113,2.1884455011307127,false
d100_delay_median_cap1,borough,d100_median_borough_qnehvi,151,27687737.33333333,2476.408620339878,1.686273907936253,2.1344763349152225,false
d100_delay_median_cap1,borough,d100_median_borough_qnehvi,152,27835450.666666664,2496.315009905041,1.6952701338414453,2.1516341323366395,false
d100_delay_median_cap1,borough,d100_median_borough_qnehvi,153,27385965.333333325,2616.8747758416234,1.6678950045387149,2.2555475031838288,false
d100_delay_median_cap1,borough,d100_median_borough_qnehvi,154,28896156.0,2455.26802512047,1.7598705634856358,2.1162547458643597,false
d100_delay_median_cap1,borough,d100_median_borough_qnehvi,155,28389062.0,2538.380427959345,1.7289868776583521,2.1878913310144994,false
d100_delay_median_cap1,borough,d100_median_borough_qnehvi,156,28312114.000000004,2627.2552455706364,1.7243004923786254,2.2644946804791659,false
d100_delay_median_cap1,borough,d100_median_borough_qnehvi,157,27641706.666666664,2535.010466679824,1.6834704895409383,2.1849866800850699,false
d100_delay_median_cap1,borough,d100_median_borough_qnehvi,158,27008036.000000004,2471.5683455096428,1.6448778700516551,2.1303043852641164,false
d100_delay_median_cap1,borough,d100_median_borough_qnehvi,159,26778985.33333333,2421.2684976560586,1.6309279340873888,2.0869497328810307,false
d100_delay_median_cap1,borough,d100_median_borough_qnehvi,160,26058332.0,2390.888614960866,1.5870377852450608,2.0607645790506872,false
d100_delay_median_cap1,borough,d100_median_borough_qnehvi,161,26959745.33333333,2601.5726208033707,1.6419368102526364,2.2423582065814482,false
d100_delay_median_cap1,borough,d100_median_borough_qnehvi,162,28141612.0,2561.316959867101,1.7139163620183298,2.2076608812252454,false
d100_delay_median_cap1,borough,d100_median_borough_qnehvi,163,27024475.333333336,2641.256647225696,1.6458790793065003,2.2765628263590107,false
d100_delay_median_cap1,borough,d100_median_borough_qnehvi,164,26645201.333333336,2540.938432932503,1.6227800502143452,2.1900961372144763,false
d100_delay_median_cap1,borough,d100_median_borough_qnehvi,165,27738618.0,2611.451084851795,1.6893727072200468,2.2508726930694571,false
d100_delay_median_cap1,borough,d100_median_borough_qnehvi,166,27881463.333333336,2526.8805797453165,1.6980724559777927,2.177979334397159,false
d100_delay_median_cap1,borough,d100_median_borough_qnehvi,167,26272874.000000004,2514.9558813697518,1.6001040958792969,2.1677011491757918,false
d100_delay_median_cap1,borough,d100_median_borough_qnehvi,168,28066898.0,2622.8004210071003,1.7093660346571311,2.2606549597121783,false
d100_delay_median_cap1,borough,d100_median_borough_qnehvi,169,28224080.66666666,2483.736459933916,1.7189389739836225,2.140792376650444,false
d100_delay_median_cap1,borough,d100_median_borough_qnehvi,170,28300248.66666667,2606.1727013872264,1.7235778547080896,2.2463231270167503,false
d100_delay_median_cap1,borough,d100_median_borough_qnehvi,171,27761892.0,2597.5063236313936,1.6907901700650896,2.2388533669467336,false
d100_delay_median_cap1,borough,d100_median_borough_qnehvi,172,28011682.000000004,2596.462657400112,1.7060031993708937,2.2379538058428334,false
d100_delay_median_cap1,borough,d100_median_borough_qnehvi,173,27429992.666666668,2499.842006809369,1.6705764133711605,2.1546741360596822,false
d100_delay_median_cap1,borough,d100_median_borough_qnehvi,174,25313577.33333333,2507.910407179709,1.5416797862473661,2.1616284849945315,false
d100_delay_median_cap1,borough,d100_median_borough_qnehvi,175,27348872.666666664,2660.0743785266022,1.6656359396240654,2.2927822829578437,false
d100_delay_median_cap1,borough,d100_median_borough_qnehvi,176,28010841.33333333,2608.227671492002,1.7059520000168904,2.2480943553276096,false
d100_delay_median_cap1,borough,d100_median_borough_qnehvi,177,27433520.0,2539.508700170207,1.6707912395266158,2.1888638160533769,false
d100_delay_median_cap1,borough,d100_median_borough_qnehvi,178,28828172.666666668,2573.869894145907,1.7557301557739333,2.2184805581282361,false
d100_delay_median_cap1,borough,d100_median_borough_qnehvi,179,27854152.0,2544.8887303145266,1.6964091063065465,2.1935009938316568,false
d100_delay_median_cap1,borough,d100_median_borough_qnehvi,180,27298374.0,2415.2320009973096,1.6625604053916938,2.0817467307762625,false
d100_delay_median_cap1,borough,d100_median_borough_qnehvi,181,27275904.666666664,2509.990005039798,1.661191949382719,2.1634209405618563,false
d100_delay_median_cap1,borough,d100_median_borough_qnehvi,182,29251302.0,2473.0350718097943,1.7815001183350654,2.1315685920479872,false
d100_delay_median_cap1,borough,d100_median_borough_qnehvi,183,28310900.66666667,2597.146555878047,1.7242265964037755,2.2385432744404814,false
d100_delay_median_cap1,borough,d100_median_borough_qnehvi,184,27087696.000000004,2488.460930743119,1.6497294250158259,2.1448645120219711,false
d100_delay_median_cap1,borough,d100_median_borough_qnehvi,185,27831898.0,2578.941452878837,1.6950537648029982,2.2228518569549562,false
d100_delay_median_cap1,borough,d100_median_borough_qnehvi,186,27020240.0,2585.787081794035,1.645621133631654,2.2287522696724245,false
d100_delay_median_cap1,borough,d100_median_borough_qnehvi,187,26821370.0,2508.16485797469,1.6335092991384987,2.1618478022735239,false
d100_delay_median_cap1,borough,d100_median_borough_qnehvi,188,28009427.33333333,2577.737414328154,1.7058658827846616,2.2218140670798725,false
d100_delay_median_cap1,borough,d100_median_borough_qnehvi,189,27268808.666666668,2533.2056839226016,1.6607597797364004,2.1834310942850066,false
d100_delay_median_cap1,borough,d100_median_borough_qnehvi,190,28251297.33333333,2613.788669870696,1.7205965581447429,2.2528875139930786,false
d100_delay_median_cap1,borough,d100_median_borough_qnehvi,191,28508256.0,2592.703253211537,1.7362461827349198,2.234713484674514,false
d100_delay_median_cap1,borough,d100_median_borough_qnehvi,192,25883861.33333333,2722.864431509014,1.5764119500835125,2.34690254447617,false
d100_delay_median_cap1,borough,d100_median_borough_qnehvi,193,24405728.0,2287.5274432794768,1.4863887877556154,1.9716750915198469,false
d100_delay_median_cap1,borough,d100_median_borough_qnehvi,194,26415364.0,2405.1518246662126,1.6087822036729793,2.0730583836053724,false
d100_delay_median_cap1,borough,d100_median_borough_qnehvi,195,24176438.66666666,2328.3818760773843,1.4724243162094837,2.0068885127893745,false
d100_delay_median_cap1,borough,d100_median_borough_qnehvi,196,25084905.33333333,2347.5997866356865,1.5277529123236033,2.023452893544754,false
d100_delay_median_cap1,borough,d100_median_borough_qnehvi,197,25812364.666666664,2344.84902102384,1.5720575688622176,2.0210819422998099,false
d100_delay_median_cap1,borough,d100_median_borough_qnehvi,198,24242536.0,2294.576783522546,1.4764498603426979,1.977751087945482,false
d100_delay_median_cap1,borough,d100_median_borough_qnehvi,199,24229336.0,2405.430356720254,1.4756459370998274,2.0732984571025259,false
d100_delay_median_cap1,borough,d100_median_borough_qnehvi,200,25770630.000000004,2381.6088363514336,1.5695157909404918,2.0527661139862392,false
d100_delay_median_cap1,borough,d100_median_borough_qnehvi,201,26199432.000000004,2398.3974170120146,1.5956312374851385,2.0672365966935344,false
d100_delay_median_cap1,borough,d100_median_borough_qnehvi,202,25688754.666666664,2470.981927178372,1.5645293149189436,2.1297989371566524,false
d100_delay_median_cap1,borough,d100_median_borough_qnehvi,203,24313853.33333333,2361.1788279852235,1.4807933195765011,2.0351569968875389,false
d100_delay_median_cap1,borough,d100_median_borough_qnehvi,204,25403310.666666668,2398.643483366929,1.5471448402115262,2.0674486872213538,false
d100_delay_median_cap1,borough,d100_median_borough_qnehvi,205,24892722.0,2396.376269954473,1.5160483177358011,2.0654945212830906,false
d100_delay_median_cap1,borough,d100_median_borough_qnehvi,206,25727713.333333336,2377.874427860009,1.5669020253465635,2.0495473372123327,false
d100_delay_median_cap1,borough,d100_median_borough_qnehvi,207,24727038.0,2293.1636308159573,1.505957619359154,1.9765330575344011,false
d100_delay_median_cap1,borough,d100_median_borough_qnehvi,208,24657505.33333333,2442.537561369816,1.5017228521718735,2.1052820520265634,false
d100_delay_median_cap1,borough,d100_median_borough_qnehvi,209,26186745.33333333,2422.015018073215,1.5948585779239348,2.0875931768388911,false
d100_delay_median_cap1,borough,d100_median_borough_qnehvi,210,25926752.0,2388.647115626446,1.5790241321922658,2.0588325766966529,false
d100_delay_median_cap1,borough,d100_median_borough_qnehvi,211,24040294.0,2369.363248977033,1.4641326600029552,2.0422113467951095,false
d100_delay_median_cap1,borough,d100_median_borough_qnehvi,212,24553410.0,2627.579426517216,1.495383105358161,2.264774099858109,false
d100_delay_median_cap1,borough,d100_median_borough_qnehvi,213,25205514.0,2502.1650884139717,1.5350983752345844,2.1566764561406151,false
d100_delay_median_cap1,borough,d100_median_borough_qnehvi,214,24883814.666666664,2463.4245700074075,1.5155058319555998,2.1232850686846096,false
d100_delay_median_cap1,borough,d100_median_borough_qnehvi,215,25318672.666666668,2333.509308081868,1.5419901087395511,2.0113079701368277,false
d100_delay_median_cap1,borough,d100_median_borough_qnehvi,216,24735069.33333333,2389.5102473730603,1.5064467538696014,2.0595765307727008,false
d100_delay_median_cap1,borough,d100_median_borough_qnehvi,217,25541967.33333333,2416.755539951807,1.5555894854473045,2.0830599057575587,false
d100_delay_median_cap1,borough,d100_median_borough_qnehvi,218,24900283.33333333,2346.5269077231505,1.5165088277065408,2.0225281533261046,false
d100_delay_median_cap1,borough,d100_median_borough_qnehvi,219,26338557.333333336,2484.934910466735,1.6041044260562569,2.1418253500781157,false
d100_delay_median_cap1,borough,d100_median_borough_qnehvi,220,24335288.666666668,2375.1539937474176,1.4820988015981187,2.0472025294183647,false
d100_delay_median_cap1,borough,d100_median_borough_qnehvi,221,25750549.33333333,2581.5519795617824,1.5682928125567286,2.2251019328837209,false
d100_delay_median_cap1,borough,d100_median_borough_qnehvi,222,27394754.0,2627.371902126843,1.6684302631301677,2.2645952295793794,false
d100_delay_median_cap1,borough,d100_median_borough_qnehvi,223,24814514.0,2387.41431900874,1.5112851943283456,2.057769999549794,false
d100_delay_median_cap1,borough,d100_median_borough_qnehvi,224,24680408.0,2445.329729489073,1.5031176996004383,2.1076886890915087,false
d100_delay_median_cap1,borough,d100_median_borough_qnehvi,225,25970692.666666664,2377.444393031541,1.5817002627407928,2.0491766798187929,false
d100_delay_median_cap1,borough,d100_median_borough_qnehvi,226,25589447.33333333,2528.0800005549354,1.5584811729905992,2.1790131441298142,false
d100_delay_median_cap1,borough,d100_median_borough_qnehvi,227,25857743.33333333,2339.834617381436,1.5748212783215965,2.0167599068245194,false
d100_delay_median_cap1,borough,d100_median_borough_qnehvi,228,27053109.33333333,2422.577584041444,1.6476229837107692,2.0880780660191949,false
d100_delay_median_cap1,borough,d100_median_borough_qnehvi,229,25209042.66666667,2682.4548343409947,1.5353132825944085,2.3120725377680049,false
d100_delay_median_cap1,borough,d100_median_borough_qnehvi,230,25184154.000000004,2323.132044556786,1.5337974812597577,2.0023635563460105,false
d100_delay_median_cap1,borough,d100_median_borough_qnehvi,231,25166606.000000004,2345.137205222413,1.5327287505729479,2.0213303352131997,false
d100_delay_median_cap1,borough,d100_median_borough_qnehvi,232,26185080.666666668,2512.333655820988,1.5947571942705288,2.165440989712335,false
d100_delay_median_cap1,borough,d100_median_borough_qnehvi,233,26429490.000000004,2542.929058248137,1.6096425233494032,2.1918119051992124,false
d100_delay_median_cap1,borough,d100_median_borough_qnehvi,234,25080276.0,2420.0161875683584,1.527470970758023,2.0858703366036084,false
d100_delay_median_cap1,borough,d100_median_borough_qnehvi,235,25428533.33333333,2328.002629506291,1.5486809832403523,2.0065616310201677,false
d100_delay_median_cap1,borough,d100_median_borough_qnehvi,236,24851468.0,2571.98810585993,1.5135358139887274,2.2168585994051284,false
d100_delay_median_cap1,borough,d100_median_borough_qnehvi,237,24983079.333333336,2381.6930772200144,1.5215513753441698,2.0528387232232377,false
d100_delay_median_cap1,borough,d100_median_borough_qnehvi,238,25106333.333333336,2275.3217583286123,1.5290579477211965,1.9611547171902357,false
d100_delay_median_cap1,borough,d100_median_borough_qnehvi,239,24080469.333333336,2445.501704626535,1.4665794694163441,2.107836918611504,false
d100_delay_median_cap1,borough,d100_median_borough_qnehvi,240,26200376.0,2541.190079930806,1.5956887301776588,2.190313037833469,false
d100_delay_median_cap1,borough,d100_median_borough_qnehvi,241,24194472.0,2488.6787867088524,1.4735226052862336,2.1450522873347602,false
d100_delay_median_cap1,borough,d100_median_borough_qnehvi,242,25094596.66666667,2307.4248404007376,1.5283431462721697,1.9888251381369162,false
d100_delay_median_cap1,borough,d100_median_borough_qnehvi,243,26045444.666666664,2482.6522371587484,1.5862529044264784,2.1398578588829142,false
d100_delay_median_cap1,borough,d100_median_borough_qnehvi,244,26561378.000000004,2616.8332152821054,1.617674934611198,2.2555116811349039,false
d100_delay_median_cap1,borough,d100_median_borough_qnehvi,245,25431792.0,2462.0156722155634,1.5488794467156632,2.1220707056872015,false
d100_delay_median_cap1,borough,d100_median_borough_qnehvi,246,25338038.666666668,2389.77583462162,1.5431695615820837,2.0598054468297078,false
d100_delay_median_cap1,borough,d100_median_borough_qnehvi,247,25385110.000000004,2477.1735559576528,1.5460363599865969,2.1351356513787754,false
d100_delay_median_cap1,borough,d100_median_borough_qnehvi,248,27068055.33333333,2629.38038612868,1.6485332440734919,2.2663263903966064,false
d100_delay_median_cap1,borough,d100_median_borough_qnehvi,249,25707784.0,2453.3592837387296,1.5656882636585643,2.1146095556177515,false
d100_delay_median_cap1,borough,d100_median_borough_qnehvi,250,24606900.66666666,2264.723776519716,1.4986408621922491,1.9520200609856202,false
d100_delay_median_cap1,borough,d100_median_borough_qnehvi,251,26136701.33333333,2559.033034611778,1.5918107343810401,2.2056923109464304,false
d100_delay_median_cap1,borough,d100_median_borough_qnehvi,252,27018670.666666668,2555.406065624157,1.6455255560905573,2.202566138872903,false
d100_delay_median_cap1,borough,d100_median_borough_qnehvi,253,25560534.0,2446.671697639677,1.5567202562712408,2.1088453638164095,false
d100_delay_median_cap1,borough,d100_median_borough_qnehvi,254,25403173.333333336,2473.480934339293,1.5471364761616258,2.1319528917188997,false
d100_delay_median_cap1,borough,d100_median_borough_qnehvi,255,25791314.0,2450.372908649326,1.5707755143007591,2.1120355268798621,false
d100_delay_median_cap1,borough,d100_median_borough_qnehvi,256,23546140.666666668,2140.042184328636,1.4340371031689723,1.8445539886478146,false
d100_delay_median_cap1,borough,d100_median_borough_qnehvi,257,25767597.33333334,2075.426444162529,1.5693310916055514,1.7888601232999153,false
d100_delay_median_cap1,borough,d100_median_borough_qnehvi,258,23000194.000000004,2371.509101524776,1.4007871626613224,2.0440609088761628,false
d100_delay_median_cap1,borough,d100_median_borough_qnehvi,259,23359065.33333333,2099.655140224381,1.4226436025148503,1.8097434209694163,false
d100_delay_median_cap1,borough,d100_median_borough_qnehvi,260,24812661.33333333,2141.406255769523,1.5111723608590559,1.8457297147318676,false
d100_delay_median_cap1,borough,d100_median_borough_qnehvi,261,22987553.333333336,2282.440745284529,1.4000173046508138,1.9672907437979481,false
d100_delay_median_cap1,borough,d100_median_borough_qnehvi,262,23941218.66666666,2112.078125535897,1.4580986476346363,1.8204510917223922,false
d100_delay_median_cap1,borough,d100_median_borough_qnehvi,263,23079208.000000004,2192.129379076872,1.4055993741092139,1.8894491984403614,false
d100_delay_median_cap1,borough,d100_median_borough_qnehvi,264,23171611.33333333,2109.26922256384,1.4112270398202265,1.8180300304840793,false
d100_delay_median_cap1,borough,d100_median_borough_qnehvi,265,23924806.0,2216.714397846722,1.4570990624671503,1.9106396192484143,false
d100_delay_median_cap1,borough,d100_median_borough_qnehvi,266,23478002.666666668,2270.387235495351,1.4298872757505854,1.956901532911524,false
d100_delay_median_cap1,borough,d100_median_borough_qnehvi,267,24652270.666666664,2214.694637054896,1.5014040438232363,1.9088987386938348,false
d100_delay_median_cap1,borough,d100_median_borough_qnehvi,268,24986882.666666664,2031.6576942079423,1.5217830108037944,1.7511347817631597,false
d100_delay_median_cap1,borough,d100_median_borough_qnehvi,269,23216690.0,2301.0989370479947,1.4139724782968131,1.9833726894204611,false
d100_delay_median_cap1,borough,d100_median_borough_qnehvi,270,24419720.0,2243.265057118881,1.4872409463930583,1.9335242730278228,false
d100_delay_median_cap1,borough,d100_median_borough_qnehvi,271,23265032.0,2324.7426333695294,1.4169166644639983,2.0037517617002663,false
d100_delay_median_cap1,borough,d100_median_borough_qnehvi,272,24139386.666666668,2181.9687128429587,1.4701677280280574,1.8806914750803596,false
d100_delay_median_cap1,borough,d100_median_borough_qnehvi,273,22929599.33333333,2196.143010413489,1.3964877161949565,1.8929086441209804,false
d100_delay_median_cap1,borough,d100_median_borough_qnehvi,274,23485713.33333333,1989.4915278285205,1.4303568806105367,1.7147907456732592,false
d100_delay_median_cap1,borough,d100_median_borough_qnehvi,275,23474090.666666668,2476.5484007509062,1.4296490221349711,2.1345968150237851,false
d100_delay_median_cap1,borough,d100_median_borough_qnehvi,276,23650567.33333333,2169.2966509249363,1.4403970292681247,1.8697691191910935,false
d100_delay_median_cap1,borough,d100_median_borough_qnehvi,277,24515960.666666668,2350.8553993707355,1.4931023182750798,2.0262589847049663,false
d100_delay_median_cap1,borough,d100_median_borough_qnehvi,278,23424180.0,2320.737541292662,1.4266092990288732,2.0002996762136407,false
d100_delay_median_cap1,borough,d100_median_borough_qnehvi,279,23751027.33333333,2211.1898090888512,1.4465153723725768,1.9058778429135399,false
d100_delay_median_cap1,borough,d100_median_borough_qnehvi,280,24084881.33333333,2303.903366799665,1.4668481746699455,1.9857898950822033,false
d100_delay_median_cap1,borough,d100_median_borough_qnehvi,281,22516144.666666664,3881.98405802274,1.3713069725277907,3.3459757151186449,false
d100_delay_median_cap1,borough,d100_median_borough_qnehvi,282,24127797.333333336,2363.482298058882,1.4694618996616904,2.0371424133168095,false
d100_delay_median_cap1,borough,d100_median_borough_qnehvi,283,25260366.666666668,2120.085253103075,1.5384390823305512,1.8273526281499479,false
d100_delay_median_cap1,borough,d100_median_borough_qnehvi,284,23069753.333333336,2510.493633196133,1.4050235539359617,2.1638550298201737,false
d100_delay_median_cap1,borough,d100_median_borough_qnehvi,285,24105400.0,2121.44836395563,1.4680978286885857,1.8285275262797427,false
d100_delay_median_cap1,borough,d100_median_borough_qnehvi,286,23266505.333333336,2094.4898372842536,1.4170063952906018,1.8052913217488697,false
d100_delay_median_cap1,borough,d100_median_borough_qnehvi,287,25218961.333333325,2169.3933460956696,1.535917361887712,1.8698524630915854,false
d100_delay_median_cap1,borough,d100_median_borough_qnehvi,288,26110694.666666664,2106.7281287539568,1.5902268431838495,1.8158398004237224,false
d100_delay_median_cap1,borough,d100_median_borough_qnehvi,289,25753235.33333333,2214.0706886863877,1.5684563987559974,1.9083609425418382,false
d100_delay_median_cap1,borough,d100_median_borough_qnehvi,290,24204984.0,2347.645394222101,1.4741628205232835,2.0234922038237984,false
d100_delay_median_cap1,borough,d100_median_borough_qnehvi,291,23791881.33333333,2386.575328186127,1.4490035148092608,2.0570468531185586,false
d100_delay_median_cap1,borough,d100_median_borough_qnehvi,292,26155722.666666668,2128.0462163302877,1.5929691958944538,1.8342143744191417,false
d100_delay_median_cap1,borough,d100_median_borough_qnehvi,293,24012943.333333336,2297.702816829619,1.462466914802854,1.9804454914705303,false
d100_delay_median_cap1,borough,d100_median_borough_qnehvi,294,23007697.333333336,2124.6724493597894,1.401244140242055,1.8313064432728436,false
d100_delay_median_cap1,borough,d100_median_borough_qnehvi,295,23650871.33333333,2267.0301815616463,1.4404155438640212,1.954008007134852,false
d100_delay_median_cap1,borough,d100_median_borough_qnehvi,296,23322480.0,1972.3222997883904,1.4204154358622119,1.699992173806153,false
d100_delay_median_cap1,borough,d100_median_borough_qnehvi,297,25035056.666666668,2233.509298483465,1.5247169652206163,1.9251155492956371,false
d100_delay_median_cap1,borough,d100_median_borough_qnehvi,298,23186635.333333336,3730.273372531136,1.4121420506384754,3.2152126151698353,false
d100_delay_median_cap1,borough,d100_median_borough_qnehvi,299,23482982.0,2319.8851863436776,1.4301905334627569,1.9995650109194671,false
d100_delay_median_cap1,borough,d100_median_borough_qnehvi,300,25231994.0,2149.738880582927,1.5367110939824031,1.8529118050887881,false
d100_delay_median_cap1,borough,d100_median_borough_qnehvi,301,24555292.0,2357.952966037156,1.4954977253235455,2.0323765486483834,false
d100_delay_median_cap1,borough,d100_median_borough_qnehvi,302,23840231.999999996,2106.249792836911,1.4519482288048373,1.8154275111566411,false
d100_delay_median_cap1,borough,d100_median_borough_qnehvi,303,23647455.33333333,2327.036714262714,1.4402074982732906,2.0057290853683654,false
d100_delay_median_cap1,borough,d100_median_borough_qnehvi,304,23629375.333333336,2346.106904450823,1.4391063670436619,2.022166142372821,false
d100_delay_median_cap1,borough,d100_median_borough_qnehvi,305,25600835.33333333,2101.947883821528,1.5591747394974027,1.8117195919897984,false
d100_delay_median_cap1,borough,d100_median_borough_qnehvi,306,24479720.666666664,2342.303360765085,1.4908951835537443,2.0188877763070021,false
d100_delay_median_cap1,borough,d100_median_borough_qnehvi,307,24329441.999999996,2351.607278538647,1.4817427204445837,2.0269070474993867,false
d100_delay_median_cap1,borough,d100_median_borough_qnehvi,308,24219757.333333336,2168.440427161873,1.4750625649203544,1.8690311192727278,false
d100_delay_median_cap1,borough,d100_median_borough_qnehvi,309,24055890.0,2358.578373677988,1.4650825074950617,2.0329156025824018,false
d100_delay_median_cap1,borough,d100_median_borough_qnehvi,310,23987452.0,2385.079812516233,1.4609144090938824,2.0557578320823429,false
d100_delay_median_cap1,borough,d100_median_borough_qnehvi,311,23507270.666666668,2151.815847574621,1.4316697928318225,1.854701993047172,false
d100_delay_median_cap1,borough,d100_median_borough_qnehvi,312,24064234.666666668,2393.131428256691,1.4655907250319813,2.0626977139397566,false
d100_delay_median_cap1,borough,d100_median_borough_qnehvi,313,24408022.0,2352.543301583301,1.4865284998707022,2.0277138283437672,false
d100_delay_median_cap1,borough,d100_median_borough_qnehvi,314,23250100.0,2207.2302586000023,1.4160072567471389,1.9024650108203489,false
d100_delay_median_cap1,borough,d100_median_borough_qnehvi,315,22989275.333333336,2283.4938099864,1.4001221800920427,1.9681984056703936,false
d100_delay_median_cap1,borough,d100_median_borough_qnehvi,316,24021386.0,2391.5572136945734,1.4629811008608191,2.0613408604296692,false
d100_delay_median_cap1,borough,d100_median_borough_qnehvi,317,24111818.666666668,2389.2731055120594,1.4684887465159775,2.0593721324814949,false
d100_delay_median_cap1,borough,d100_median_borough_qnehvi,318,23571311.33333333,2066.2005851193267,1.4355700792274473,1.7809081328104475,false
d100_delay_median_cap1,borough,d100_median_borough_qnehvi,319,23958115.33333333,2026.686894972336,1.4591277099876947,1.7468503299780744,false
d100_delay_median_cap1,borough,d100_median_borough_qnehvi,320,22981493.33333333,1848.5148429288024,1.3996482307984051,1.5932795397996704,false
d100_delay_median_cap1,borough,d100_median_borough_qnehvi,321,22594406.0,2240.0720831693634,1.3760733441099651,1.9307721717480626,false
d100_delay_median_cap1,borough,d100_median_borough_qnehvi,322,25075890.000000004,1960.1779094430383,1.5272038489895967,1.6895246307758072,false
d100_delay_median_cap1,borough,d100_median_borough_qnehvi,323,23544390.0,2025.0544445421776,1.4339304818338316,1.7454432815683427,false
d100_delay_median_cap1,borough,d100_median_borough_qnehvi,324,21645194.0,1910.9921077550557,1.3182632237151508,1.6471302016599763,false
d100_delay_median_cap1,borough,d100_median_borough_qnehvi,325,23510664.666666668,1781.2244014127934,1.4318764985504819,1.535280284829299,false
d100_delay_median_cap1,borough,d100_median_borough_qnehvi,326,22196938.0,1864.0771129481395,1.35186624081472,1.6066930357796985,false
d100_delay_median_cap1,borough,d100_median_borough_qnehvi,327,23131679.33333334,1746.575500688571,1.4087950502039923,1.5054155613667681,false
d100_delay_median_cap1,borough,d100_median_borough_qnehvi,328,23882173.33333334,2137.00096374595,1.4545025934035993,1.8419326872560799,false
d100_delay_median_cap1,borough,d100_median_borough_qnehvi,329,25388451.33333333,2131.729080975671,1.5462398581327208,1.8373887243086147,false
d100_delay_median_cap1,borough,d100_median_borough_qnehvi,330,23153394.666666668,2436.1534466520056,1.4101175851428815,2.0997794295301677,false
d100_delay_median_cap1,borough,d100_median_borough_qnehvi,331,22276726.666666668,2005.8522608118496,1.3567256320004004,1.7288924561454146,false
d100_delay_median_cap1,borough,d100_median_borough_qnehvi,332,22667861.333333336,2301.694876694467,1.3805470145478034,1.9838863441792054,false
d100_delay_median_cap1,borough,d100_median_borough_qnehvi,333,22475384.666666668,2006.8488754186571,1.368824554999049,1.7297514623190282,false
d100_delay_median_cap1,borough,d100_median_borough_qnehvi,334,22662553.333333336,2074.2116260521407,1.3802237399589277,1.7878130422622576,false
d100_delay_median_cap1,borough,d100_median_borough_qnehvi,335,22640236.666666668,2205.389089155663,1.3788645818500849,1.9008780624568065,false
d100_delay_median_cap1,borough,d100_median_borough_qnehvi,336,22536609.33333333,2260.485410507488,1.3725533377695276,1.9483669110662143,false
d100_delay_median_cap1,borough,d100_median_borough_qnehvi,337,22105222.666666664,2150.117056208328,1.346280476557578,1.8532377637840656,false
d100_delay_median_cap1,borough,d100_median_borough_qnehvi,338,22990556.000000004,2092.6502932986728,1.4002001768874752,1.8037057744074467,false
d100_delay_median_cap1,borough,d100_median_borough_qnehvi,339,23508189.33333333,2128.982292040647,1.4317257426413517,1.8350212006573638,false
d100_delay_median_cap1,borough,d100_median_borough_qnehvi,340,22448534.000000007,2342.451445867464,1.3671892614369352,2.0190154144293961,false
d100_delay_median_cap1,borough,d100_median_borough_qnehvi,341,22585788.666666668,2303.423484043416,1.3755485202797966,1.985376272557094,false
d100_delay_median_cap1,borough,d100_median_borough_qnehvi,342,21582104.666666668,1806.0240126407064,1.3144208766360703,1.5566556680541459,false
d100_delay_median_cap1,borough,d100_median_borough_qnehvi,343,24035269.333333336,1962.2643522959631,1.4638266413422725,1.691322986207598,false
d100_delay_median_cap1,borough,d100_median_borough_qnehvi,344,23107062.666666664,1765.1772493092476,1.407295814560406,1.5214488572827816,false
d100_delay_median_cap1,borough,d100_median_borough_qnehvi,345,23565020.0,1879.2208710403604,1.4351869164171971,1.6197458062328598,false
d100_delay_median_cap1,borough,d100_median_borough_qnehvi,346,22704883.33333333,1793.871543651468,1.3828017756309507,1.5461811618457315,false
d100_delay_median_cap1,borough,d100_median_borough_qnehvi,347,23462830.0,1588.6908580167535,1.4289632106453078,1.369330978773412,false
d100_delay_median_cap1,borough,d100_median_borough_qnehvi,348,23102815.333333336,2156.335339319754,1.4070371380462481,1.8585974520181181,false
d100_delay_median_cap1,borough,d100_median_borough_qnehvi,349,22649069.33333333,2037.3441682712337,1.3794025201856801,1.7560360909483699,false
d100_delay_median_cap1,borough,d100_median_borough_qnehvi,350,24348854.0,1741.190913276551,1.4829249748378117,1.5007744555695099,false
d100_delay_median_cap1,borough,d100_median_borough_qnehvi,351,22747006.666666664,2176.8795621850777,1.385367224625939,1.8763050133491073,false
d100_delay_median_cap1,borough,d100_median_borough_qnehvi,352,22836906.666666668,2034.2059772900843,1.3908424291360952,1.7533312084307229,false
d100_delay_median_cap1,borough,d100_median_borough_qnehvi,353,22640706.000000004,2261.0938693571848,1.3788931657876093,1.9488913564282524,false
d100_delay_median_cap1,borough,d100_median_borough_qnehvi,354,22507712.66666667,1905.0295689889392,1.3707934361047698,1.6419909456471526,false
d100_delay_median_cap1,borough,d100_median_borough_qnehvi,355,23977137.33333333,2287.7951272221376,1.4602862121032916,1.9719058147680835,false
d100_delay_median_cap1,borough,d100_median_borough_qnehvi,356,22494547.333333336,1972.452043053607,1.3699916241754664,1.7001040026565883,false
d100_delay_median_cap1,borough,d100_median_borough_qnehvi,357,23877439.333333336,2072.3783890214027,1.4542142772951328,1.7862329310373726,false
d100_delay_median_cap1,borough,d100_median_borough_qnehvi,358,21898286.666666668,2184.962754124685,1.3336773962404087,1.883272111494364,false
d100_delay_median_cap1,borough,d100_median_borough_qnehvi,359,24831842.666666668,2300.787511595482,1.5123405668966254,1.9831042643095893,false
d100_delay_median_cap1,borough,d100_median_borough_qnehvi,360,22792137.33333333,1814.8754601280211,1.3881158300728762,1.5642849441906603,false
d100_delay_median_cap1,borough,d100_median_borough_qnehvi,361,22556152.0,2201.1731860450595,1.373743550190816,1.8972442738542434,false
d100_delay_median_cap1,borough,d100_median_borough_qnehvi,362,23956458.0,2144.5499758471137,1.4590267729583122,1.8484393629111304,false
d100_delay_median_cap1,borough,d100_median_borough_qnehvi,363,23947453.333333336,2318.07949269812,1.4584783592592492,1.9980086400027721,false
d100_delay_median_cap1,borough,d100_median_borough_qnehvi,364,21940781.33333333,2050.418676555006,1.3362654606518751,1.7673053250695685,false
d100_delay_median_cap1,borough,d100_median_borough_qnehvi,365,23984297.33333333,2470.5645121441685,1.4607222795592731,2.1294391570682505,false
d100_delay_median_cap1,borough,d100_median_borough_qnehvi,366,23206961.33333333,1705.6004993498343,1.4133799706259438,1.4700982191631013,false
d100_delay_median_cap1,borough,d100_median_borough_qnehvi,367,23134776.66666666,1920.4998939743864,1.408983687950778,1.6553251919842344,false
d100_delay_median_cap1,borough,d100_median_borough_qnehvi,368,23241432.666666668,2127.1758021297287,1.4154793877531717,1.8334641434203445,false
d100_delay_median_cap1,borough,d100_median_borough_qnehvi,369,22561744.66666667,2103.805232658656,1.3740841619122526,1.8133204857623244,false
d100_delay_median_cap1,borough,d100_median_borough_qnehvi,370,24028412.666666668,1701.3720200499638,1.4634090478800039,1.4664535908396004,false
d100_delay_median_cap1,borough,d100_median_borough_qnehvi,371,23252397.333333336,1785.390841337879,1.4161471718731458,1.5388714399189309,false
d100_delay_median_cap1,borough,d100_median_borough_qnehvi,372,23869122.66666666,2489.3421993443253,1.4537077650499401,2.1456240986905559,false
d100_delay_median_cap1,borough,d100_median_borough_qnehvi,373,23159135.33333333,1843.1876134272773,1.4104672105491618,1.5886878721692668,false
d100_delay_median_cap1,borough,d100_median_borough_qnehvi,374,22197301.33333333,2300.264045949318,1.3518883690049912,1.9826530766401955,false
d100_delay_median_cap1,borough,d100_median_borough_qnehvi,375,22481025.33333333,4037.41442128269,1.3691680900777314,3.4799448950757501,false
d100_delay_median_cap1,borough,d100_median_borough_qnehvi,376,23548890.0,2339.289035638348,1.4342045465757196,2.0162896567576207,false
d100_delay_median_cap1,borough,d100_median_borough_qnehvi,377,23823180.0,2017.5957481765,1.4509097061429115,1.7390144512246359,false
d100_delay_median_cap1,borough,d100_median_borough_qnehvi,378,21851104.0,2083.5372991407103,1.3308038172711705,1.7958510648855093,false
d100_delay_median_cap1,borough,d100_median_borough_qnehvi,379,23138182.0,2049.6495225962344,1.4091910839065653,1.7666423727161402,false
d100_delay_median_cap1,borough,d100_median_borough_qnehvi,380,25229122.666666664,3018.6615815292944,1.5365362203759867,2.6018572443863173,false
d100_delay_median_cap1,borough,d100_median_borough_qnehvi,381,22502601.33333333,2043.775715062451,1.3704821391601689,1.761579596293166,false
d100_delay_median_cap1,borough,d100_median_borough_qnehvi,382,22942590.66666666,2147.801612665538,1.3972789309542402,1.8512420271328827,false
d100_delay_median_cap1,borough,d100_median_borough_qnehvi,383,22483131.333333336,1732.192192534168,1.3692963523769353,1.4930182410613846,false
d100_delay_median_cap1,borough,d100_median_borough_qnehvi,384,22207473.33333333,1491.789132975148,1.3525078771282091,1.2858090441399503,false
d100_delay_median_cap1,borough,d100_median_borough_qnehvi,385,20942068.0,1802.0382790126607,1.2754405468919292,1.553220268081595,false
d100_delay_median_cap1,borough,d100_median_borough_qnehvi,386,21503564.0,1516.7290290851531,1.309637492738807,1.3073053422891396,false
d100_delay_median_cap1,borough,d100_median_borough_qnehvi,387,22903160.0,1611.7007237049645,1.3948774741803609,1.3891637371387595,false
d100_delay_median_cap1,borough,d100_median_borough_qnehvi,388,22749290.66666667,1536.602469122813,1.3855063277082666,1.3244347397178731,false
d100_delay_median_cap1,borough,d100_median_borough_qnehvi,389,20453496.666666668,1990.4371857803817,1.2456849521444389,1.7156058310766102,false
d100_delay_median_cap1,borough,d100_median_borough_qnehvi,390,21249304.666666668,1750.9652809508395,1.294152266391579,1.5091992188812551,false
d100_delay_median_cap1,borough,d100_median_borough_qnehvi,391,20977948.66666667,1707.1621078659052,1.2776257970360978,1.4714442072179719,false
d100_delay_median_cap1,borough,d100_median_borough_qnehvi,392,22145541.33333333,1456.751257467717,1.3487360154405232,1.2556090539274896,false
d100_delay_median_cap1,borough,d100_median_borough_qnehvi,393,21091689.333333336,1762.9796288119337,1.2845529762476817,1.5195546751570559,false
d100_delay_median_cap1,borough,d100_median_borough_qnehvi,394,22718407.33333333,1626.4029667679351,1.3836254315352372,1.4018359551363593,false
d100_delay_median_cap1,borough,d100_median_borough_qnehvi,395,22605762.0,1459.9847582220273,1.3767649617119375,1.258396086238037,false
d100_delay_median_cap1,borough,d100_median_borough_qnehvi,396,21112912.666666668,1816.4722178445652,1.2858455467747922,1.5656612281894169,false
d100_delay_median_cap1,borough,d100_median_borough_qnehvi,397,21067044.666666668,1656.57975750416,1.2830520353123691,1.427846059107537,false
d100_delay_median_cap1,borough,d100_median_borough_qnehvi,398,20777287.33333333,2008.2783764123692,1.265404864474579,1.7309835837131937,false
d100_delay_median_cap1,borough,d100_median_borough_qnehvi,399,21707397.33333333,1644.1688273000332,1.3220516104917177,1.4171487789424577,false
d100_delay_median_cap1,borough,d100_median_borough_qnehvi,400,21114627.33333333,1843.141726540696,1.285949975591997,1.5886483211546698,false
d100_delay_median_cap1,borough,d100_median_borough_qnehvi,401,21016778.666666668,2130.616467090009,1.2799906712422082,1.836429735557995,false
d100_delay_median_cap1,borough,d100_median_borough_qnehvi,402,22628476.666666664,1657.198909042869,1.3781483593246182,1.4283797207562028,false
d100_delay_median_cap1,borough,d100_median_borough_qnehvi,403,21494974.666666668,1778.6875273084574,1.3091143742003657,1.5330936918349567,false
d100_delay_median_cap1,borough,d100_median_borough_qnehvi,404,21200088.666666664,1713.460304964515,1.2911548507611914,1.4768727752455573,false
d100_delay_median_cap1,borough,d100_median_borough_qnehvi,405,21204122.666666664,1558.9890901788292,1.2914005345764747,1.3437303084985306,false
d100_delay_median_cap1,borough,d100_median_borough_qnehvi,406,22034513.33333333,1373.9681212096446,1.341974046515567,1.1842562715871234,false
d100_delay_median_cap1,borough,d100_median_borough_qnehvi,407,21974649.33333333,1738.099678354681,1.3383281328025975,1.4981100456122025,false
d100_delay_median_cap1,borough,d100_median_borough_qnehvi,408,21425012.666666664,1802.1027624022497,1.3048534592065999,1.553275847870788,false
d100_delay_median_cap1,borough,d100_median_borough_qnehvi,409,21181973.333333336,1806.7090455091468,1.290051567615812,1.5572461144103391,false
d100_delay_median_cap1,borough,d100_median_borough_qnehvi,410,20898969.33333333,1980.9800210482067,1.272815696901773,1.70745447263341,false
d100_delay_median_cap1,borough,d100_median_borough_qnehvi,411,20788354.666666664,1874.101860794356,1.2660789013308866,1.6153336078022207,false
d100_delay_median_cap1,borough,d100_median_borough_qnehvi,412,22423914.000000004,1564.2323247503268,1.3656898227824299,1.3482495788723086,false
d100_delay_median_cap1,borough,d100_median_borough_qnehvi,413,22123582.666666664,1495.501582968048,1.3473986607044797,1.2890088943542148,false
d100_delay_median_cap1,borough,d100_median_borough_qnehvi,414,20496118.666666664,1991.889279674081,1.2482807715730468,1.7168574258363438,false
d100_delay_median_cap1,borough,d100_median_borough_qnehvi,415,20249690.0,1916.2061965434589,1.2332724584788872,1.6516243505801436,false
d100_delay_median_cap1,borough,d100_median_borough_qnehvi,416,22932434.0,2277.461311812649,1.3966603566812541,1.9629988499563118,false
d100_delay_median_cap1,borough,d100_median_borough_qnehvi,417,21178706.000000004,2003.5829000806195,1.2898525763121098,1.726936439381294,false
d100_delay_median_cap1,borough,d100_median_borough_qnehvi,418,21214372.666666668,1626.3759858198594,1.2920247931552191,1.401812699606279,false
d100_delay_median_cap1,borough,d100_median_borough_qnehvi,419,21678402.666666664,1832.9221361797968,1.3202857403059138,1.5798398096680342,false
d100_delay_median_cap1,borough,d100_median_borough_qnehvi,420,20517600.666666668,1901.638767159351,1.2495890957475426,1.6390683317448269,false
d100_delay_median_cap1,borough,d100_median_borough_qnehvi,421,22757763.33333333,1747.0891143548,1.3860223408645103,1.5058582573769701,false
d100_delay_median_cap1,borough,d100_median_borough_qnehvi,422,21725145.33333333,2074.032662952339,1.3231325218337227,1.7876587896489315,false
d100_delay_median_cap1,borough,d100_median_borough_qnehvi,423,21454566.666666668,1584.0782829431218,1.3066533946247663,1.3653552890359342,false
d100_delay_median_cap1,borough,d100_median_borough_qnehvi,424,21443507.33333333,1702.6206149208044,1.305979844994666,1.4675297848819795,false
d100_delay_median_cap1,borough,d100_median_borough_qnehvi,425,21690682.666666664,1816.8421938774345,1.3210336325348875,1.5659801194580709,false
d100_delay_median_cap1,borough,d100_median_borough_qnehvi,426,20516657.33333333,1952.2795282797751,1.2495316436572059,1.6827168254973668,false
d100_delay_median_cap1,borough,d100_median_borough_qnehvi,427,20575875.333333336,1970.708327426938,1.2531382138538956,1.6986010520896351,false
d100_delay_median_cap1,borough,d100_median_borough_qnehvi,428,22017676.0,1407.8917528967634,1.3409485977568838,1.213495868168966,false
d100_delay_median_cap1,borough,d100_median_borough_qnehvi,429,21693641.33333333,1824.3615370425723,1.3212138250274055,1.572461222741377,false
d100_delay_median_cap1,borough,d100_median_borough_qnehvi,430,21873181.333333336,1498.0070086080711,1.3321483991959633,1.2911683811584502,false
d100_delay_median_cap1,borough,d100_median_borough_qnehvi,431,21756079.33333333,1838.1037650571636,1.3250165037727344,1.584305980607762,false
d100_delay_median_cap1,borough,d100_median_borough_qnehvi,432,21196598.000000004,2126.648240105007,1.2909422577258551,1.8330094249834439,false
d100_delay_median_cap1,borough,d100_median_borough_qnehvi,433,21667618.000000004,1842.970542276508,1.3196289187756156,1.5885007733074292,false
d100_delay_median_cap1,borough,d100_median_borough_qnehvi,434,21585660.0,1809.5570597671604,1.3146374080832535,1.559700886609604,false
d100_delay_median_cap1,borough,d100_median_borough_qnehvi,435,21431823.33333333,1639.3518750330863,1.3052682511181737,1.4129969315713224,false
d100_delay_median_cap1,borough,d100_median_borough_qnehvi,436,21704907.33333334,1833.4664186094344,1.3218999613345406,1.5803089398253232,false
d100_delay_median_cap1,borough,d100_median_borough_qnehvi,437,21190910.666666668,2512.0008280464644,1.290595880494293,2.1651541174237767,false
d100_delay_median_cap1,borough,d100_median_borough_qnehvi,438,21362642.0,1952.7769233614056,1.301054881281853,1.6831455423182191,false
d100_delay_median_cap1,borough,d100_median_borough_qnehvi,439,21112000.666666664,1735.7453526070535,1.2857900029871028,1.4960807954506106,false
d100_delay_median_cap1,borough,d100_median_borough_qnehvi,440,21973743.333333336,1605.976476774327,1.3382729544345644,1.3842298706078879,false
d100_delay_median_cap1,borough,d100_median_borough_qnehvi,441,21186562.666666668,1548.4851339251554,1.2903310730503532,1.3346766951883915,false
d100_delay_median_cap1,borough,d100_median_borough_qnehvi,442,21607032.0,1817.906448710464,1.3159390328973919,1.5668974263745312,false
d100_delay_median_cap1,borough,d100_median_borough_qnehvi,443,21898304.000000004,1442.013201869988,1.3336784518971923,1.2429059682421799,false
d100_delay_median_cap1,borough,d100_median_borough_qnehvi,444,20719738.0,2008.2804948241785,1.2618999215443998,1.7309854096234401,false
d100_delay_median_cap1,borough,d100_median_borough_qnehvi,445,21619635.33333333,1822.8708560621349,1.3167066171855968,1.5711763688406442,false
d100_delay_median_cap1,borough,d100_median_borough_qnehvi,446,21028784.666666664,1887.998518867697,1.2807218759735641,1.6273114726619722,false
d100_delay_median_cap1,borough,d100_median_borough_qnehvi,447,21731056.0,1823.7357191980195,1.3234925007969196,1.5719218152428756,false
d100_delay_median_cap1,borough,d100_median_borough_qnehvi,448,19194670.66666666,1909.729838285328,1.1690183248618906,1.6460422211509076,false
d100_delay_median_cap1,borough,d100_median_borough_qnehvi,449,21890333.33333333,1338.6602075122412,1.3331930121854869,1.1538235289438705,false
d100_delay_median_cap1,borough,d100_median_borough_qnehvi,450,19899461.333333336,1699.11174394479,1.2119423853385192,1.464505404333851,false
d100_delay_median_cap1,borough,d100_median_borough_qnehvi,451,21541506.0,1319.273394046625,1.3119482848358515,1.1371135666977796,false
d100_delay_median_cap1,borough,d100_median_borough_qnehvi,452,21999470.000000004,1397.0569786771837,1.3398397927144825,1.2041571148728041,false
d100_delay_median_cap1,borough,d100_median_borough_qnehvi,453,19252311.333333336,2066.4645392414022,1.1725288302912757,1.7811356412363373,false
d100_delay_median_cap1,borough,d100_median_borough_qnehvi,454,21874279.33333333,1351.9956149878342,1.3322152709929835,1.1653176383728701,false
d100_delay_median_cap1,borough,d100_median_borough_qnehvi,455,19466602.0,1906.09283508454,1.1855798339021495,1.642907400346969,false
d100_delay_median_cap1,borough,d100_median_borough_qnehvi,456,22023310.0,1364.5582623603557,1.341291726813727,1.1761456872256688,false
d100_delay_median_cap1,borough,d100_median_borough_qnehvi,457,19210058.0,1985.2073455640464,1.1699554638704108,1.7110981056206944,false
d100_delay_median_cap1,borough,d100_median_borough_qnehvi,458,19135426.666666664,1921.943125246936,1.1654101711800258,1.6565691478369819,false
d100_delay_median_cap1,borough,d100_median_borough_qnehvi,459,21908484.66666667,1438.85821151324,1.334298487848802,1.2401866059374078,false
d100_delay_median_cap1,borough,d100_median_borough_qnehvi,460,21694747.33333333,1428.2377969342444,1.321281184050634,1.2310326143870378,false
d100_delay_median_cap1,borough,d100_median_borough_qnehvi,461,19771653.333333336,1885.6822447916425,1.2041584594427019,1.6253150201541318,false
d100_delay_median_cap1,borough,d100_median_borough_qnehvi,462,19032199.333333336,1779.3330973433538,1.159123288409859,1.5336501242228509,false
d100_delay_median_cap1,borough,d100_median_borough_qnehvi,463,21480960.0,1331.8377082024867,1.3082608350886673,1.1479430521913514,false
d100_delay_median_cap1,borough,d100_median_borough_qnehvi,464,21828862.666666668,1445.952352778082,1.3294492472091175,1.246301217444564,false
d100_delay_median_cap1,borough,d100_median_borough_qnehvi,465,19512315.33333333,1953.8390719486915,1.1883639256578882,1.6840610338106585,false
d100_delay_median_cap1,borough,d100_median_borough_qnehvi,466,21494232.66666667,1390.870402200639,1.309069183969592,1.1988247553522999,false
d100_delay_median_cap1,borough,d100_median_borough_qnehvi,467,19395339.333333336,1894.24693986078,1.1812397040474329,1.6326971374633219,false
d100_delay_median_cap1,borough,d100_median_borough_qnehvi,468,19816566.0,2069.36783580932,1.2068937879754766,1.7836380625922319,false
d100_delay_median_cap1,borough,d100_median_borough_qnehvi,469,22111945.333333336,1423.009862054006,1.3466899089808664,1.2265265311862712,false
d100_delay_median_cap1,borough,d100_median_borough_qnehvi,470,19570229.33333333,1672.6296855309847,1.1918910779827061,1.4416798792893,false
d100_delay_median_cap1,borough,d100_median_borough_qnehvi,471,21992754.666666668,1371.3972646415154,1.3394308069152181,1.1820403882873876,false
d100_delay_median_cap1,borough,d100_median_borough_qnehvi,472,21725832.0,1371.535532988839,1.323174342083226,1.1821595651117638,false
d100_delay_median_cap1,borough,d100_median_borough_qnehvi,473,21501910.666666664,1529.253917702869,1.3095367993225282,1.3181008459602161,false
d100_delay_median_cap1,borough,d100_median_borough_qnehvi,474,21531271.33333333,1309.6602579910025,1.3113249601073391,1.128827772807985,false
d100_delay_median_cap1,borough,d100_median_borough_qnehvi,475,19666921.33333333,1994.0420416366028,1.1977799375432843,1.7187129433086892,false
d100_delay_median_cap1,borough,d100_median_borough_qnehvi,476,19018483.333333336,1902.7145697162432,1.1582879390765854,1.6399955919230818,false
d100_delay_median_cap1,borough,d100_median_borough_qnehvi,477,19136361.333333336,1920.2798857804212,1.1654670954419706,1.6551355616140082,false
d100_delay_median_cap1,borough,d100_median_borough_qnehvi,478,21844918.666666664,1454.482566089605,1.3304271102081726,1.2536536140949703,false
d100_delay_median_cap1,borough,d100_median_borough_qnehvi,479,19523566.000000004,1649.3336290709258,1.1890491281147919,1.4216004461931495,false
d100_delay_median_cap1,borough,d100_median_borough_qnehvi,480,21523212.666666664,1593.8713811906853,1.3108341609073484,1.3737961966806731,false
d100_delay_median_cap1,borough,d100_median_borough_qnehvi,481,20025016.000000004,1991.376434412961,1.2195890758524726,1.7164153921330432,false
d100_delay_median_cap1,borough,d100_median_borough_qnehvi,482,19398410.0,2096.7731962329663,1.1814267177068603,1.8072594039143548,false
d100_delay_median_cap1,borough,d100_median_borough_qnehvi,483,19366405.333333336,1892.9431858736357,1.1794775286603714,1.6315734004478495,false
d100_delay_median_cap1,borough,d100_median_borough_qnehvi,484,20261605.33333333,1756.327551072967,1.2339981413132213,1.5138210888679351,false
d100_delay_median_cap1,borough,d100_median_borough_qnehvi,485,20106812.0,1606.363590835575,1.2245707202141261,1.3845635335566675,false
d100_delay_median_cap1,borough,d100_median_borough_qnehvi,486,19397750.66666667,1899.017364042124,1.1813865621469011,1.6368088811549542,false
d100_delay_median_cap1,borough,d100_median_borough_qnehvi,487,21303658.666666664,1356.0969422510686,1.2974626030539256,1.1688526712883649,false
d100_delay_median_cap1,borough,d100_median_borough_qnehvi,488,19189522.0,1534.679096766712,1.1687047541949873,1.3227769386814816,false
d100_delay_median_cap1,borough,d100_median_borough_qnehvi,489,21435667.333333336,1474.9093643665817,1.3055023633110221,1.2712599643403149,false
d100_delay_median_cap1,borough,d100_median_borough_qnehvi,490,21543158.666666668,1472.816093219019,1.3120489376499467,1.2694557234366386,false
d100_delay_median_cap1,borough,d100_median_borough_qnehvi,491,20479110.0,1427.3542875621874,1.2472448880530793,1.2302710963439969,false
d100_delay_median_cap1,borough,d100_median_borough_qnehvi,492,19788710.000000004,2032.8987469267936,1.2051972663199162,1.7522044750427797,false
d100_delay_median_cap1,borough,d100_median_borough_qnehvi,493,19819531.33333333,2003.517625430114,1.2070743864898341,1.7268801775852285,false
d100_delay_median_cap1,borough,d100_median_borough_qnehvi,494,22380496.66666666,1432.6430967287042,1.3630455649483288,1.23482964856074,false
d100_delay_median_cap1,borough,d100_median_borough_qnehvi,495,19675782.0,2294.0545971190504,1.1983195811706073,1.9773010028862064,false
d100_delay_median_cap1,borough,d100_median_borough_qnehvi,496,21025238.0,1949.6699692398436,1.2805058723547729,1.6804675836034608,false
d100_delay_median_cap1,borough,d100_median_borough_qnehvi,497,19961963.33333333,1923.0617675008536,1.21574896189351,1.6575333325836399,false
d100_delay_median_cap1,borough,d100_median_borough_qnehvi,498,21437904.666666664,1439.4781264034975,1.3056386242404701,1.2407209255371898,false
d100_delay_median_cap1,borough,d100_median_borough_qnehvi,499,19689303.333333336,2193.17801126182,1.1991430746661578,1.8903530398195334,false
d100_delay_median_cap1,borough,d100_median_borough_qnehvi,500,21817644.666666668,1588.5544397299425,1.3287660342592298,1.3692133965608255,false
d100_delay_median_cap1,borough,d100_median_borough_qnehvi,501,19705219.33333333,2193.132151832616,1.2001124112065762,1.8903135124711128,false
d100_delay_median_cap1,borough,d100_median_borough_qnehvi,502,19238682.000000004,2059.129822552566,1.1716987592419201,1.7748136719671945,false
d100_delay_median_cap1,borough,d100_median_borough_qnehvi,503,21420248.0,1414.359286046655,1.304563275397671,1.2190703910244989,false
d100_delay_median_cap1,borough,d100_median_borough_qnehvi,504,21558798.0,1478.2749183694764,1.3130014242840118,1.2741608165316918,false
d100_delay_median_cap1,borough,d100_median_borough_qnehvi,505,21666144.0,1490.1957515516035,1.3195391473468279,1.2844356702495852,false
d100_delay_median_cap1,borough,d100_median_borough_qnehvi,506,20515240.0,1977.2672558869976,1.2494453234140575,1.7042543507679759,false
d100_delay_median_cap1,borough,d100_median_borough_qnehvi,507,20041118.000000004,2012.095277536076,1.2205697404022227,1.7342734628770551,false
d100_delay_median_cap1,borough,d100_median_borough_qnehvi,508,22042601.333333336,1405.2021651813377,1.3424666322116534,1.2111776476289053,false
d100_delay_median_cap1,borough,d100_median_borough_qnehvi,509,19501335.333333336,1597.5186948118162,1.1876952076876826,1.3769399042846504,false
d100_delay_median_cap1,borough,d100_median_borough_qnehvi,510,19952788.666666664,1601.9692905855309,1.2151901946375314,1.3807759801556687,false
d100_delay_median_cap1,borough,d100_median_borough_qnehvi,511,21546566.000000004,1452.5096607359533,1.3122564554122857,1.2519531193729732,false
d100_delay_median_cap1,borough,d100_median_borough_qnehvi,512,20986733.33333334,1288.2345150990664,1.2781608120144465,1.1103604080987881,false
d100_delay_median_cap1,borough,d100_median_borough_qnehvi,513,18390071.33333333,1775.0607329263,1.120015589614562,1.5299676702580911,false
d100_delay_median_cap1,borough,d100_median_borough_qnehvi,514,18775553.333333336,1293.4781137709715,1.1434927062439706,1.1148799922994919,false
d100_delay_median_cap1,borough,d100_median_borough_qnehvi,515,20750897.333333336,1397.9794163204492,1.2637976270215983,1.204952186131971,false
d100_delay_median_cap1,borough,d100_median_borough_qnehvi,516,21520808.0,1189.6514413659154,1.3106877088297204,1.025389278464401,false
d100_delay_median_cap1,borough,d100_median_borough_qnehvi,517,20441424.0,1309.1023123917128,1.2449496871946844,1.1283468660351397,false
d100_delay_median_cap1,borough,d100_median_borough_qnehvi,518,18402346.666666664,1694.2682694624054,1.1207631976282477,1.4603306968253635,false
d100_delay_median_cap1,borough,d100_median_borough_qnehvi,519,18426616.000000004,1890.8468216547824,1.122241279533978,1.6297664935514056,false
d100_delay_median_cap1,borough,d100_median_borough_qnehvi,520,18682847.33333333,1987.7292254433855,1.1378466071414284,1.7132717747307666,false
d100_delay_median_cap1,borough,d100_median_borough_qnehvi,521,21557410.666666664,1392.880291964421,1.3129169311391429,1.200557127829663,false
d100_delay_median_cap1,borough,d100_median_borough_qnehvi,522,18194266.66666666,1700.7554169556822,1.1080904439633623,1.4659221257566692,false
d100_delay_median_cap1,borough,d100_median_borough_qnehvi,523,20897308.666666668,1517.9415483724745,1.2727145568614708,1.3083504419157357,false
d100_delay_median_cap1,borough,d100_median_borough_qnehvi,524,21089666.666666664,1208.3178965782608,1.2844297892214762,1.0414783465528645,false
d100_delay_median_cap1,borough,d100_median_borough_qnehvi,525,18641811.333333336,1712.6515068834851,1.1353473803085175,1.4761756526667131,false
d100_delay_median_cap1,borough,d100_median_borough_qnehvi,526,18235473.33333333,1818.2603154099825,1.1106000649553736,1.5672024326201213,false
d100_delay_median_cap1,borough,d100_median_borough_qnehvi,527,18250250.666666668,1779.3472140068125,1.111500052965549,1.5336622917156602,false
d100_delay_median_cap1,borough,d100_median_borough_qnehvi,528,20787691.33333333,1367.5291132935197,1.2660385021578231,1.1787063353187648,false
d100_delay_median_cap1,borough,d100_median_borough_qnehvi,529,18395870.000000004,1877.632026675668,1.1203687474108499,1.6183763429429794,false
d100_delay_median_cap1,borough,d100_median_borough_qnehvi,530,20482700.0,1189.174332347786,1.24746353081383,1.0249780466910956,false
d100_delay_median_cap1,borough,d100_median_borough_qnehvi,531,18470813.333333336,1897.7102547946188,1.1249330419233388,1.6356822521596286,false
d100_delay_median_cap1,borough,d100_median_borough_qnehvi,532,20852428.0,1523.4291401997375,1.2699811772335272,1.3130803297035434,false
d100_delay_median_cap1,borough,d100_median_borough_qnehvi,533,18372129.333333336,1467.9957299037103,1.1189228630370183,1.2653009360006267,false
d100_delay_median_cap1,borough,d100_median_borough_qnehvi,534,21214352.0,1201.4966809911823,1.2920235344875155,1.0355989762718907,false
d100_delay_median_cap1,borough,d100_median_borough_qnehvi,535,18720626.666666664,1737.5580722317566,1.1401474923055814,1.4976432222282374,false
d100_delay_median_cap1,borough,d100_median_borough_qnehvi,536,18807866.0,1374.4126392441367,1.1454606534994598,1.1846394124053525,false
d100_delay_median_cap1,borough,d100_median_borough_qnehvi,537,18426348.666666664,1948.043488865916,1.1222249980582004,1.6790656809292261,false
d100_delay_median_cap1,borough,d100_median_borough_qnehvi,538,18896233.333333336,1411.2577642453894,1.1508425135886378,1.2163971145576624,false
d100_delay_median_cap1,borough,d100_median_borough_qnehvi,539,21584456.0,1277.4366701364231,1.3145640805389796,1.1010534850201232,false
d100_delay_median_cap1,borough,d100_median_borough_qnehvi,540,21015714.666666664,1290.374145172338,1.2799258701565706,1.1122046068789735,false
d100_delay_median_cap1,borough,d100_median_borough_qnehvi,541,20726274.666666664,1366.3122163735816,1.2622980259583567,1.1776574625050034,false
d100_delay_median_cap1,borough,d100_median_borough_qnehvi,542,21948259.33333333,1356.5779974421105,1.3367208953496166,1.1692673043633082,false
d100_delay_median_cap1,borough,d100_median_borough_qnehvi,543,18325504.0,1699.8736308933865,1.1160832274935901,1.4651620930758875,false
d100_delay_median_cap1,borough,d100_median_borough_qnehvi,544,18213217.333333336,1953.2619420808128,1.1092446016452739,1.6835635916538831,false
d100_delay_median_cap1,borough,d100_median_borough_qnehvi,545,18508580.0,1966.359534368926,1.1272331556459956,1.6948527224353407,false
d100_delay_median_cap1,borough,d100_median_borough_qnehvi,546,20896159.333333336,1394.9099501270898,1.2726445586962836,1.2023065391669525,false
d100_delay_median_cap1,borough,d100_median_borough_qnehvi,547,18674946.0,1948.0824415968293,1.1373653900568581,1.6790992552277617,false
d100_delay_median_cap1,borough,d100_median_borough_qnehvi,548,18286778.0,1813.1642813520125,1.1137246872281812,1.5628100379202652,false
d100_delay_median_cap1,borough,d100_median_borough_qnehvi,549,20912618.666666664,1367.9390318021567,1.2736469860166486,1.1790596539709222,false
d100_delay_median_cap1,borough,d100_median_borough_qnehvi,550,19063087.33333333,1721.1426692771545,1.1610044687981753,1.4834943903888915,false
d100_delay_median_cap1,borough,d100_median_borough_qnehvi,551,18804486.666666668,2122.6055560029167,1.1452548410288481,1.8295249380233454,false
d100_delay_median_cap1,borough,d100_median_borough_qnehvi,552,20562492.666666668,1299.9195240649024,1.2523231656126137,1.1204319992352403,false
d100_delay_median_cap1,borough,d100_median_borough_qnehvi,553,18793366.666666668,1615.7375137257438,1.1445775966000058,1.3926431438479774,false
d100_delay_median_cap1,borough,d100_median_borough_qnehvi,554,18984860.666666664,1533.5850928083255,1.1562402085295687,1.321833990276158,false
d100_delay_median_cap1,borough,d100_median_borough_qnehvi,555,17991708.666666668,1561.97095336595,1.0957539981884117,1.3463004483189898,false
d100_delay_median_cap1,borough,d100_median_borough_qnehvi,556,18271405.33333333,1921.3645362404363,1.1127884414677085,1.6560704480134263,false
d100_delay_median_cap1,borough,d100_median_borough_qnehvi,557,18724663.333333336,1558.710016340969,1.1403933385296008,1.3434897680248323,false
d100_delay_median_cap1,borough,d100_median_borough_qnehvi,558,18801558.666666668,1550.2082738922268,1.1450765162367933,1.3361619110979357,false
d100_delay_median_cap1,borough,d100_median_borough_qnehvi,559,18457613.33333333,1753.1727211434854,1.1241291186804678,1.5111018648392944,false
d100_delay_median_cap1,borough,d100_median_borough_qnehvi,560,20253264.666666668,1536.3519949666031,1.2334901673894059,1.324218849999776,false
d100_delay_median_cap1,borough,d100_median_borough_qnehvi,561,21716138.666666668,1408.7486554248658,1.3225839863281081,1.2142344531312943,false
d100_delay_median_cap1,borough,d100_median_borough_qnehvi,562,18825053.333333336,1386.0758752356396,1.1465074184047348,1.1946922368899393,false
d100_delay_median_cap1,borough,d100_median_borough_qnehvi,563,20642034.0,1373.5912150579145,1.2571674933880359,1.1839314070818296,false
d100_delay_median_cap1,borough,d100_median_borough_qnehvi,564,18976026.666666668,1639.6880420532657,1.1557021889896055,1.4132866820362733,false
d100_delay_median_cap1,borough,d100_median_borough_qnehvi,565,18427194.666666668,1590.2892402935872,1.1222765222296756,1.3707086630198759,false
d100_delay_median_cap1,borough,d100_median_borough_qnehvi,566,18523945.333333336,1943.1211664458417,1.1281689547824443,1.6748230124809838,false
d100_delay_median_cap1,borough,d100_median_borough_qnehvi,567,21152285.333333336,1358.8952323224562,1.2882434711586652,1.1712645850115473,false
d100_delay_median_cap1,borough,d100_median_borough_qnehvi,568,21383163.33333333,1306.1544574200166,1.3023046977092287,1.1258060387160262,false
d100_delay_median_cap1,borough,d100_median_borough_qnehvi,569,20812119.333333336,1355.292254266736,1.2675262473833415,1.1681590913010231,false
d100_delay_median_cap1,borough,d100_median_borough_qnehvi,570,18508383.33333333,1671.2138739735535,1.1272211780017203,1.4404595571505319,false
d100_delay_median_cap1,borough,d100_median_borough_qnehvi,571,18649316.666666668,1657.8072512513386,1.135804479695802,1.4289040655823524,false
d100_delay_median_cap1,borough,d100_median_borough_qnehvi,572,21115024.000000007,1643.4912719595193,1.2859741338914676,1.4165647776479846,false
d100_delay_median_cap1,borough,d100_median_borough_qnehvi,573,20843614.0,1305.2429879110869,1.2694443757590832,1.1250204211564572,false
d100_delay_median_cap1,borough,d100_median_borough_qnehvi,574,18974526.0,1802.388769808877,1.1556107934734587,1.5535223645546834,false
d100_delay_median_cap1,borough,d100_median_borough_qnehvi,575,20683167.333333336,1178.9961661509158,1.2596726481398088,1.0162052396908228,false
d100_delay_median_cap1,borough,d100_median_borough_qnehvi,576,20597972.000000004,1016.0223932313436,1.2544839732420243,0.87573421295819431,false
d100_delay_median_cap1,borough,d100_median_borough_qnehvi,577,17724788.666666664,1309.1859425046082,1.0794976957651556,1.1284189488470777,false
d100_delay_median_cap1,borough,d100_median_borough_qnehvi,578,17750012.0,1618.792309278142,1.081033879396166,1.395276145833612,false
d100_delay_median_cap1,borough,d100_median_borough_qnehvi,579,18163513.333333336,1317.8774594365327,1.1062174652162107,1.1359103769794678,false
d100_delay_median_cap1,borough,d100_median_borough_qnehvi,580,18545530.0,1194.9446095444696,1.1294835316932732,1.0299515878187837,false
d100_delay_median_cap1,borough,d100_median_borough_qnehvi,581,21632162.0,925.5309789868284,1.3174695322226444,0.79773747985385779,false
d100_delay_median_cap1,borough,d100_median_borough_qnehvi,582,20901563.33333333,1308.1076752581762,1.2729736799996523,1.1274895642934462,false
d100_delay_median_cap1,borough,d100_median_borough_qnehvi,583,20308148.000000004,1068.937571373936,1.2368327421858358,0.92134308161400014,false
d100_delay_median_cap1,borough,d100_median_borough_qnehvi,584,20056310.0,1151.5423274989064,1.221494982970835,0.99254211381410362,false
d100_delay_median_cap1,borough,d100_median_borough_qnehvi,585,18156054.0,1580.659356004492,1.1057631673796207,1.3624084334235889,false
d100_delay_median_cap1,borough,d100_median_borough_qnehvi,586,19962539.33333333,1184.4855793736433,1.2157840421804718,1.0209366973833234,false
d100_delay_median_cap1,borough,d100_median_borough_qnehvi,587,20992088.666666668,1167.662791973895,1.2784869693583847,1.006436731062279,false
d100_delay_median_cap1,borough,d100_median_borough_qnehvi,588,17820758.666666668,1377.5434652631477,1.0853425831604799,1.1873379468844476,false
d100_delay_median_cap1,borough,d100_median_borough_qnehvi,589,17415378.666666668,1449.0895334323857,1.0606536131457205,1.2490052291371279,false
d100_delay_median_cap1,borough,d100_median_borough_qnehvi,590,20863512.0,1508.753981256555,1.2706562291444343,1.3004314561622119,false
d100_delay_median_cap1,borough,d100_median_borough_qnehvi,591,20663456.000000004,1040.910534192965,1.2584721633659735,0.89718590209636429,false
d100_delay_median_cap1,borough,d100_median_borough_qnehvi,592,18073212.0,1316.498609520975,1.1007178181912971,1.1347219129715556,false
d100_delay_median_cap1,borough,d100_median_borough_qnehvi,593,17868715.333333332,1261.1925832263028,1.0882633012653224,1.0870523146126323,false
d100_delay_median_cap1,borough,d100_median_borough_qnehvi,594,18788496.0,1254.370960829111,1.1442809570438233,1.0811725936922074,false
d100_delay_median_cap1,borough,d100_median_borough_qnehvi,595,17878268.666666668,1763.3579278304342,1.0888451305618041,1.5198807402078223,false
d100_delay_median_cap1,borough,d100_median_borough_qnehvi,596,20663494.000000004,1188.8726027723346,1.2584744776904604,1.0247179786905825,false
d100_delay_median_cap1,borough,d100_median_borough_qnehvi,597,18925758.0,1109.310453807133,1.1526406625107084,0.95614144300645332,false
d100_delay_median_cap1,borough,d100_median_borough_qnehvi,598,20663571.33333333,1470.3523155828943,1.2584791875438019,1.2673321340517496,false
d100_delay_median_cap1,borough,d100_median_borough_qnehvi,599,20346814.000000004,1504.5350861888396,1.2391876282546865,1.2967950887196316,false
d100_delay_median_cap1,borough,d100_median_borough_qnehvi,600,20070874.0,1443.729269801691,1.2223819782821352,1.2443850885938219,false
d100_delay_median_cap1,borough,d100_median_borough_qnehvi,601,17770048.666666668,1622.111499088026,1.0822541780357857,1.3981370356084653,false
d100_delay_median_cap1,borough,d100_median_borough_qnehvi,602,20328426.666666668,1406.6560217828114,1.2380677794182415,1.2124307617089962,false
d100_delay_median_cap1,borough,d100_median_borough_qnehvi,603,21552461.33333334,1367.6605937631314,1.3126155005252504,1.178819661507579,false
d100_delay_median_cap1,borough,d100_median_borough_qnehvi,604,20791300.0,1141.913815314907,1.2662582817797254,0.98424306686830154,false
d100_delay_median_cap1,borough,d100_median_borough_qnehvi,605,17627882.666666668,1606.7860755599518,1.0735958029035191,1.3849276833333397,false
d100_delay_median_cap1,borough,d100_median_borough_qnehvi,606,17568624.000000004,1659.2448004213854,1.0699867559736067,1.4301431238938687,false
d100_delay_median_cap1,borough,d100_median_borough_qnehvi,607,18150561.33333333,1461.3219093001385,1.1054286459857816,1.2595486090119414,false
d100_delay_median_cap1,borough,d100_median_borough_qnehvi,608,18529978.0,1034.5251929704966,1.1285363639453094,0.89168222244601347,false
d100_delay_median_cap1,borough,d100_median_borough_qnehvi,609,18003670.0,1440.7982917768054,1.0964824825734412,1.2418588079223325,false
d100_delay_median_cap1,borough,d100_median_borough_qnehvi,610,21472928.000000004,1376.45876391775,1.3077716599760363,1.1864030166256909,false
d100_delay_median_cap1,borough,d100_median_borough_qnehvi,611,17932201.333333336,1414.8994125390122,1.0921298066438736,1.2195359390791809,false
d100_delay_median_cap1,borough,d100_median_borough_qnehvi,612,20629149.333333336,1413.3908486508374,1.2563827749781895,1.218235671468832,false
d100_delay_median_cap1,borough,d100_median_borough_qnehvi,613,19245650.666666664,1427.4328391833733,1.172123173871098,1.2303388018814081,false
d100_delay_median_cap1,borough,d100_median_borough_qnehvi,614,18171673.33333333,1485.0272043603336,1.1067144359481664,1.279980774730709,false
d100_delay_median_cap1,borough,d100_median_borough_qnehvi,615,18159645.33333333,1598.889770885682,1.1059818913447388,1.3781216678308597,false
d100_delay_median_cap1,borough,d100_median_borough_qnehvi,616,18724430.66666666,1207.0362977355428,1.1403791683673903,1.0403737055908813,false
d100_delay_median_cap1,borough,d100_median_borough_qnehvi,617,17552216.0,1488.8007500719984,1.068987455021408,1.2832332848189529,false
d100_delay_median_cap1,borough,d100_median_borough_qnehvi,618,17981304.666666668,1759.6892945204506,1.0951203605051676,1.5167186566496711,false
d100_delay_median_cap1,borough,d100_median_borough_qnehvi,619,18175750.0,2042.0856343603632,1.1069627183032251,1.7601228749616882,false
d100_delay_median_cap1,borough,d100_median_borough_qnehvi,620,18171785.33333333,1446.0056235260447,1.1067212571150757,1.246347132787426,false
d100_delay_median_cap1,borough,d100_median_borough_qnehvi,621,18072423.33333333,1641.8226874621027,1.1006697858076444,1.4151265844139238,false
d100_delay_median_cap1,borough,d100_median_borough_qnehvi,622,17961971.33333333,1374.3062308933806,1.0939428971696501,1.1845476964806618,false
d100_delay_median_cap1,borough,d100_median_borough_qnehvi,623,17778130.666666664,1584.3342801364147,1.0827463983122159,1.3655759391929403,false
d100_delay_median_cap1,borough,d100_median_borough_qnehvi,624,20032360.000000004,1287.7460676170083,1.2200363495112334,1.109939403429874,false
d100_delay_median_cap1,borough,d100_median_borough_qnehvi,625,20596020.0,1170.7474012573336,1.2543650900473207,1.0090954302219743,false
d100_delay_median_cap1,borough,d100_median_borough_qnehvi,626,18833147.333333336,1235.5066202951584,1.1470003695204765,1.0649129634709324,false
d100_delay_median_cap1,borough,d100_median_borough_qnehvi,627,17933734.0,1363.5478528709916,1.0922231510648515,1.1752747909099692,false
d100_delay_median_cap1,borough,d100_median_borough_qnehvi,628,17910632.0,1427.513530783255,1.090816163583276,1.2304083519180857,false
d100_delay_median_cap1,borough,d100_median_borough_qnehvi,629,20287076.666666664,1712.8470169299528,1.2355494289566735,1.4763441674925764,false
d100_delay_median_cap1,borough,d100_median_borough_qnehvi,630,18336746.0,1680.5072470468112,1.1167679021221018,1.4484697396113269,false
d100_delay_median_cap1,borough,d100_median_borough_qnehvi,631,17588835.333333336,1686.26368669251,1.0712176923854302,1.4534313538199808,false
d100_delay_median_cap1,borough,d100_median_borough_qnehvi,632,17683633.333333332,1481.188780160546,1.076991201141311,1.2766723443083146,false
d100_delay_median_cap1,borough,d100_median_borough_qnehvi,633,20237720.0,1384.7582557310818,1.2325434462654661,1.1935565488504931,false
d100_delay_median_cap1,borough,d100_median_borough_qnehvi,634,19426236.666666668,1532.9399590361509,1.1831214528663254,1.3212779339136287,false
d100_delay_median_cap1,borough,d100_median_borough_qnehvi,635,18717690.666666668,1167.3173537577334,1.139968680287319,1.0061389895298369,false
d100_delay_median_cap1,borough,d100_median_borough_qnehvi,636,18471538.666666668,1802.2205277520784,1.1249772170995125,1.5533773526669743,false
d100_delay_median_cap1,borough,d100_median_borough_qnehvi,637,18102699.33333333,1437.3618709241118,1.1025136933910644,1.2388968738834027,false
d100_delay_median_cap1,borough,d100_median_borough_qnehvi,638,18029576.666666664,1660.8650015499295,1.0980602834430342,1.4315396143350163,false
d100_delay_median_cap1,borough,d100_median_borough_qnehvi,639,17967264.666666668,1752.241083715583,1.0942652785104778,1.510298864063798,false
d100_delay_median_cap1,borough,d100_median_borough_qnehvi,640,21026959.33333333,800.1774618802395,1.2806107071938178,0.68969225922072885,false
d100_delay_median_cap1,borough,d100_median_borough_qnehvi,641,17435588.000000004,1408.9271251739272,1.0618844277509922,1.2143882805137145,false
d100_delay_median_cap1,borough,d100_median_borough_qnehvi,642,19522779.33333333,913.7106566033284,1.1890012175376909,0.78754925881819249,false
d100_delay_median_cap1,borough,d100_median_borough_qnehvi,643,17533368.666666668,1400.0358178336512,1.0678395906780147,1.2067246482082867,false
d100_delay_median_cap1,borough,d100_median_borough_qnehvi,644,17513707.999999996,1215.909068511881,1.0666421916701614,1.0480213607846438,false
d100_delay_median_cap1,borough,d100_median_borough_qnehvi,645,21851895.33333334,911.1021082382364,1.330852012063559,0.78530088804931397,false
d100_delay_median_cap1,borough,d100_median_borough_qnehvi,646,17636270.666666664,1541.938932971443,1.0741066595823974,1.3290343666548312,false
d100_delay_median_cap1,borough,d100_median_borough_qnehvi,647,17502842.666666668,1557.5292491567127,1.0659804572756009,1.3424720363019094,false
d100_delay_median_cap1,borough,d100_median_borough_qnehvi,648,17434346.000000004,1371.987186471841,1.0618087858822312,1.1825488561452109,false
d100_delay_median_cap1,borough,d100_median_borough_qnehvi,649,20506752.0,804.5665837025695,1.2489283764075814,0.6934753492099478,false
d100_delay_median_cap1,borough,d100_median_borough_qnehvi,650,17290174.0,1358.3212102140374,1.0530282387783583,1.170769821507627,false
d100_delay_median_cap1,borough,d100_median_borough_qnehvi,651,20034957.33333333,814.2625420360838,1.2201945356200317,0.70183252961920095,false
d100_delay_median_cap1,borough,d100_median_borough_qnehvi,652,17575944.0,1461.9554883574024,1.0704325679537439,1.2600947060869236,false
d100_delay_median_cap1,borough,d100_median_borough_qnehvi,653,20314928.666666668,923.656723078328,1.2372457069991305,0.79612201346862121,false
d100_delay_median_cap1,borough,d100_median_borough_qnehvi,654,20991089.333333336,819.1887731760165,1.2784261066845937,0.70607856708738992,false
d100_delay_median_cap1,borough,d100_median_borough_qnehvi,655,17245803.333333332,1298.4138343214022,1.0503259198211621,1.1191342089195273,false
d100_delay_median_cap1,borough,d100_median_borough_qnehvi,656,21113480.666666664,874.9478320587422,1.2858801398355455,0.75413864516367601,false
d100_delay_median_cap1,borough,d100_median_borough_qnehvi,657,18981752.666666664,929.5830470276816,1.1560509211478383,0.80123005505716971,false
d100_delay_median_cap1,borough,d100_median_borough_qnehvi,658,17217128.666666668,1354.9079319650805,1.0485795386836698,1.1678278346371891,false
d100_delay_median_cap1,borough,d100_median_borough_qnehvi,659,18116612.0,1093.7534328120914,1.1033610203686133,0.94273247128710214,false
d100_delay_median_cap1,borough,d100_median_borough_qnehvi,660,20557251.33333333,931.3246074652562,1.2520039512421364,0.80273114801464684,false
d100_delay_median_cap1,borough,d100_median_borough_qnehvi,661,17372489.333333332,1584.355818535632,1.0580415122413351,1.3655945036588537,false
d100_delay_median_cap1,borough,d100_median_borough_qnehvi,662,17083193.333333336,1497.3938660120318,1.0404224381148619,1.2906398987624415,false
d100_delay_median_cap1,borough,d100_median_borough_qnehvi,663,18058392.0,998.6117498501236,1.099815231641347,0.86072755938429335,false
d100_delay_median_cap1,borough,d100_median_borough_qnehvi,664,17163870.666666664,1391.087239596783,1.0453359520117913,1.1990116527353867,false
d100_delay_median_cap1,borough,d100_median_borough_qnehvi,665,17481947.333333336,1523.1542168209608,1.0647078630230107,1.3128433666106618,false
d100_delay_median_cap1,borough,d100_median_borough_qnehvi,666,17046113.333333332,1188.745310789165,1.0381641446417076,1.0246082626592825,false
d100_delay_median_cap1,borough,d100_median_borough_qnehvi,667,17275127.333333332,1356.948656364786,1.052111847485854,1.1695867842311609,false
d100_delay_median_cap1,borough,d100_median_borough_qnehvi,668,20183250.000000004,788.4959776495353,1.229226044823106,0.6796237061385233,false
d100_delay_median_cap1,borough,d100_median_borough_qnehvi,669,20709942.0,928.4226223117196,1.2613033130529485,0.80022985699844584,false
d100_delay_median_cap1,borough,d100_median_borough_qnehvi,670,17508746.0,1419.980343868061,1.0663399896147734,1.2239153163726162,false
d100_delay_median_cap1,borough,d100_median_borough_qnehvi,671,20992743.333333325,865.2322554760888,1.2785268407030557,0.74576455531218588,false
d100_delay_median_cap1,borough,d100_median_borough_qnehvi,672,21376557.333333336,861.3699969544081,1.3019023706681379,0.74243558151273259,false
d100_delay_median_cap1,borough,d100_median_borough_qnehvi,673,19727107.333333336,951.2166928890954,1.2014454621111179,0.81987661635156039,false
d100_delay_median_cap1,borough,d100_median_borough_qnehvi,674,17661621.999999996,1372.1398353668803,1.0756506388327325,1.182680427910604,false
d100_delay_median_cap1,borough,d100_median_borough_qnehvi,675,16866592.0,1239.111920431732,1.0272307073343014,1.0680204586389661,false
d100_delay_median_cap1,borough,d100_median_borough_qnehvi,676,17599218.000000004,1538.7360671484378,1.071850030798787,1.3262737393306638,false
d100_delay_median_cap1,borough,d100_median_borough_qnehvi,677,21153966.0,868.013278236423,1.2883458292644869,0.74816158592338611,false
d100_delay_median_cap1,borough,d100_median_borough_qnehvi,678,21073277.33333333,909.820356792664,1.2834316251304292,0.78419611555524893,false
d100_delay_median_cap1,borough,d100_median_borough_qnehvi,679,17474720.0,1566.0070412085872,1.0642676947464471,1.3497792498039263,false
d100_delay_median_cap1,borough,d100_median_borough_qnehvi,680,20635732.000000004,1054.8565367063873,1.2567836809428414,0.90920629811948994,false
d100_delay_median_cap1,borough,d100_median_borough_qnehvi,681,18465541.333333336,1044.978457511045,1.124611959852398,0.90069214334563741,false
d100_delay_median_cap1,borough,d100_median_borough_qnehvi,682,20561765.33333333,945.3673818568064,1.2522788686298876,0.8148349540542188,false
d100_delay_median_cap1,borough,d100_median_borough_qnehvi,683,17954323.999999996,1252.6854359246456,1.0934771495171767,1.0797197991126126,false
d100_delay_median_cap1,borough,d100_median_borough_qnehvi,684,17378339.999999996,1521.635038316706,1.058397837007973,1.3115339500066288,false
d100_delay_median_cap1,borough,d100_median_borough_qnehvi,685,21000363.33333333,827.9801698508016,1.2789909236659853,0.71365608397981828,false
d100_delay_median_cap1,borough,d100_median_borough_qnehvi,686,17461866.000000004,1395.9061385680943,1.0634848440370641,1.2031651780179791,false
d100_delay_median_cap1,borough,d100_median_borough_qnehvi,687,17382965.999999996,1325.381546689313,1.0586795755626333,1.142378330823854,false
d100_delay_median_cap1,borough,d100_median_borough_qnehvi,688,17692054.666666664,1118.4538419937485,1.0775040879293889,0.9640223498749636,false
d100_delay_median_cap1,borough,d100_median_borough_qnehvi,689,17187390.666666668,1428.4844354383583,1.0467683970627244,1.2312451980640555,false
d100_delay_median_cap1,borough,d100_median_borough_qnehvi,690,18034690.0,997.3169440517772,1.0983717021941868,0.85961153502862719,false
d100_delay_median_cap1,borough,d100_median_borough_qnehvi,691,18596063.33333333,1269.8815351825433,1.1325611772392115,1.0945415319305989,false
d100_delay_median_cap1,borough,d100_median_borough_qnehvi,692,21493541.33333333,897.9667771912739,1.3090270795048007,0.77397922932113106,false
d100_delay_median_cap1,borough,d100_median_borough_qnehvi,693,17528494.0,1466.0344904220178,1.0675427075087283,1.2636104963751178,false
d100_delay_median_cap1,borough,d100_median_borough_qnehvi,694,20931315.333333336,1026.5198844289012,1.2747856742664618,0.8847822538804927,false
d100_delay_median_cap1,borough,d100_median_borough_qnehvi,695,20250422.666666668,949.969343460109,1.2333170802790849,0.81880149578556272,false
d100_delay_median_cap1,borough,d100_median_borough_qnehvi,696,17076740.666666664,1256.5192002124545,1.0400294495760867,1.083024213044449,false
d100_delay_median_cap1,borough,d100_median_borough_qnehvi,697,21834706.666666664,903.1173756166568,1.3298051659539158,0.77841865436566282,false
d100_delay_median_cap1,borough,d100_median_borough_qnehvi,698,19504397.33333334,896.7927365812848,1.1878816935187186,0.77296729539485243,false
d100_delay_median_cap1,borough,d100_median_borough_qnehvi,699,17147104.666666668,1405.0992658148816,1.0443148476867941,1.2110889561824398,false
d100_delay_median_cap1,borough,d100_median_borough_qnehvi,700,17349853.333333332,1258.124856280731,1.0566629056863643,1.0844081667472425,false
d100_delay_median_cap1,borough,d100_median_borough_qnehvi,701,21567124.666666668,950.6358504238186,1.3135085455619642,0.81937597421751818,false
d100_delay_median_cap1,borough,d100_median_borough_qnehvi,702,20739566.000000004,727.6409500341458,1.2631075117004333,0.62717128966783853,false
d100_delay_median_cap1,borough,d100_median_borough_qnehvi,703,18228448.0,1215.2791142495312,1.1101721991405573,1.0474783880078491,false
d100_delay_median_cap1,borough,d100_median_borough_qnehvi,704,17100688.666666664,1382.6516605100287,1.0414879612291368,1.1917408236064231,false
d100_delay_median_cap1,borough,d100_median_borough_qnehvi,705,20759263.33333333,792.7048601393915,1.2643071438284048,0.68325144349868649,false
d100_delay_median_cap1,borough,d100_median_borough_qnehvi,706,17374527.333333336,1320.976968314561,1.0581656331177725,1.1385819184592028,false
d100_delay_median_cap1,borough,d100_median_borough_qnehvi,707,17877742.666666668,978.3267210760164,1.0888130954386412,0.84324340369375816,false
d100_delay_median_cap1,borough,d100_median_borough_qnehvi,708,17375785.333333332,1390.7164150510748,1.0582422494389487,1.1986920301130457,false
d100_delay_median_cap1,borough,d100_median_borough_qnehvi,709,20108414.000000004,928.5755164511916,1.2246682872622385,0.80036164014593181,false
d100_delay_median_cap1,borough,d100_median_borough_qnehvi,710,16848532.666666664,1351.7960866703493,1.0261308347723763,1.1651456601022732,false
d100_delay_median_cap1,borough,d100_median_borough_qnehvi,711,16866178.666666664,1097.2346174455397,1.0272055339802315,0.94573298830862074,false
d100_delay_median_cap1,borough,d100_median_borough_qnehvi,712,21196500.000000004,818.4693074150007,1.2909362892048093,0.7054584421903688,false
d100_delay_median_cap1,borough,d100_median_borough_qnehvi,713,17073555.999999996,1470.783426649674,1.0398354929431981,1.2677037190810552,false
d100_delay_median_cap1,borough,d100_median_borough_qnehvi,714,17195199.333333336,1433.3314988207248,1.0472439704437213,1.2354229989320222,false
d100_delay_median_cap1,borough,d100_median_borough_qnehvi,715,17325374.666666664,1064.6570590715282,1.0551720746948634,0.9176536047902808,false
d100_delay_median_cap1,borough,d100_median_borough_qnehvi,716,20379836.0,879.346437021125,1.241198776233934,0.7579299089000936,false
d100_delay_median_cap1,borough,d100_median_borough_qnehvi,717,16928902.0,1183.0087705421188,1.0310255904603058,1.0196638002224139,false
d100_delay_median_cap1,borough,d100_median_borough_qnehvi,718,17255773.333333332,1419.074896294577,1.0509331254826333,1.2231348892644911,false
d100_delay_median_cap1,borough,d100_median_borough_qnehvi,719,19325489.33333333,883.5790007143579,1.1769856102205765,0.76157805766077236,false
d100_delay_median_cap1,borough,d100_median_borough_qnehvi,720,17299541.333333332,1360.752689029949,1.0535987400655085,1.1728655717601433,false
d100_delay_median_cap1,borough,d100_median_borough_qnehvi,721,17604064.66666667,1085.8186196330062,1.0721452086763459,0.9358932643752772,false
d100_delay_median_cap1,borough,d100_median_borough_qnehvi,722,17573640.666666668,1555.1323649119374,1.0702922874080814,1.3404061039448731,false
d100_delay_median_cap1,borough,d100_median_borough_qnehvi,723,17312470.666666664,1442.421155526614,1.0543861788216815,1.2432575933409855,false
d100_delay_median_cap1,borough,d100_median_borough_qnehvi,724,21192014.0,945.6469555795125,1.2906630771087853,0.81507592539072549,false
d100_delay_median_cap1,borough,d100_median_borough_qnehvi,725,20480251.33333333,914.6052040679178,1.2473143989920588,0.78832029085948885,false
d100_delay_median_cap1,borough,d100_median_borough_qnehvi,726,16883708.0,1201.8138242980567,1.0282731278058903,1.0358723297393839,false
d100_delay_median_cap1,borough,d100_median_borough_qnehvi,727,20254871.333333336,1019.20027949924,1.2335880186528061,0.87847330980116456,false
d100_delay_median_cap1,borough,d100_median_borough_qnehvi,728,17217350.0,1077.192145841434,1.0485930186087524,0.92845789849476656,false
d100_delay_median_cap1,borough,d100_median_borough_qnehvi,729,16912755.333333332,1537.135054862203,1.0300422055642289,1.3248937882156466,false
d100_delay_median_cap1,borough,d100_median_borough_qnehvi,730,20670588.66666666,980.2758103430778,1.2589065661324106,0.8449233707561441,false
d100_delay_median_cap1,borough,d100_median_borough_qnehvi,731,16836446.666666668,1385.1456436305534,1.025394757778942,1.1938904478270445,false
d100_delay_median_cap1,borough,d100_median_borough_qnehvi,732,20707959.333333336,825.1096572752059,1.2611825621577821,0.71118191993784197,false
d100_delay_median_cap1,borough,d100_median_borough_qnehvi,733,20411268.0,1010.7757999625292,1.243113088004381,0.87121204764216775,false
d100_delay_median_cap1,borough,d100_median_borough_qnehvi,734,20451054.000000004,1132.3008753131253,1.2455361857423242,0.97595744196204226,false
d100_delay_median_cap1,borough,d100_median_borough_qnehvi,735,20263795.33333333,815.3610611954311,1.2341315194876068,0.70277936978516531,false
d100_delay_median_cap1,borough,d100_median_borough_qnehvi,736,20560821.333333336,961.8590143821872,1.2522213759373675,0.82904948999970896,false
d100_delay_median_cap1,borough,d100_median_borough_qnehvi,737,17170122.0,1320.2861561758946,1.0457166786910035,1.137986490810573,false
d100_delay_median_cap1,borough,d100_median_borough_qnehvi,738,19714538.666666668,1067.4344241095855,1.2006799891364799,0.92004748272240522,false
d100_delay_median_cap1,borough,d100_median_borough_qnehvi,739,17009660.0,1379.9150824269832,1.0359440172214973,1.1893821009348367,false
d100_delay_median_cap1,borough,d100_median_borough_qnehvi,740,20743322.666666664,993.839471904546,1.2633363050071791,0.85661421788854508,false
d100_delay_median_cap1,borough,d100_median_borough_qnehvi,741,20726094.666666668,916.7776599563264,1.2622870633686811,0.79019278300168594,false
d100_delay_median_cap1,borough,d100_median_borough_qnehvi,742,20038824.666666668,952.1382635324892,1.2204300688893197,0.82067094032262067,false
d100_delay_median_cap1,borough,d100_median_borough_qnehvi,743,17246201.333333336,1364.377759264191,1.0503501593250002,1.1759901072523242,false
d100_delay_median_cap1,borough,d100_median_borough_qnehvi,744,19920287.333333336,1100.688151193026,1.213210756963975,0.94870967236443249,false
d100_delay_median_cap1,borough,d100_median_borough_qnehvi,745,18413664.666666664,990.2921782051276,1.1214525009057332,0.85355671986814019,false
d100_delay_median_cap1,borough,d100_median_borough_qnehvi,746,19938460.0,856.9092267646258,1.2143175318971773,0.73859073606704084,false
d100_delay_median_cap1,borough,d100_median_borough_qnehvi,747,20018335.33333333,1119.1218996052307,1.2191822013667748,0.96459816484764471,false
d100_delay_median_cap1,borough,d100_median_borough_qnehvi,748,20906141.33333333,901.6559947403282,1.2732524951970658,0.77715905493154647,false
d100_delay_median_cap1,borough,d100_median_borough_qnehvi,749,20621345.333333336,990.4059607109004,1.2559074858124806,0.8536547917549463,false
d100_delay_median_cap1,borough,d100_median_borough_qnehvi,750,18495469.33333333,984.1581547625516,1.1264346730957786,0.8482696570754914,false
d100_delay_median_cap1,borough,d100_median_borough_qnehvi,751,20573904.0,883.8891418564629,1.2530181531958569,0.76184537579351863,false
d100_delay_median_cap1,borough,d100_median_borough_qnehvi,752,16712419.999999998,1005.405826127572,1.0178411274706785,0.86658353763954299,false
d100_delay_median_cap1,borough,d100_median_borough_qnehvi,753,19641774.0,936.763213732239,1.1962483825612482,0.80741881396623905,false
d100_delay_median_cap1,borough,d100_median_borough_qnehvi,754,17082363.333333332,1443.3498007802548,1.0403718883958024,1.2440580150892977,false
d100_delay_median_cap1,borough,d100_median_borough_qnehvi,755,16856430.666666664,1239.345276724647,1.026611848846027,1.0682215940577091,false
d100_delay_median_cap1,borough,d100_median_borough_qnehvi,756,20203175.33333333,1069.7990715026112,1.230439562898,0.92208562935918248,false
d100_delay_median_cap1,borough,d100_median_borough_qnehvi,757,17671219.333333332,1488.393265119493,1.0762351478733569,1.2828820637075364,false
d100_delay_median_cap1,borough,d100_median_borough_qnehvi,758,16571068.666666666,1180.6588701664268,1.0092323682072393,1.0176383643956581,false
d100_delay_median_cap1,borough,d100_median_borough_qnehvi,759,18263620.666666668,1127.3046957363372,1.1123143297653355,0.97165111424857398,false
d100_delay_median_cap1,borough,d100_median_borough_qnehvi,760,16812537.333333336,1299.0794386133614,1.0239386010525631,1.1197079093169235,false
d100_delay_median_cap1,borough,d100_median_borough_qnehvi,761,21040510.666666664,1010.8002602293004,1.2814360277876475,0.87123313053621876,false
d100_delay_median_cap1,borough,d100_median_borough_qnehvi,762,17112280.000000004,1885.279052987058,1.042193911402056,1.6249674994104835,false
d100_delay_median_cap1,borough,d100_median_borough_qnehvi,763,17062326.666666664,1487.756431597701,1.0391515897561827,1.2823331615310616,false
d100_delay_median_cap1,borough,d100_median_borough_qnehvi,764,19681259.33333333,855.9200696656528,1.1986531687142143,0.73773815769934747,false
d100_delay_median_cap1,borough,d100_median_borough_qnehvi,765,18593323.333333336,1046.7881810036918,1.1323943022630401,0.90225198768476134,false
d100_delay_median_cap1,borough,d100_median_borough_qnehvi,766,20722869.333333336,820.7343767134283,1.2620906300025698,0.70741076006502301,false
d100_delay_median_cap1,borough,d100_median_borough_qnehvi,767,19192022.666666664,1094.7133237016474,1.1688570529871087,0.94355982440283159,false
d100_delay_median_cap1,borough,d100_median_borough_qnehvi,768,16443544.666666664,932.9217464340202,1.0014657388417991,0.80410776062388978,false
d100_delay_median_cap1,borough,d100_median_borough_qnehvi,769,20881169.33333333,618.8381710285478,1.2717316185894174,0.53339154950178058,false
d100_delay_median_cap1,borough,d100_median_borough_qnehvi,770,18839484.0,833.9923769869778,1.1473862932792382,0.71883815035907983,false
d100_delay_median_cap1,borough,d100_median_borough_qnehvi,771,16301905.999999998,996.7132040639974,0.99283948003706324,0.85909115696752125,false
d100_delay_median_cap1,borough,d100_median_borough_qnehvi,772,16272377.333333332,1070.2039908316967,0.99104108750188846,0.92243463909787593,false
d100_delay_median_cap1,borough,d100_median_borough_qnehvi,773,20507660.666666664,709.550949122219,1.2489837171843505,0.61157908144825834,false
d100_delay_median_cap1,borough,d100_median_borough_qnehvi,774,16488935.333333334,1073.5796585980968,1.00423017914049,0.92534420858601962,false
d100_delay_median_cap1,borough,d100_median_borough_qnehvi,775,16916338.0,945.7413498665742,1.0302604017009556,0.81515728610407034,false
d100_delay_median_cap1,borough,d100_median_borough_qnehvi,776,16804836.0,1133.7277952528752,1.0234695646231873,0.97718733868352803,false
d100_delay_median_cap1,borough,d100_median_borough_qnehvi,777,21086060.666666668,660.6942067434601,1.2842101720083106,0.56946827648982712,false
d100_delay_median_cap1,borough,d100_median_borough_qnehvi,778,17006202.0,1263.6481839046974,1.0357334136931757,1.0891688560803794,false
d100_delay_median_cap1,borough,d100_median_borough_qnehvi,779,16321049.333333334,1099.2099043761164,0.99400537175014547,0.94743553576922712,false
d100_delay_median_cap1,borough,d100_median_borough_qnehvi,780,16786057.333333332,1031.4745860344249,1.0223258823047439,0.88905283072984365,false
d100_delay_median_cap1,borough,d100_median_borough_qnehvi,781,16324742.66666667,1242.9363950931315,0.99423030784941346,1.0713168656176821,false
d100_delay_median_cap1,borough,d100_median_borough_qnehvi,782,16713469.333333332,1144.635701792933,1.0179050353082681,0.98658912649107688,false
d100_delay_median_cap1,borough,d100_median_borough_qnehvi,783,16090104.666666666,1197.1662052652273,0.97994008498118301,1.0318664347680144,false
d100_delay_median_cap1,borough,d100_median_borough_qnehvi,784,16418754.666666664,1126.88176072658,0.99995594663037801,0.97128657636006954,false
d100_delay_median_cap1,borough,d100_median_borough_qnehvi,785,16364744.000000002,1120.230605870233,0.99666652009278278,0.96555378552574378,false
d100_delay_median_cap1,borough,d100_median_borough_qnehvi,786,16469244.0,966.8657077714142,1.0030309124321737,0.83336487982177121,false
d100_delay_median_cap1,borough,d100_median_borough_qnehvi,787,21047522.0,616.5132810502639,1.2818630409566003,0.53138767073994386,false
d100_delay_median_cap1,borough,d100_median_borough_qnehvi,788,16747901.333333334,1368.7369900918177,1.0200020569066408,1.1797474334720679,false
d100_delay_median_cap1,borough,d100_median_borough_qnehvi,789,16343765.333333334,1298.384506523665,0.99538885056719417,1.1191089305831046,false
d100_delay_median_cap1,borough,d100_median_borough_qnehvi,790,17490268.666666668,1476.6719384223438,1.0652146594834908,1.2727791694422754,false
d100_delay_median_cap1,borough,d100_median_borough_qnehvi,791,16588765.33333333,1076.9209915903095,1.0103101531810774,0.92822418410394159,false
d100_delay_median_cap1,borough,d100_median_borough_qnehvi,792,19757906.0,904.4555562055006,1.2033212018067809,0.7795720644997054,false
d100_delay_median_cap1,borough,d100_median_borough_qnehvi,793,16141791.333333334,949.9190503731982,0.98308797230541289,0.81875814696059901,false
d100_delay_median_cap1,borough,d100_median_borough_qnehvi,794,16640484.0,1126.5504201411825,1.0134599894101384,0.97100098591569806,false
d100_delay_median_cap1,borough,d100_median_borough_qnehvi,795,16955021.333333332,1056.460894938561,1.0326163434265896,0.9105891331860354,false
d100_delay_median_cap1,borough,d100_median_borough_qnehvi,796,17945606.666666668,949.8894896842272,1.092946235359411,0.81873266788960319,false
d100_delay_median_cap1,borough,d100_median_borough_qnehvi,797,20865078.0,645.2935049974953,1.2707516036746112,0.55619404010256335,false
d100_delay_median_cap1,borough,d100_median_borough_qnehvi,798,16439257.333333338,1056.047068698405,1.0012046261966026,0.91023244636580503,false
d100_delay_median_cap1,borough,d100_median_borough_qnehvi,799,19874343.333333336,882.7977116379802,1.2104126168525779,0.76090464575671135,false
d100_delay_median_cap1,borough,d100_median_borough_qnehvi,800,16203482.666666666,1124.6015168459749,0.98684517660468041,0.96932117914693938,false
d100_delay_median_cap1,borough,d100_median_borough_qnehvi,801,16474078.666666668,1032.3197150980511,1.003325359470421,0.88978126785909728,false
d100_delay_median_cap1,borough,d100_median_borough_qnehvi,802,19984933.33333333,962.3237301315556,1.2171479101426568,0.82945003971567355,false
d100_delay_median_cap1,borough,d100_median_borough_qnehvi,803,16565726.666666666,1706.2060790843875,1.0089070229069808,1.4706201829463361,false
d100_delay_median_cap1,borough,d100_median_borough_qnehvi,804,18150601.333333336,939.696037864078,1.1054310821168212,0.80994668584185026,false
d100_delay_median_cap1,borough,d100_median_borough_qnehvi,805,16761609.333333332,1715.6827307827157,1.0208369190137063,1.4787883376758006,false
d100_delay_median_cap1,borough,d100_median_borough_qnehvi,806,16519627.333333332,914.948235964206,1.0060994224867157,0.78861595832677767,false
d100_delay_median_cap1,borough,d100_median_borough_qnehvi,807,18302639.333333336,982.86287726821,1.1146906943895132,0.84715322615366684,false
d100_delay_median_cap1,borough,d100_median_borough_qnehvi,808,16631257.999999998,1035.45327202484,1.0128980957859925,0.89248215617349136,false
d100_delay_median_cap1,borough,d100_median_borough_qnehvi,809,16438458.666666666,1372.740730770342,1.0011559847801901,1.1831983541558584,false
d100_delay_median_cap1,borough,d100_median_borough_qnehvi,810,21043792.666666668,699.3518300926435,1.2816359123393977,0.60278821469597554,false
d100_delay_median_cap1,borough,d100_median_borough_qnehvi,811,19804576.666666668,853.4276987123419,1.20616359829872,0.7355899230445424,false
d100_delay_median_cap1,borough,d100_median_borough_qnehvi,812,20794970.666666668,667.7763637006294,1.2664818374047377,0.57557255843307065,false
d100_delay_median_cap1,borough,d100_median_borough_qnehvi,813,20862500.000000004,646.9296131544809,1.270594595029148,0.5576042411952925,false
d100_delay_median_cap1,borough,d100_median_borough_qnehvi,814,18788953.333333336,926.5271596581432,1.144308810142036,0.79859611200800107,false
d100_delay_median_cap1,borough,d100_median_borough_qnehvi,815,16473008.0,1159.273330176406,1.0032601523629436,0.99920565153754437,false
d100_delay_median_cap1,borough,d100_median_borough_qnehvi,816,18395292.0,1032.7025547670746,1.120333545317336,0.89011124660609642,false
d100_delay_median_cap1,borough,d100_median_borough_qnehvi,817,20200417.33333333,880.237488237481,1.230271591662861,0.75869792744068831,false
d100_delay_median_cap1,borough,d100_median_borough_qnehvi,818,16861202.666666668,928.0769041779006,1.02690247927898,0.79993187419822176,false
d100_delay_median_cap1,borough,d100_median_borough_qnehvi,819,21077754.666666664,615.3128795474428,1.2837043093980613,0.53035301572415872,false
d100_delay_median_cap1,borough,d100_median_borough_qnehvi,820,20170572.66666666,886.598980820095,1.2284539536924781,0.76418105137298364,false
d100_delay_median_cap1,borough,d100_median_borough_qnehvi,821,21257632.0,729.1713225094959,1.294659428271715,0.62849035462562086,false
d100_delay_median_cap1,borough,d100_median_borough_qnehvi,822,16330486.66666667,1699.607534707574,0.99458013626661401,1.464932738353584,false
d100_delay_median_cap1,borough,d100_median_borough_qnehvi,823,19403982.0,937.8375357539784,1.181766070760593,0.8083447980355265,false
d100_delay_median_cap1,borough,d100_median_borough_qnehvi,824,16333785.333333336,1130.0292545527595,0.9947810358729634,0.97399947722428548,false
d100_delay_median_cap1,borough,d100_median_borough_qnehvi,825,16329086.0,1181.087921236259,0.99449483107806469,1.0180081738638957,false
d100_delay_median_cap1,borough,d100_median_borough_qnehvi,826,19725092.000000004,1330.4629990879976,1.2013227217089366,1.1467581572397798,false
d100_delay_median_cap1,borough,d100_median_borough_qnehvi,827,19015962.666666668,915.1073603939394,1.1581344222189442,0.78875311151175009,false
d100_delay_median_cap1,borough,d100_median_borough_qnehvi,828,20245107.33333333,816.0855312050053,1.2329933590661852,0.70340380796474944,false
d100_delay_median_cap1,borough,d100_median_borough_qnehvi,829,18056998.666666668,880.6352096411836,1.099730373076822,0.75904073311383924,false
d100_delay_median_cap1,borough,d100_median_borough_qnehvi,830,19666452.0,806.7029427823511,1.1977513536057602,0.69531672864192917,false
d100_delay_median_cap1,borough,d100_median_borough_qnehvi,831,16350672.0,1003.6279653810548,0.99580948919326184,0.86505115657001852,false
d100_delay_median_cap1,borough,d100_median_borough_qnehvi,832,15838667.999999998,946.7366740866954,0.96462676828094052,0.81601518006226759,false
d100_delay_median_cap1,borough,d100_median_borough_qnehvi,833,17132712.666666664,691.3589998943294,1.0434383277389614,0.5958990015155774,false
d100_delay_median_cap1,borough,d100_median_borough_qnehvi,834,20615001.333333336,580.6446948577753,1.2555211154296948,0.5004716709465713,false
d100_delay_median_cap1,borough,d100_median_borough_qnehvi,835,15645311.333333336,1496.8545567417575,0.95285071384932796,1.2901750550911886,false
d100_delay_median_cap1,borough,d100_median_borough_qnehvi,836,16436432.666666668,1395.669238807449,1.0010325947430649,1.2029609883989105,false
d100_delay_median_cap1,borough,d100_median_borough_qnehvi,837,16118392.666666664,761.7003439547672,0.98166291685196483,0.65652790299409314,false
d100_delay_median_cap1,borough,d100_median_borough_qnehvi,838,18899404.000000004,596.1530196797529,1.1510356175756626,0.51383867025953045,false
d100_delay_median_cap1,borough,d100_median_borough_qnehvi,839,15996970.666666666,1171.619879375986,0.97426791927652412,1.0098474401615694,false
d100_delay_median_cap1,borough,d100_median_borough_qnehvi,840,15799040.666666664,989.3420199314278,0.96221333386278574,0.85273775552882303,false
d100_delay_median_cap1,borough,d100_median_borough_qnehvi,841,16220510.0,1327.703163987148,0.98788219698579949,1.1443793887834561,false
d100_delay_median_cap1,borough,d100_median_borough_qnehvi,842,17660378.0,648.8031114230396,1.0755748751574199,0.55921905455238474,false
d100_delay_median_cap1,borough,d100_median_borough_qnehvi,843,16059286.0,1088.9833845901735,0.97806312722000055,0.93862105164396936,false
d100_delay_median_cap1,borough,d100_median_borough_qnehvi,844,17507134.66666667,606.8623586427834,1.0662418541360861,0.52306930788186157,false
d100_delay_median_cap1,borough,d100_median_borough_qnehvi,845,16471768.666666666,886.325689291305,1.0031846729029186,0.76394549481097529,false
d100_delay_median_cap1,borough,d100_median_borough_qnehvi,846,16860463.333333332,696.68971916827,1.0268574514569426,0.6004936770650191,false
d100_delay_median_cap1,borough,d100_median_borough_qnehvi,847,16031820.0,802.598158586778,0.97639035784207029,0.69177871611305075,false
d100_delay_median_cap1,borough,d100_median_borough_qnehvi,848,15839288.666666666,1123.921751662878,0.96466456891422891,0.96873527313583041,false
d100_delay_median_cap1,borough,d100_median_borough_qnehvi,849,15879613.333333334,1272.4836158264457,0.96712047321683048,1.0967843280145457,false
d100_delay_median_cap1,borough,d100_median_borough_qnehvi,850,15707333.333333334,945.8162833155124,0.95662805683185159,0.81522187305153082,false
d100_delay_median_cap1,borough,d100_median_borough_qnehvi,851,16196428.666666666,895.8694355229804,0.98641556489595261,0.77217147993743296,false
d100_delay_median_cap1,borough,d100_median_borough_qnehvi,852,16288129.33333333,1043.37311238403,0.99200043590504705,0.89930845765061884,false
d100_delay_median_cap1,borough,d100_median_borough_qnehvi,853,16318532.000000002,840.1561090188168,0.99385205790342435,0.72415081970155426,false
d100_delay_median_cap1,borough,d100_median_borough_qnehvi,854,17714997.333333336,600.2258075153712,1.0789013714889923,0.51734910435382975,false
d100_delay_median_cap1,borough,d100_median_borough_qnehvi,855,17511137.333333332,715.9573593384921,1.0664856296487215,0.61710092097267299,false
d100_delay_median_cap1,borough,d100_median_borough_qnehvi,856,16869623.333333332,885.3943893064588,1.0274153254648737,0.76314278488579002,false
d100_delay_median_cap1,borough,d100_median_borough_qnehvi,857,15984433.333333336,1180.121722085099,0.97350435460453344,1.0171753835052986,false
d100_delay_median_cap1,borough,d100_median_borough_qnehvi,858,16106960.0,1251.7650919676455,0.98096662999883422,1.0789265324521495,false
d100_delay_median_cap1,borough,d100_median_borough_qnehvi,859,16647562.66666667,1478.9070725976658,1.0138911033996738,1.2747056855121195,false
d100_delay_median_cap1,borough,d100_median_borough_qnehvi,860,16113034.666666668,838.7929328935661,0.98133659709929066,0.72297586531164837,false
d100_delay_median_cap1,borough,d100_median_borough_qnehvi,861,16515062.0,1352.8281188095607,1.0058213787307977,1.1660351935015378,false
d100_delay_median_cap1,borough,d100_median_borough_qnehvi,862,15673858.0,1070.7919728219354,0.95458929936749515,0.92294143496072845,false
d100_delay_median_cap1,borough,d100_median_borough_qnehvi,863,16008696.0,995.8048739718932,0.97498203048842358,0.85830824534705485,false
d100_delay_median_cap1,borough,d100_median_borough_qnehvi,864,18412835.33333333,576.141091161199,1.1214019917888576,0.49658990626798621,false
d100_delay_median_cap1,borough,d100_median_borough_qnehvi,865,16667005.999999996,1253.9857911139443,1.0150752660955478,1.0808406066222236,false
d100_delay_median_cap1,borough,d100_median_borough_qnehvi,866,17058378.666666668,894.0877113537395,1.0389111436226335,0.77063576889065544,false
d100_delay_median_cap1,borough,d100_median_borough_qnehvi,867,16757387.999999998,919.5593278772404,1.0205798259847236,0.79259036969235441,false
d100_delay_median_cap1,borough,d100_median_borough_qnehvi,868,16361052.66666667,960.944631407671,0.99644170580006697,0.82826136125386152,false
d100_delay_median_cap1,borough,d100_median_borough_qnehvi,869,17718924.666666668,712.4217063922833,1.0791405589548382,0.61405345639830078,false
d100_delay_median_cap1,borough,d100_median_borough_qnehvi,870,16363290.666666668,861.7534882205993,0.99657800733169888,0.74276612188705071,false
d100_delay_median_cap1,borough,d100_median_borough_qnehvi,871,15720642.666666668,1082.6086505653673,0.95743863883289504,0.93312651459318974,false
d100_delay_median_cap1,borough,d100_median_borough_qnehvi,872,16159836.666666668,1059.857546707054,0.98418699222147421,0.91351678929183666,false
d100_delay_median_cap1,borough,d100_median_borough_qnehvi,873,16459444.666666666,1313.216500225209,1.0024341009298021,1.1318929837864131,false
d100_delay_median_cap1,borough,d100_median_borough_qnehvi,874,16544728.666666668,913.3765835412514,1.007628175918057,0.78726131318624826,false
d100_delay_median_cap1,borough,d100_median_borough_qnehvi,875,16394709.333333336,1957.8564310068984,0.99849150705846657,1.6875236925044501,false
d100_delay_median_cap1,borough,d100_median_borough_qnehvi,876,16347014.666666666,869.1495817081839,0.99558674561192906,0.74914099329979156,false
d100_delay_median_cap1,borough,d100_median_borough_qnehvi,877,17303858.66666667,1045.2545434884958,1.053861679808985,0.90093010851036437,false
d100_delay_median_cap1,borough,d100_median_borough_qnehvi,878,17271178.666666668,764.2370336340393,1.0518713607501207,0.65871433702802373,false
d100_delay_median_cap1,borough,d100_median_borough_qnehvi,879,16090513.999999998,1141.2683435030626,0.97996501472214892,0.98368671914122574,false
d100_delay_median_cap1,borough,d100_median_borough_qnehvi,880,17035999.999999996,700.3570236350988,1.0375482095106798,0.60365461526119657,false
d100_delay_median_cap1,borough,d100_median_borough_qnehvi,881,16890221.333333332,892.708721777886,1.0286698111434074,0.76944718450616467,false
d100_delay_median_cap1,borough,d100_median_borough_qnehvi,882,15854510.666666664,1298.3917547225317,0.96559163858112096,1.1191151779805752,false
d100_delay_median_cap1,borough,d100_median_borough_qnehvi,883,15946390.666666666,919.1533255668586,0.97118743157770704,0.79224042650595405,false
d100_delay_median_cap1,borough,d100_median_borough_qnehvi,884,17292080.666666668,818.0457131916297,1.053144361024551,0.70509333610974645,false
d100_delay_median_cap1,borough,d100_median_borough_qnehvi,885,16125722.0,1086.1575863667392,0.98210929726267793,0.936185427980885,false
d100_delay_median_cap1,borough,d100_median_borough_qnehvi,886,16064283.333333332,907.1255883609692,0.97836748119113981,0.78187342963084772,false
d100_delay_median_cap1,borough,d100_median_borough_qnehvi,887,15844919.999999998,1024.011040674617,0.96500753556233621,0.88261982092111124,false
d100_delay_median_cap1,borough,d100_median_borough_qnehvi,888,16971747.333333336,877.3562845814348,1.0336350116205482,0.75621454849854175,false
d100_delay_median_cap1,borough,d100_median_borough_qnehvi,889,15522803.333333334,929.561293456605,0.94538957531617851,0.80121130512943906,false
d100_delay_median_cap1,borough,d100_median_borough_qnehvi,890,17500468.000000004,796.6674341585598,1.0658358322962522,0.68666688164560408,false
d100_delay_median_cap1,borough,d100_median_borough_qnehvi,891,16292060.666666668,1102.5361892921296,0.99223986698399724,0.95030254098722755,false
d100_delay_median_cap1,borough,d100_median_borough_qnehvi,892,16265565.333333332,895.6577285717337,0.99062621438594656,0.77198900460857911,false
d100_delay_median_cap1,borough,d100_median_borough_qnehvi,893,16271100.66666667,1595.6762646425716,0.99096333431956052,1.3753518692718965,false
d100_delay_median_cap1,borough,d100_median_borough_qnehvi,894,16590813.999999998,1137.0365277513345,1.0104349236924584,0.98003921504937463,false
d100_delay_median_cap1,borough,d100_median_borough_qnehvi,895,15634082.0,1206.5267858195853,0.95216681066231212,1.0399345449781954,false
d100_delay_median_cap1,borough,d100_median_borough_qnehvi,896,15320505.33333333,724.7802374182768,0.93306896439298082,0.62470557244758107,false
d100_delay_median_cap1,borough,d100_median_borough_qnehvi,897,15770418.666666666,1221.3772489358691,0.96047016029782828,1.0527345174156557,false
d100_delay_median_cap1,borough,d100_median_borough_qnehvi,898,15771521.33333333,1140.761977138003,0.96053731631013672,0.98325026975474761,false
d100_delay_median_cap1,borough,d100_median_borough_qnehvi,899,18229587.33333333,490.1601939018082,1.1102415882729846,0.42248089657242205,false
d100_delay_median_cap1,borough,d100_median_borough_qnehvi,900,15789367.999999998,1338.7592371792168,0.96162423677537123,1.1539088850029948,false
d100_delay_median_cap1,borough,d100_median_borough_qnehvi,901,17068075.999999996,616.6002402459824,1.0395017429908548,0.5314626229686833,false
d100_delay_median_cap1,borough,d100_median_borough_qnehvi,902,15859619.333333334,672.8439465566305,0.96590277311698558,0.5799404303555451,false
d100_delay_median_cap1,borough,d100_median_borough_qnehvi,903,18847154.666666664,519.9060520577964,1.1478534620081506,0.44811956935615171,false
d100_delay_median_cap1,borough,d100_median_borough_qnehvi,904,17596049.333333336,577.5248020288936,1.0716570486183139,0.49778256004781907,false
d100_delay_median_cap1,borough,d100_median_borough_qnehvi,905,18730238.0,626.0438305716045,1.1407328539920696,0.53960228130338439,false
d100_delay_median_cap1,borough,d100_median_borough_qnehvi,906,16423601.33333333,1308.5753362171974,1.0002511245079369,1.1278926525566659,false
d100_delay_median_cap1,borough,d100_median_borough_qnehvi,907,17951673.999999996,503.8094991060217,1.0933157558358431,0.43424556202671616,false
d100_delay_median_cap1,borough,d100_median_borough_qnehvi,908,17978298.0,550.8380461209634,1.0949372446554024,0.4747806012946153,false
d100_delay_median_cap1,borough,d100_median_borough_qnehvi,909,16235497.333333332,764.9024597230361,0.9887949746839293,0.65928788382798753,false
d100_delay_median_cap1,borough,d100_median_borough_qnehvi,910,18511277.33333333,684.5545701026024,1.1273974320823921,0.59003409931658557,false
d100_delay_median_cap1,borough,d100_median_borough_qnehvi,911,15410703.33333333,844.3246475557928,0.93856231807937684,0.7277437836354046,false
d100_delay_median_cap1,borough,d100_median_borough_qnehvi,912,15297593.999999998,777.3599433920905,0.93167358913602472,0.67002528954762197,false
d100_delay_median_cap1,borough,d100_median_borough_qnehvi,913,17814060.666666664,707.627034284255,1.0849346530179989,0.60992081283366162,false
d100_delay_median_cap1,borough,d100_median_borough_qnehvi,914,17249876.0,653.0657803861607,1.0505739585631162,0.56289315177149024,false
d100_delay_median_cap1,borough,d100_median_borough_qnehvi,915,17776380.000000004,692.9175717164057,1.0826397769770759,0.59724237217063147,false
d100_delay_median_cap1,borough,d100_median_borough_qnehvi,916,16014821.333333334,1249.7458316674351,0.97535508335486265,1.0771860832833682,false
d100_delay_median_cap1,borough,d100_median_borough_qnehvi,917,18619528.0,694.115937619528,1.1339902523088738,0.59827527265392599,false
d100_delay_median_cap1,borough,d100_median_borough_qnehvi,918,17642147.333333332,655.2933355812172,1.0744645678342111,0.56481313533539534,false
d100_delay_median_cap1,borough,d100_median_borough_qnehvi,919,14962506.0,904.282773527792,0.9112656321961029,0.77942313894128845,false
d100_delay_median_cap1,borough,d100_median_borough_qnehvi,920,18797900.0,851.7238651717586,1.1448536914510923,0.73412134780976912,false
d100_delay_median_cap1,borough,d100_median_borough_qnehvi,921,15623734.000000002,1322.628680132817,0.95153658356252269,1.14000556872403,false
d100_delay_median_cap1,borough,d100_median_borough_qnehvi,922,17030150.666666664,599.8153159896361,1.0371919659484099,0.51699529180441106,false
d100_delay_median_cap1,borough,d100_median_borough_qnehvi,923,18109495.33333333,482.803914080446,1.1029275920545909,0.41614034151913004,false
d100_delay_median_cap1,borough,d100_median_borough_qnehvi,924,15028287.333333334,790.9464381148055,0.91527193089410841,0.68173581713256715,false
d100_delay_median_cap1,borough,d100_median_borough_qnehvi,925,15844476.0,1310.673916081621,0.96498049450780354,1.1297014691714808,false
d100_delay_median_cap1,borough,d100_median_borough_qnehvi,926,14799644.000000002,890.9140495065777,0.90134680286425695,0.76790031317783347,false
d100_delay_median_cap1,borough,d100_median_borough_qnehvi,927,16926258.0,979.2875097276134,1.0308645621986279,0.84407153061225004,false
d100_delay_median_cap1,borough,d100_median_borough_qnehvi,928,15464726.000000004,897.9019568247132,0.94185247545628459,0.77392335908335697,false
d100_delay_median_cap1,borough,d100_median_borough_qnehvi,929,16899109.333333332,604.6636130152891,1.0292111194602735,0.52117415597928862,false
d100_delay_median_cap1,borough,d100_median_borough_qnehvi,930,17602012.0,720.8490015044606,1.0720201945518608,0.6213171453697196,false
d100_delay_median_cap1,borough,d100_median_borough_qnehvi,931,16898921.333333332,650.9757925217763,1.0291996696443904,0.56109174080879687,false
d100_delay_median_cap1,borough,d100_median_borough_qnehvi,932,16027209.333333332,1212.6115176101598,0.97610955313764136,1.0451791221067894,false
d100_delay_median_cap1,borough,d100_median_borough_qnehvi,933,15826794.0,1270.4388505149475,0.96390360278201281,1.0950218954612099,false
d100_delay_median_cap1,borough,d100_median_borough_qnehvi,934,17724094.0,644.7785184833521,1.0794553882894453,0.55575016080162287,false
d100_delay_median_cap1,borough,d100_median_borough_qnehvi,935,15582102.0,1012.8048381896896,0.94900105837713,0.87296092464208641,false
d100_delay_median_cap1,borough,d100_median_borough_qnehvi,936,18769744.0,651.0780692225126,1.1431388988127393,0.56117989556465653,false
d100_delay_median_cap1,borough,d100_median_borough_qnehvi,937,15652247.333333336,1001.845677511008,0.9532731389714908,0.86351495965591663,false
d100_delay_median_cap1,borough,d100_median_borough_qnehvi,938,17067172.0,746.6709135287633,1.0394466864293737,0.64357367431467727,false
d100_delay_median_cap1,borough,d100_median_borough_qnehvi,939,17712880.0,772.9686528836451,1.0787724189526608,0.66624033031551921,false
d100_delay_median_cap1,borough,d100_median_borough_qnehvi,940,16001950.0,1471.9831360204232,0.974571176988696,1.2687377775315094,false
d100_delay_median_cap1,borough,d100_median_borough_qnehvi,941,18279923.333333336,689.7677753715043,1.1133072155724644,0.59452748670997924,false
d100_delay_median_cap1,borough,d100_median_borough_qnehvi,942,18210852.666666664,786.9511314347736,1.1091005856986844,0.67829216591555319,false
d100_delay_median_cap1,borough,d100_median_borough_qnehvi,943,15353818.666666668,649.6631552387362,0.93509785552662938,0.55996034706627651,false
d100_delay_median_cap1,borough,d100_median_borough_qnehvi,944,16162480.666666668,1360.9806845784062,0.98434802048315229,1.1730620866239065,false
d100_delay_median_cap1,borough,d100_median_borough_qnehvi,945,15431801.333333334,702.9031276790241,0.93984725539589842,0.60584916376314968,false
d100_delay_median_cap1,borough,d100_median_borough_qnehvi,946,17689882.0,1022.4800617894184,1.0773717654117874,0.88130023328405049,false
d100_delay_median_cap1,borough,d100_median_borough_qnehvi,947,18215026.0,747.1884219197882,1.1093547553704206,0.64401972728214385,false
d100_delay_median_cap1,borough,d100_median_borough_qnehvi,948,16460994.0,1506.2268150167556,1.0025284604053797,1.2982532306105226,false
d100_delay_median_cap1,borough,d100_median_borough_qnehvi,949,16005474.666666664,812.5316120576249,0.97478584073541596,0.70034059931090287,false
d100_delay_median_cap1,borough,d100_median_borough_qnehvi,950,17216850.666666668,755.9889649340009,1.0485626075729488,0.65160512762518674,false
d100_delay_median_cap1,borough,d100_median_borough_qnehvi,951,15878666.666666666,1119.7129614667672,0.96706281811557371,0.96510761532587297,false
d100_delay_median_cap1,borough,d100_median_borough_qnehvi,952,15863330.666666664,1151.3287068970258,0.96612880547522062,0.99235798906360007,false
d100_delay_median_cap1,borough,d100_median_borough_qnehvi,953,17733824.666666668,626.663383560002,1.0800480177668661,0.54013628897122179,false
d100_delay_median_cap1,borough,d100_median_borough_qnehvi,954,16187631.333333336,802.3718688941367,0.9858797784761083,0.69158367156757039,false
d100_delay_median_cap1,borough,d100_median_borough_qnehvi,955,15462299.333333334,1258.976483715831,0.94170468350658509,1.0851422049796469,false
d100_delay_median_cap1,borough,d100_median_borough_qnehvi,956,15853953.333333332,1249.3177984990984,0.96555769515531098,1.0768171511689872,false
d100_delay_median_cap1,borough,d100_median_borough_qnehvi,957,18708895.33333333,670.8297795505661,1.1394330156740262,0.57820437121986745,false
d100_delay_median_cap1,borough,d100_median_borough_qnehvi,958,18190088.666666668,663.0965035315088,1.1078359900763393,0.57153887404849213,false
d100_delay_median_cap1,borough,d100_median_borough_qnehvi,959,15523544.666666668,587.2718437963487,0.94543472494476788,0.50618377050120855,false
d100_delay_median_cap1,borough,d100_median_borough_qnehvi,960,15291060.0,846.9818028751874,0.93127564713080402,0.73003404991087251,false
d100_delay_median_cap1,borough,d100_median_borough_qnehvi,961,17186276.0,599.3072246711815,1.0467005102111042,0.51655735563898608,false
d100_delay_median_cap1,borough,d100_median_borough_qnehvi,962,14863649.999999998,899.3071597167684,0.90524497794631476,0.77513453735749593,false
d100_delay_median_cap1,borough,d100_median_borough_qnehvi,963,16192497.999999996,632.1206769092041,0.98617617441918659,0.54484006176981725,false
d100_delay_median_cap1,borough,d100_median_borough_qnehvi,964,15048151.333333332,1025.0567623116306,0.91648171356807651,0.88352115362879968,false
d100_delay_median_cap1,borough,d100_median_borough_qnehvi,965,15009638.666666666,847.2261059500066,0.91413616600154191,0.73024462062503714,false
d100_delay_median_cap1,borough,d100_median_borough_qnehvi,966,15528558.666666666,650.2984047659941,0.94574009397050662,0.56050788395964735,false
d100_delay_median_cap1,borough,d100_median_borough_qnehvi,967,15041071.333333332,878.9261771238998,0.91605051837417317,0.75756767675561898,false
d100_delay_median_cap1,borough,d100_median_borough_qnehvi,968,15864201.333333332,711.8526976910287,0.96618183192750295,0.61356301407096692,false
d100_delay_median_cap1,borough,d100_median_borough_qnehvi,969,15618364.666666666,720.1737515990526,0.95120957357272051,0.6207351311853847,false
d100_delay_median_cap1,borough,d100_median_borough_qnehvi,970,15941462.666666666,751.5678829160961,0.97088730023370207,0.64779449037234027,false
d100_delay_median_cap1,borough,d100_median_borough_qnehvi,971,15928477.333333334,651.7437489196927,0.97009645089407437,0.56175366095563206,false
d100_delay_median_cap1,borough,d100_median_borough_qnehvi,972,14941427.333333334,762.2426316856365,0.90998187234291694,0.6569953138723903,false
d100_delay_median_cap1,borough,d100_median_borough_qnehvi,973,15758774.666666666,661.0306407580151,0.95976100255237506,0.56975825708367167,false
d100_delay_median_cap1,borough,d100_median_borough_qnehvi,974,15230444.000000002,966.9550727810878,0.92758393415430163,0.83344190567960053,false
d100_delay_median_cap1,borough,d100_median_borough_qnehvi,975,15589859.333333332,654.4588830710558,0.94947350538996,0.5640939005851523,false
d100_delay_median_cap1,borough,d100_median_borough_qnehvi,976,15688650.666666668,625.590788696936,0.95549022122790195,0.53921179358166382,false
d100_delay_median_cap1,borough,d100_median_borough_qnehvi,977,15712818.666666668,704.5443368973172,0.95696213160166654,0.60726376158368622,false
d100_delay_median_cap1,borough,d100_median_borough_qnehvi,978,15662516.000000002,667.7850394235631,0.9538985344113865,0.57558003624797482,false
d100_delay_median_cap1,borough,d100_median_borough_qnehvi,979,15628821.333333336,631.0936816998023,0.95184641882849974,0.54395486982187524,false
d100_delay_median_cap1,borough,d100_median_borough_qnehvi,980,16003826.666666668,714.3666280091272,0.97468547213660928,0.61572983126241687,false
d100_delay_median_cap1,borough,d100_median_borough_qnehvi,981,15708689.333333334,679.1061912713457,0.9567106416740736,0.58533801015607612,false
d100_delay_median_cap1,borough,d100_median_borough_qnehvi,982,14963467.333333334,1164.9923994347416,0.91132418054540698,1.0041350553077442,false
d100_delay_median_cap1,borough,d100_median_borough_qnehvi,983,15660812.666666666,692.6572450006133,0.95379479583130877,0.5970179902937307,false
d100_delay_median_cap1,borough,d100_median_borough_qnehvi,984,15710014.0,896.1267002540774,0.95679131821364849,0.7723932226158523,false
d100_delay_median_cap1,borough,d100_median_borough_qnehvi,985,15662102.000000002,656.3138297987579,0.95387332045513273,0.56569272392161163,false
d100_delay_median_cap1,borough,d100_median_borough_qnehvi,986,15528720.0,726.6993262671201,0.94574991969903077,0.62635968142572451,false
d100_delay_median_cap1,borough,d100_median_borough_qnehvi,987,15893363.333333332,783.0598254629197,0.96795789326148696,0.67493815541800606,false
d100_delay_median_cap1,borough,d100_median_borough_qnehvi,988,15780511.333333334,598.0877876842628,0.96108483676115253,0.51550629348021315,false
d100_delay_median_cap1,borough,d100_median_borough_qnehvi,989,16054519.333333332,637.9909523557671,0.9777728216045195,0.54989979380160259,false
d100_delay_median_cap1,borough,d100_median_borough_qnehvi,990,15683238.666666666,717.3535761901238,0.95516061269832486,0.61830435396177674,false
d100_delay_median_cap1,borough,d100_median_borough_qnehvi,991,15620902.0,639.177510050851,0.9513641054849612,0.55092251650550772,false
d100_delay_median_cap1,borough,d100_median_borough_qnehvi,992,15913900.0,976.4923282365974,0.96920864353909419,0.84166229624948652,false
d100_delay_median_cap1,borough,d100_median_borough_qnehvi,993,16431230.0,684.2286251717417,1.0007157352992586,0.58975315951703333,false
d100_delay_median_cap1,borough,d100_median_borough_qnehvi,994,15837069.333333332,753.086154813812,0.96452940424374844,0.64910312555032501,false
d100_delay_median_cap1,borough,d100_median_borough_qnehvi,995,15702184.0,742.5332766879778,0.95631444556276402,0.64000734529829784,false
d100_delay_median_cap1,borough,d100_median_borough_qnehvi,996,15068400.0,1091.8404889161372,0.91771492370220298,0.94108365879210476,false
d100_delay_median_cap1,borough,d100_median_borough_qnehvi,997,16236894.0,773.3172641784046,0.98888003625937448,0.66654080680095729,false
d100_delay_median_cap1,borough,d100_median_borough_qnehvi,998,15719626.0,1079.7623941003055,0.95737672050232048,0.93067325747807739,false
d100_delay_median_cap1,borough,d100_median_borough_qnehvi,999,15732310.000000002,668.4501412114607,0.958149217654788,0.57615330352499727,false
d100_delay_median_cap1,borough,d100_median_borough_qnehvi,1000,16545972.666666668,636.8430086045762,1.00770393959337,0.54891035338752636,false
d100_delay_median_cap1,borough,d100_median_borough_qnehvi,1001,16152576.000000004,719.6217309360025,0.98374479383571189,0.62025933125802724,false
d100_delay_median_cap1,borough,d100_median_borough_qnehvi,1002,15085886.666666666,893.2692256825271,0.91877991898808631,0.76993029634411325,false
d100_delay_median_cap1,borough,d100_median_borough_qnehvi,1003,15742933.999999998,639.3846023922821,0.95879625405874647,0.55110101439083092,false
d100_delay_median_cap1,borough,d100_median_borough_qnehvi,1004,15141511.333333332,1068.483125649242,0.92216764341310564,0.92095138388007403,false
d100_delay_median_cap1,borough,d100_median_borough_qnehvi,1005,16173500.666666666,932.0680134816872,0.98501917458439703,0.80337190759538513,false
d100_delay_median_cap1,borough,d100_median_borough_qnehvi,1006,15667319.333333334,728.6359796333732,0.95419107314698648,0.6280289296851792,false
d100_delay_median_cap1,borough,d100_median_borough_qnehvi,1007,16100277.333333334,759.4773926307498,0.98055963370658517,0.65461188761770828,false
d100_delay_median_cap1,borough,d100_median_borough_qnehvi,1008,15558810.000000004,758.7259185694243,0.94758249927311966,0.6539641739944283,false
d100_delay_median_cap1,borough,d100_median_borough_qnehvi,1009,16018375.333333336,689.2078484039918,0.97557153359767801,0.59404487214806079,false
d100_delay_median_cap1,borough,d100_median_borough_qnehvi,1010,16023297.333333332,673.8522841651683,0.97587129952202689,0.58080954086717507,false
d100_delay_median_cap1,borough,d100_median_borough_qnehvi,1011,15123458.666666666,1105.442675333572,0.92106817687302045,0.9528077114273017,false
d100_delay_median_cap1,borough,d100_median_borough_qnehvi,1012,16090110.666666668,615.457452992302,0.97994045040083921,0.53047762706421553,false
d100_delay_median_cap1,borough,d100_median_borough_qnehvi,1013,16172391.999999998,920.4574686832918,0.9849516531524326,0.79336449892134864,false
d100_delay_median_cap1,borough,d100_median_borough_qnehvi,1014,16587867.333333332,742.2383746121052,1.0102554620392521,0.6397531620843897,false
d100_delay_median_cap1,borough,d100_median_borough_qnehvi,1015,15780494.0,659.0280084220904,0.96108378110436887,0.56803213995846935,false
d100_delay_median_cap1,borough,d100_median_borough_qnehvi,1016,15887854.0,638.2731825048613,0.96762235681304853,0.55014305477610148,false
d100_delay_median_cap1,borough,d100_median_borough_qnehvi,1017,15963996.000000002,682.8789517368061,0.97225965405233983,0.58858984342167175,false
d100_delay_median_cap1,borough,d100_median_borough_qnehvi,1018,15667531.333333334,817.1735431244532,0.95420398464149314,0.70434159168714994,false
d100_delay_median_cap1,borough,d100_median_borough_qnehvi,1019,15599139.333333334,652.3876020977494,0.95003868779100875,0.56230861354319561,false
d100_delay_median_cap1,borough,d100_median_borough_qnehvi,1020,15982144.666666666,714.1553767260057,0.97336496730691835,0.61554774868491346,false
d100_delay_median_cap1,borough,d100_median_borough_qnehvi,1021,15780665.333333334,830.4177093771985,0.96109421586565258,0.71575705810492063,false
d100_delay_median_cap1,borough,d100_median_borough_qnehvi,1022,15947070.666666668,684.9340307799822,0.97122884580537017,0.59036116562916663,false
d100_delay_median_cap1,borough,d100_median_borough_qnehvi,1023,14985823.333333336,1276.4850116008693,0.91268573418310472,1.1002332275689193,false
d100_delay_median_cap1,borough,d100_median_borough_qnehvi,1024,16277394.666666662,554.8566701439297,0.99134665953854706,0.47824435029205103,false
d100_delay_median_cap1,borough,d100_median_borough_qnehvi,1025,15591357.33333333,1250.8040791242036,0.94956473849737066,1.0780982122972977,false
d100_delay_median_cap1,borough,d100_median_borough_qnehvi,1026,15544061.999999998,561.2317819165646,0.94668429775903951,0.48373921293279776,false
d100_delay_median_cap1,borough,d100_median_borough_qnehvi,1027,14997944.666666666,685.9287917567631,0.91342396309229001,0.59121857411433987,false
d100_delay_median_cap1,borough,d100_median_borough_qnehvi,1028,16625041.333333332,580.4498965652807,1.0125194804203479,0.50030376959862866,false
d100_delay_median_cap1,borough,d100_median_borough_qnehvi,1029,15753920.0,1303.458973181419,0.9594653374486084,1.123482735820386,false
d100_delay_median_cap1,borough,d100_median_borough_qnehvi,1030,15062346.000000002,665.3612873058237,0.91734621526945015,0.57349094582302496,false
d100_delay_median_cap1,borough,d100_median_borough_qnehvi,1031,16541922.0,596.4634503356415,1.007457240723487,0.51410623793119181,false
d100_delay_median_cap1,borough,d100_median_borough_qnehvi,1032,15559089.333333332,1143.495650744037,0.94759951158820843,0.98560648898752545,false
d100_delay_median_cap1,borough,d100_median_borough_qnehvi,1033,16678398.000000002,588.4316902321042,1.0157690762154561,0.50718347012627119,false
d100_delay_median_cap1,borough,d100_median_borough_qnehvi,1034,16132609.333333334,596.1265341829801,0.98252875842541021,0.51381584177088135,false
d100_delay_median_cap1,borough,d100_median_borough_qnehvi,1035,15880453.333333334,747.9181763934635,0.96717163196864941,0.64464872026882813,false
d100_delay_median_cap1,borough,d100_median_borough_qnehvi,1036,16393341.333333336,646.0154697347423,0.99840819137693271,0.5568163189274874,false
d100_delay_median_cap1,borough,d100_median_borough_qnehvi,1037,15281510.000000002,1017.3070304057568,0.93069402084524255,0.87684147273156765,false
d100_delay_median_cap1,borough,d100_median_borough_qnehvi,1038,16095834.666666664,595.5734659858906,0.98028906075252009,0.51333913894866301,false
d100_delay_median_cap1,borough,d100_median_borough_qnehvi,1039,14958533.999999998,1116.1579729263815,0.91102372438392976,0.96204348493639513,false
d100_delay_median_cap1,borough,d100_median_borough_qnehvi,1040,15742465.333333332,1251.421882804742,0.95876771072340627,1.078630712194488,false
d100_delay_median_cap1,borough,d100_median_borough_qnehvi,1041,16032618.0,1369.9431551012494,0.97643895865629848,1.1807870561932494,false
d100_delay_median_cap1,borough,d100_median_borough_qnehvi,1042,14865488.666666668,892.2912254936016,0.90535695876974098,0.7690873343863579,false
d100_delay_median_cap1,borough,d100_median_borough_qnehvi,1043,15813761.333333332,623.9956132256593,0.96310987068732234,0.53783687335827601,false
d100_delay_median_cap1,borough,d100_median_borough_qnehvi,1044,16099048.0,1279.2911350602596,0.98048476327931988,1.1026518930782072,false
d100_delay_median_cap1,borough,d100_median_borough_qnehvi,1045,16619156.0,606.4745423375787,1.0121610443401428,0.52273503965207302,false
d100_delay_median_cap1,borough,d100_median_borough_qnehvi,1046,16835518.666666664,686.3519650282792,1.0253382395388371,0.59158331736640302,false
d100_delay_median_cap1,borough,d100_median_borough_qnehvi,1047,15514731.333333334,1249.1543446151684,0.94489796407250803,1.0766762663229918,false
d100_delay_median_cap1,borough,d100_median_borough_qnehvi,1048,16423769.333333332,615.9484963235194,1.0002613562583007,0.53090086915814672,false
d100_delay_median_cap1,borough,d100_median_borough_qnehvi,1049,14790058.0,708.9592945971852,0.90076298406076005,0.61106912013906345,false
d100_delay_median_cap1,borough,d100_median_borough_qnehvi,1050,15334719.333333334,576.9969172682938,0.93393464355769007,0.49732756343707879,false
d100_delay_median_cap1,borough,d100_median_borough_qnehvi,1051,16597294.666666666,592.6994659772641,1.0108296175229605,0.5108619690040207,false
d100_delay_median_cap1,borough,d100_median_borough_qnehvi,1052,15388314.666666668,1095.5378760115482,0.93719877493466397,0.94427052593162097,false
d100_delay_median_cap1,borough,d100_median_borough_qnehvi,1053,16450662.666666662,596.7216681014421,1.0018992483601892,0.51432880205321485,false
d100_delay_median_cap1,borough,d100_median_borough_qnehvi,1054,15006877.999999998,1033.7884990835505,0.91396803235766688,0.89104724821161307,false
d100_delay_median_cap1,borough,d100_median_borough_qnehvi,1055,15496147.333333332,1084.258696731314,0.94376613759178785,0.93454872919210674,false
d100_delay_median_cap1,borough,d100_median_borough_qnehvi,1056,15392377.333333332,1136.8965701059,0.93744620464385842,0.97991858217820105,false
d100_delay_median_cap1,borough,d100_median_borough_qnehvi,1057,16673530.0,622.859914982156,1.0154725990680094,0.53685798764270698,false
d100_delay_median_cap1,borough,d100_median_borough_qnehvi,1058,16088934.666666666,1173.6093110684783,0.97986882814829246,1.0115621793337226,false
d100_delay_median_cap1,borough,d100_median_borough_qnehvi,1059,16596128.666666666,577.5729570614048,1.0107586043031735,0.49782406603211349,false
d100_delay_median_cap1,borough,d100_median_borough_qnehvi,1060,14708609.333333332,827.7533859226791,0.89580249343696139,0.71346061344085288,false
d100_delay_median_cap1,borough,d100_median_borough_qnehvi,1061,16462138.0,625.0693476981146,1.0025981337530951,0.53876235100466041,false
d100_delay_median_cap1,borough,d100_median_borough_qnehvi,1062,16416499.33333333,660.2092428769752,0.99981858944196234,0.56905027443322032,false
d100_delay_median_cap1,borough,d100_median_borough_qnehvi,1063,16512588.66666667,626.4173195544997,1.0056707446282196,0.53992420046841771,false
d100_delay_median_cap1,borough,d100_median_borough_qnehvi,1064,15694823.333333334,743.4031920501718,0.95586615684940379,0.64075714633627323,false
d100_delay_median_cap1,borough,d100_median_borough_qnehvi,1065,14877173.333333334,696.047523607132,0.90606859324841738,0.59994015321746919,false
d100_delay_median_cap1,borough,d100_median_borough_qnehvi,1066,15642934.0,640.2909086694704,0.9527059264612433,0.55188218163639569,false
d100_delay_median_cap1,borough,d100_median_borough_qnehvi,1067,14759321.999999998,828.0968456177311,0.89889106097039118,0.7137566496382175,false
d100_delay_median_cap1,borough,d100_median_borough_qnehvi,1068,15382298.0,578.9126711270014,0.93683234022421435,0.49897879790676536,false
d100_delay_median_cap1,borough,d100_median_borough_qnehvi,1069,15260898.000000002,682.7297930465148,0.92943868252084516,0.58846127994795472,false
d100_delay_median_cap1,borough,d100_median_borough_qnehvi,1070,15762377.333333334,905.393304869513,0.95998041675462131,0.78038033269704288,false
d100_delay_median_cap1,borough,d100_median_borough_qnehvi,1071,16463562.666666668,645.2959906289419,1.0026849006202676,0.55619618252827463,false
d100_delay_median_cap1,borough,d100_median_borough_qnehvi,1072,15316448.666666666,1024.106176204598,0.93282190010344213,0.88270182052961121,false
d100_delay_median_cap1,borough,d100_median_borough_qnehvi,1073,15465650.000000002,1224.334880677905,0.94190875008328545,1.055283771568996,false
d100_delay_median_cap1,borough,d100_median_borough_qnehvi,1074,14969224.0,1012.4681773892842,0.91167478040410299,0.87267074857604587,false
d100_delay_median_cap1,borough,d100_median_borough_qnehvi,1075,14981473.333333334,851.6781118374105,0.91242080493261324,0.73408191190706418,false
d100_delay_median_cap1,borough,d100_median_borough_qnehvi,1076,14981524.000000002,822.4957846029738,0.91242389069859597,0.7089289600201869,false
d100_delay_median_cap1,borough,d100_median_borough_qnehvi,1077,16401446.666666664,692.1184435555037,0.99890183272980204,0.596553584329239,false
d100_delay_median_cap1,borough,d100_median_borough_qnehvi,1078,14760696.666666666,876.4417085173885,0.89897478267376496,0.75542625332417002,false
d100_delay_median_cap1,borough,d100_median_borough_qnehvi,1079,15275236.0,1117.3540203533205,0.93031191369177524,0.96307438706913262,false
d100_delay_median_cap1,borough,d100_median_borough_qnehvi,1080,15127381.333333334,897.4040743900755,0.92130708012357854,0.77349422220118991,false
d100_delay_median_cap1,borough,d100_median_borough_qnehvi,1081,15300764.0,795.4835747184032,0.93186665252086565,0.68564648463271805,false
d100_delay_median_cap1,borough,d100_median_borough_qnehvi,1082,15722122.666666666,789.985072713152,0.9575287756813381,0.68090719309928704,false
d100_delay_median_cap1,borough,d100_median_borough_qnehvi,1083,16008779.333333334,1067.6746485949848,0.97498710576142156,0.92025453800195001,false
d100_delay_median_cap1,borough,d100_median_borough_qnehvi,1084,14991839.333333334,972.7343725261107,0.9130521282913705,0.83842322355937748,false
d100_delay_median_cap1,borough,d100_median_borough_qnehvi,1085,16669273.333333332,705.4550464256148,1.0152133541232755,0.60804872409761357,false
d100_delay_median_cap1,borough,d100_median_borough_qnehvi,1086,14959917.333333336,685.2742707664243,0.91110797391569531,0.5906544266820023,false
d100_delay_median_cap1,borough,d100_median_borough_qnehvi,1087,15634190.666666666,883.4360209759641,0.95217342881830136,0.76145481997476705,false
d100_delay_median_cap1,borough,d100_median_borough_qnehvi,1088,14753352.666666668,733.8207320578723,0.89852750901500444,0.63249779288553787,false
d100_delay_median_cap1,borough,d100_median_borough_qnehvi,1089,15914475.333333332,761.3102481349845,0.96924368322387178,0.65619166999569511,false
d100_delay_median_cap1,borough,d100_median_borough_qnehvi,1090,15992743.333333336,868.0746042541624,0.974010460827886,0.74821444429760764,false
d100_delay_median_cap1,borough,d100_median_borough_qnehvi,1091,15160488.666666666,1267.0752495947388,0.92332342518237587,1.0921227266789195,false
d100_delay_median_cap1,borough,d100_median_borough_qnehvi,1092,15203619.333333336,1088.8996594079963,0.92595022407736327,0.93854888688952387,false
d100_delay_median_cap1,borough,d100_median_borough_qnehvi,1093,15781273.999999998,707.4808289354909,0.96113128565962924,0.60979479491625821,false
d100_delay_median_cap1,borough,d100_median_borough_qnehvi,1094,15191046.0,1440.8515636503996,0.92518446688743705,1.2419047242354033,false
d100_delay_median_cap1,borough,d100_median_borough_qnehvi,1095,16135464.000000002,871.3487228118029,0.98270261697722683,0.75103648607277751,false
d100_delay_median_cap1,borough,d100_median_borough_qnehvi,1096,16021653.333333334,755.8259221742147,0.97577117453632423,0.65146459713700944,false
d100_delay_median_cap1,borough,d100_median_borough_qnehvi,1097,15514456.0,1325.6510224350204,0.94488119537052273,1.1426105984703652,false
d100_delay_median_cap1,borough,d100_median_borough_qnehvi,1098,15171480.666666666,1184.876742231697,0.92399287399189334,1.0212738500877505,false
d100_delay_median_cap1,borough,d100_median_borough_qnehvi,1099,15953244.0,722.6162914599804,0.97160482202905596,0.62284041521945577,false
d100_delay_median_cap1,borough,d100_median_borough_qnehvi,1100,15665940.666666668,827.6742918480898,0.95410710783050889,0.7133924403497659,false
d100_delay_median_cap1,borough,d100_median_borough_qnehvi,1101,18538139.333333336,577.0628246207248,1.1290334158816338,0.49738437057419888,false
d100_delay_median_cap1,borough,d100_median_borough_qnehvi,1102,16248127.333333332,902.2200026734158,0.98956418305949401,0.77764518697615026,false
d100_delay_median_cap1,borough,d100_median_borough_qnehvi,1103,16177479.33333333,672.8125467249417,0.98526148841840955,0.5799133660830702,false
d100_delay_median_cap1,borough,d100_median_borough_qnehvi,1104,15782112.666666668,726.448740149109,0.96118236320708061,0.62614369520504987,false
d100_delay_median_cap1,borough,d100_median_borough_qnehvi,1105,16131093.333333332,720.8623739553842,0.98243642905903172,0.62132867140779013,false
d100_delay_median_cap1,borough,d100_median_borough_qnehvi,1106,15853627.33333333,862.5959568798738,0.96553784068734272,0.74349226594960949,false
d100_delay_median_cap1,borough,d100_median_borough_qnehvi,1107,15751327.33333333,769.1243148785572,0.95930743555509679,0.66292680264166182,false
d100_delay_median_cap1,borough,d100_median_borough_qnehvi,1108,15930883.333333332,692.2852377703846,0.97024298417607013,0.59669734828706877,false
d100_delay_median_cap1,borough,d100_median_borough_qnehvi,1109,15395359.999999998,583.1356650548821,0.9376278588150001,0.50261869825580985,false
d100_delay_median_cap1,borough,d100_median_borough_qnehvi,1110,15038806.000000002,716.6006557274152,0.91591255215299794,0.61765539365024924,false
d100_delay_median_cap1,borough,d100_median_borough_qnehvi,1111,16227999.333333332,613.445773413381,0.98833832192066851,0.52874371190200387,false
d100_delay_median_cap1,borough,d100_median_borough_qnehvi,1112,15077097.33333333,1313.6232608078165,0.9182446197944496,1.1322435805459385,false
d100_delay_median_cap1,borough,d100_median_borough_qnehvi,1113,15628759.333333336,662.0187464956814,0.951842642825389,0.57060992925769005,false
d100_delay_median_cap1,borough,d100_median_borough_qnehvi,1114,16143999.999999998,882.26206317098,0.98322248734094941,0.76044295742011991,false
d100_delay_median_cap1,borough,d100_median_borough_qnehvi,1115,15402654.0,542.0818159964645,0.93807208730996205,0.46723339530029534,false
d100_delay_median_cap1,borough,d100_median_borough_qnehvi,1116,15825106.666666668,726.3300594754935,0.96380083865435107,0.62604140146920872,false
d100_delay_median_cap1,borough,d100_median_borough_qnehvi,1117,15686449.333333334,771.84922705806,0.95535615281638897,0.66527547018953714,false
d100_delay_median_cap1,borough,d100_median_borough_qnehvi,1118,15253624.666666664,1231.7994360224304,0.92899571269358661,1.0617176519079232,false
d100_delay_median_cap1,borough,d100_median_borough_qnehvi,1119,15714810.666666666,713.6253541832988,0.95708345092740854,0.61509090946819955,false
d100_delay_median_cap1,borough,d100_median_borough_qnehvi,1120,15183076.666666664,645.7238635831545,0.92469910838009983,0.55656497655023696,false
d100_delay_median_cap1,borough,d100_median_borough_qnehvi,1121,15849412.000000002,809.5318867467367,0.96528111307801656,0.6977550636950326,false
d100_delay_median_cap1,borough,d100_median_borough_qnehvi,1122,15533236.666666664,667.7437645316804,0.94602499949551788,0.57554446042287621,false
d100_delay_median_cap1,borough,d100_median_borough_qnehvi,1123,15630996.666666666,609.4644857528745,0.95197890375483718,0.52531214401613735,false
d100_delay_median_cap1,borough,d100_median_borough_qnehvi,1124,15977837.333333336,806.870517019646,0.973102636596202,0.69546116491989607,false
d100_delay_median_cap1,borough,d100_median_borough_qnehvi,1125,15817800.666666666,554.4251685100368,0.96335587932007738,0.47787242862352797,false
d100_delay_median_cap1,borough,d100_median_borough_qnehvi,1126,15722448.666666664,625.8740545427434,0.95754863014930602,0.53945594724814661,false
d100_delay_median_cap1,borough,d100_median_borough_qnehvi,1127,15924807.333333336,770.8650428543042,0.96987293587124612,0.6644271780802059,false
d100_delay_median_cap1,borough,d100_median_borough_qnehvi,1128,15221276.666666666,811.3992681454558,0.92702561352234614,0.6993646047744364,false
d100_delay_median_cap1,borough,d100_median_borough_qnehvi,1129,15956596.0,559.5374903374345,0.97180896981012443,0.48227886214480747,false
d100_delay_median_cap1,borough,d100_median_borough_qnehvi,1130,14843590.666666666,645.8778757399862,0.90402329883243948,0.55669772334385814,false
d100_delay_median_cap1,borough,d100_median_borough_qnehvi,1131,15321261.333333336,767.8676718363372,0.93311500726961816,0.66184367168620317,false
d100_delay_median_cap1,borough,d100_median_borough_qnehvi,1132,15795164.000000002,775.5045119008472,0.96197723216292275,0.66842604838177122,false
d100_delay_median_cap1,borough,d100_median_borough_qnehvi,1133,14977462.000000002,657.8280146656143,0.91217650159158548,0.56699783638909618,false
d100_delay_median_cap1,borough,d100_median_borough_qnehvi,1134,15842100.666666666,644.5056837566058,0.96483582892627084,0.5555149979683166,false
d100_delay_median_cap1,borough,d100_median_borough_qnehvi,1135,15739073.333333334,659.1312142631732,0.95856112681129912,0.56812109556280987,false
d100_delay_median_cap1,borough,d100_median_borough_qnehvi,1136,15341652.66666667,1132.5065297205467,0.93435690627111723,0.9761347004573514,false
d100_delay_median_cap1,borough,d100_median_borough_qnehvi,1137,15551464.666666668,590.9097791573952,0.9471351444099908,0.5093193947565624,false
d100_delay_median_cap1,borough,d100_median_borough_qnehvi,1138,15371203.333333332,717.1950305160227,0.93615663867836318,0.61816769962024654,false
d100_delay_median_cap1,borough,d100_median_borough_qnehvi,1139,15756938.0,690.0305314304568,0.95964914353550101,0.59475396249635915,false
d100_delay_median_cap1,borough,d100_median_borough_qnehvi,1140,16208005.333333332,728.3635194437563,0.98712062182082361,0.62779408967446093,false
d100_delay_median_cap1,borough,d100_median_borough_qnehvi,1141,15188272.666666666,1336.1735353197269,0.92501556180206623,1.1516802061884825,false
d100_delay_median_cap1,borough,d100_median_borough_qnehvi,1142,16138534.666666668,689.577933918122,0.98288963063665402,0.59436385778125467,false
d100_delay_median_cap1,borough,d100_median_borough_qnehvi,1143,15262523.333333332,835.9378695022369,0.9295376706453965,0.72051501729431333,false
d100_delay_median_cap1,borough,d100_median_borough_qnehvi,1144,15931860.666666666,839.0680829313181,0.97030250697778986,0.72321302376736907,false
d100_delay_median_cap1,borough,d100_median_borough_qnehvi,1145,15514618.666666666,676.5609046056778,0.94489110230341455,0.58314416617216291,false
d100_delay_median_cap1,borough,d100_median_borough_qnehvi,1146,15726666.0,868.4641270013168,0.9578054795651848,0.7485501833508813,false
d100_delay_median_cap1,borough,d100_median_borough_qnehvi,1147,15358820.666666666,582.4237629087204,0.93540249371305617,0.50200509262090898,false
d100_delay_median_cap1,borough,d100_median_borough_qnehvi,1148,16168349.333333336,707.2238270177745,0.98470544150875783,0.60957327876303213,false
d100_delay_median_cap1,borough,d100_median_borough_qnehvi,1149,15988387.333333334,800.0300942526412,0.97374516615773876,0.68956523950715753,false
d100_delay_median_cap1,borough,d100_median_borough_qnehvi,1150,15708929.333333332,628.7727632230748,0.95672525846030754,0.54195441419304513,false
d100_delay_median_cap1,borough,d100_median_borough_qnehvi,1151,15422244.666666668,665.4663915069655,0.93926522308849703,0.57358153766969933,false
d100_delay_median_cap1,borough,d100_median_borough_qnehvi,1152,14837260.666666668,580.7638069526574,0.90363778109551762,0.50057433653481054,false
d100_delay_median_cap1,borough,d100_median_borough_qnehvi,1153,16169438.666666668,1030.0785836990256,0.98477178547738664,0.88784958263745606,false
d100_delay_median_cap1,borough,d100_median_borough_qnehvi,1154,16274923.999999998,777.3731195697972,0.99119618784470487,0.67003664641307159,false
d100_delay_median_cap1,borough,d100_median_borough_qnehvi,1155,14687308.666666664,744.2332690575572,0.89450521305650921,0.64147260973511178,false
d100_delay_median_cap1,borough,d100_median_borough_qnehvi,1156,15501784.666666664,1027.106479430567,0.944109469659551,0.88528785426443235,false
d100_delay_median_cap1,borough,d100_median_borough_qnehvi,1157,16313715.33333333,1046.643518468286,0.99355870712414429,0.90212729955541293,false
d100_delay_median_cap1,borough,d100_median_borough_qnehvi,1158,15514579.999999998,737.0529048674075,0.94488874737674355,0.63528368060844609,false
d100_delay_median_cap1,borough,d100_median_borough_qnehvi,1159,15638265.999999998,911.2670236020432,0.95242162996899171,0.78544303258007464,false
d100_delay_median_cap1,borough,d100_median_borough_qnehvi,1160,16579367.333333334,643.3487356964932,1.0097377841934643,0.55451779652314581,false
d100_delay_median_cap1,borough,d100_median_borough_qnehvi,1161,15262593.999999998,1046.9485591205764,0.92954197447689868,0.90239022145293546,false
d100_delay_median_cap1,borough,d100_median_borough_qnehvi,1162,16043484.0,1025.717702040347,0.97710073365304306,0.88409083352660145,false
d100_delay_median_cap1,borough,d100_median_borough_qnehvi,1163,15010477.333333334,573.8644134195456,0.91418724354899306,0.49462758279605429,false
d100_delay_median_cap1,borough,d100_median_borough_qnehvi,1164,16580030.66666667,1231.9599780530266,1.0097781833665278,1.0618560269572799,false
d100_delay_median_cap1,borough,d100_median_borough_qnehvi,1165,14886241.999999998,910.4630745785408,0.90662090475714252,0.78475008952090031,false
d100_delay_median_cap1,borough,d100_median_borough_qnehvi,1166,14833837.999999998,669.0162482537381,0.90342932948294707,0.57664124484245405,false
d100_delay_median_cap1,borough,d100_median_borough_qnehvi,1167,14712551.333333332,557.9077062289699,0.89604257415085498,0.48087411190207036,false
d100_delay_median_cap1,borough,d100_median_borough_qnehvi,1168,15440079.333333334,936.0161573058404,0.94035141271441969,0.80677490800908092,false
d100_delay_median_cap1,borough,d100_median_borough_qnehvi,1169,14911918.000000004,861.0192389429878,0.90818465727107811,0.74213325472041358,false
d100_delay_median_cap1,borough,d100_median_borough_qnehvi,1170,14723870.666666666,1235.8108992752125,0.89673195863270849,1.0651752288647787,false
d100_delay_median_cap1,borough,d100_median_borough_qnehvi,1171,14890009.333333332,896.4556884285532,0.90685034769883255,0.77267678546049678,false
d100_delay_median_cap1,borough,d100_median_borough_qnehvi,1172,15248488.000000002,719.8424025558681,0.92868287286599516,0.62044953345104259,false
d100_delay_median_cap1,borough,d100_median_borough_qnehvi,1173,16199844.000000002,854.2250362219754,0.98662356988449962,0.73627716748040584,false
d100_delay_median_cap1,borough,d100_median_borough_qnehvi,1174,16138536.000000002,687.7174109317333,0.98288971184102225,0.5927602281329023,false
d100_delay_median_cap1,borough,d100_median_borough_qnehvi,1175,16057522.666666668,1064.3402997395085,0.97795573444336459,0.91738058227997821,false
d100_delay_median_cap1,borough,d100_median_borough_qnehvi,1176,15133297.333333334,812.1785981966531,0.92166738390424685,0.70003632814743155,false
d100_delay_median_cap1,borough,d100_median_borough_qnehvi,1177,16048726.666666668,1043.7915631957944,0.97742002922788829,0.89966913050068942,false
d100_delay_median_cap1,borough,d100_median_borough_qnehvi,1178,16199843.999999998,1086.846652538643,0.98662356988449929,0.93677935073863938,false
d100_delay_median_cap1,borough,d100_median_borough_qnehvi,1179,16015706.666666666,685.7381482457876,0.9754090030551924,0.59105425387282562,false
d100_delay_median_cap1,borough,d100_median_borough_qnehvi,1180,15116242.000000002,982.8002608096508,0.92062865823140072,0.84709925551736998,false
d100_delay_median_cap1,borough,d100_median_borough_qnehvi,1181,16543352.666666668,1228.630526087846,1.0075443730103155,1.0589862919831949,false
d100_delay_median_cap1,borough,d100_median_borough_qnehvi,1182,15419971.999999998,685.6714458860496,0.93912681024329758,0.59099676149972746,false
d100_delay_median_cap1,borough,d100_median_borough_qnehvi,1183,14541675.333333334,854.3542328938183,0.88563566596534526,0.73638852520882492,false
d100_delay_median_cap1,borough,d100_median_borough_qnehvi,1184,14985450.66666667,806.0312357748462,0.91266303756225808,0.69473776816677169,false
d100_delay_median_cap1,borough,d100_median_borough_qnehvi,1185,15721402.666666666,671.7128130915335,0.95748492532263607,0.57896547913261276,false
d100_delay_median_cap1,borough,d100_median_borough_qnehvi,1186,14916916.666666666,818.860131917472,0.90848909244658482,0.70579530325795614,false
d100_delay_median_cap1,borough,d100_median_borough_qnehvi,1187,15359916.666666664,794.9697894536539,0.9354692437035248,0.6852036407176112,false
d100_delay_median_cap1,borough,d100_median_borough_qnehvi,1188,15310358.0,590.7813798702596,0.93245095855057025,0.50920872431325992,false
d100_delay_median_cap1,borough,d100_median_borough_qnehvi,1189,15348918.666666666,643.7310184756714,0.93479942947435146,0.55484729527335197,false
d100_delay_median_cap1,borough,d100_median_borough_qnehvi,1190,15257164.666666666,875.716526175491,0.92921131029053816,0.75480120116817062,false
d100_delay_median_cap1,borough,d100_median_borough_qnehvi,1191,15698546.66666667,932.2323597304228,0.95609292004695101,0.80351356159213549,false
d100_delay_median_cap1,borough,d100_median_borough_qnehvi,1192,16681486.000000004,1674.2216524427831,1.0159571455316672,1.4430520339778647,false
d100_delay_median_cap1,borough,d100_median_borough_qnehvi,1193,15373775.333333334,765.1302990903721,0.93631328190417107,0.65948426407547445,false
d100_delay_median_cap1,borough,d100_median_borough_qnehvi,1194,15966024.0,842.2932287693634,0.97238316589601692,0.72599285477401965,false
d100_delay_median_cap1,borough,d100_median_borough_qnehvi,1195,15202434.666666664,852.3303348990128,0.92587807399642452,0.73464407869918458,false
d100_delay_median_cap1,borough,d100_median_borough_qnehvi,1196,14951717.333333334,675.3233213340488,0.9106085670527001,0.58207746329280674,false
d100_delay_median_cap1,borough,d100_median_borough_qnehvi,1197,15306525.333333332,924.9767916741656,0.93221753659484985,0.7972598124389273,false
d100_delay_median_cap1,borough,d100_median_borough_qnehvi,1198,15279710.666666666,1221.8568340434613,0.93058443555067127,1.0531478833902066,false
d100_delay_median_cap1,borough,d100_median_borough_qnehvi,1199,14821473.333333332,601.503931810038,0.90267628077660778,0.51845075051902212,false
d100_delay_median_cap1,borough,d100_median_borough_qnehvi,1200,15181627.999999998,1129.8557659898593,0.9246108798343039,0.97384994324639196,false
d100_delay_median_cap1,borough,d100_median_borough_qnehvi,1201,14868028.66666667,531.5368972366512,0.90551165309071768,0.45814447541786657,false
d100_delay_median_cap1,borough,d100_median_borough_qnehvi,1202,15670788.666666666,848.93931450683,0.95440236691243574,0.73172127641248641,false
d100_delay_median_cap1,borough,d100_median_borough_qnehvi,1203,16000652.000000002,944.4048420599012,0.9744921245364806,0.814005317781338,false
d100_delay_median_cap1,borough,d100_median_borough_qnehvi,1204,14760752.0,604.8148723657913,0.89897815265503578,0.52130453006272126,false
d100_delay_median_cap1,borough,d100_median_borough_qnehvi,1205,14793726.666666668,708.1380495850133,0.90098641787922029,0.61036126924997736,false
d100_delay_median_cap1,borough,d100_median_borough_qnehvi,1206,15339691.33333333,1552.2068193470286,0.93423745464583763,1.337884505641699,false
d100_delay_median_cap1,borough,d100_median_borough_qnehvi,1207,15479488.666666664,550.6138548938247,0.94275157021841172,0.47458736546717861,false
d100_delay_median_cap1,borough,d100_median_borough_qnehvi,1208,15442083.333333334,1129.702641322645,0.94047346287947375,0.97371796140148292,false
d100_delay_median_cap1,borough,d100_median_borough_qnehvi,1209,15381034.666666664,769.3054648130069,0.9367553990855656,0.66308294014052949,false
d100_delay_median_cap1,borough,d100_median_borough_qnehvi,1210,15103280.666666666,648.0345309999489,0.91983927057039605,0.55855659654319678,false
d100_delay_median_cap1,borough,d100_median_borough_qnehvi,1211,15194798.666666664,1142.860211363552,0.92541301658107911,0.98505878845507766,false
d100_delay_median_cap1,borough,d100_median_borough_qnehvi,1212,15606832.666666668,856.7813900975589,0.95050723699417661,0.73848055055954931,false
d100_delay_median_cap1,borough,d100_median_borough_qnehvi,1213,14865944.000000002,685.4271334516144,0.90538469006140165,0.59078618271828398,false
d100_delay_median_cap1,borough,d100_median_borough_qnehvi,1214,15570284.666666666,777.1244251528178,0.94828134406384079,0.66982229069515509,false
d100_delay_median_cap1,borough,d100_median_borough_qnehvi,1215,15696453.999999998,569.5418942235208,0.95596546979142683,0.49090189921728156,false
d100_delay_median_cap1,borough,d100_median_borough_qnehvi,1216,14783457.33333333,580.4235419560457,0.90036098183714064,0.50028105392510613,false
d100_delay_median_cap1,borough,d100_median_borough_qnehvi,1217,14763467.333333332,754.5535852273968,0.89914352535039999,0.65036793922655167,false
d100_delay_median_cap1,borough,d100_median_borough_qnehvi,1218,14822319.333333332,510.1343667333656,0.90272780494808258,0.43969711802646233,false
d100_delay_median_cap1,borough,d100_median_borough_qnehvi,1219,14893234.0,536.0346179810538,0.90704674046276024,0.462021169438043,false
d100_delay_median_cap1,borough,d100_median_borough_qnehvi,1220,14833009.333333336,590.8041088689153,0.90337886096825581,0.50922831498555388,false
d100_delay_median_cap1,borough,d100_median_borough_qnehvi,1221,14762783.333333336,758.5664620695695,0.89910186750963306,0.65382673459020679,false
d100_delay_median_cap1,borough,d100_median_borough_qnehvi,1222,14946210.666666666,627.2691269072017,0.91027319301299736,0.54065839377614389,false
d100_delay_median_cap1,borough,d100_median_borough_qnehvi,1223,14767091.333333334,511.5773918584442,0.89936423882253347,0.44094089619573135,false
d100_delay_median_cap1,borough,d100_median_borough_qnehvi,1224,14943011.333333334,1225.7228414715985,0.9100783431320616,1.0564800884625798,false
d100_delay_median_cap1,borough,d100_median_borough_qnehvi,1225,14958260.000000004,579.6874525880945,0.91100703688631313,0.49964660074021178,false
d100_delay_median_cap1,borough,d100_median_borough_qnehvi,1226,14950589.333333334,630.2699552741944,0.91053986815740029,0.54324488014268291,false
d100_delay_median_cap1,borough,d100_median_borough_qnehvi,1227,15170609.999999998,1029.1568074657168,0.92393984753961111,0.88705508146348788,false
d100_delay_median_cap1,borough,d100_median_borough_qnehvi,1228,14790627.333333332,579.2232888608646,0.90079765832588166,0.49924652682544635,false
d100_delay_median_cap1,borough,d100_median_borough_qnehvi,1229,14880786.0,1398.67520563701,0.90628861648342296,1.205551903730306,false
d100_delay_median_cap1,borough,d100_median_borough_qnehvi,1230,15069001.333333336,908.0036182781914,0.91775154687215599,0.78263022479957101,false
d100_delay_median_cap1,borough,d100_median_borough_qnehvi,1231,14814542.0,602.5682394100953,0.9022541398697328,0.51936810291665703,false
d100_delay_median_cap1,borough,d100_median_borough_qnehvi,1232,15295326.0,925.0778673206248,0.93153546050611358,0.79734693197712947,false
d100_delay_median_cap1,borough,d100_median_borough_qnehvi,1233,15335889.333333334,1065.521281525993,0.93400590039058085,0.91839849897373926,false
d100_delay_median_cap1,borough,d100_median_borough_qnehvi,1234,14688331.333333336,560.7269032664892,0.89456749680673997,0.48330404584375652,false
d100_delay_median_cap1,borough,d100_median_borough_qnehvi,1235,15787255.333333332,728.7291396951612,0.96149556845432815,0.62810922658998414,false
d100_delay_median_cap1,borough,d100_median_borough_qnehvi,1236,14556617.33333333,1310.678300495353,0.88654568271496403,1.1297052482034531,false
d100_delay_median_cap1,borough,d100_median_borough_qnehvi,1237,15394063.333333334,1326.5394462968698,0.93754888756715249,1.1433763524307239,false
d100_delay_median_cap1,borough,d100_median_borough_qnehvi,1238,14891018.666666668,668.1014783652907,0.90691181940538357,0.5758527826061548,false
d100_delay_median_cap1,borough,d100_median_borough_qnehvi,1239,15062039.333333334,518.4711966478569,0.91732753826481783,0.44688283286146108,false
d100_delay_median_cap1,borough,d100_median_borough_qnehvi,1240,15447727.333333332,1383.330918651017,0.94081720096907673,1.1923262925857061,false
d100_delay_median_cap1,borough,d100_median_borough_qnehvi,1241,14849975.333333334,590.5283154477202,0.90441214594844821,0.50899060198212165,false
d100_delay_median_cap1,borough,d100_median_borough_qnehvi,1242,15062786.0,1089.2884080804124,0.91737301271087901,0.93888395874910591,false
d100_delay_median_cap1,borough,d100_median_borough_qnehvi,1243,17933467.333333336,573.7806398684188,1.0922069101912577,0.49455537635124414,false
d100_delay_median_cap1,borough,d100_median_borough_qnehvi,1244,14687704.000000002,613.8927907795312,0.89452929015161164,0.52912900695448706,false
d100_delay_median_cap1,borough,d100_median_borough_qnehvi,1245,14948026.666666668,599.9685385802588,0.91038379336216824,0.51712735805186827,false
d100_delay_median_cap1,borough,d100_median_borough_qnehvi,1246,15077245.333333334,1152.849391330864,0.91825363347929423,0.99366870366467264,false
d100_delay_median_cap1,borough,d100_median_borough_qnehvi,1247,15074009.333333332,1292.0812902383489,0.91805655047823886,1.1136760363974054,false
d100_delay_median_cap1,borough,d100_median_borough_qnehvi,1248,14776568.666666668,1409.5767508348986,0.89994143947004079,1.2149482085435672,false
d100_delay_median_cap1,borough,d100_median_borough_qnehvi,1249,14882751.333333334,464.73412089227696,0.90640831172180603,0.40056555082418172,true
d100_delay_median_cap1,borough,d100_median_borough_qnehvi,1250,15005716.0,616.0893536330578,0.91389726275098393,0.53102227747151631,false
d100_delay_median_cap1,borough,d100_median_borough_qnehvi,1251,15136304.0,761.4025465721552,0.92185049975401168,0.65627122424545536,false
d100_delay_median_cap1,borough,d100_median_borough_qnehvi,1252,15113745.333333334,783.2306378681549,0.92047660305238299,0.67508538275104368,false
d100_delay_median_cap1,borough,d100_median_borough_qnehvi,1253,14885498.000000002,561.7400850617116,0.90657559271981736,0.48417733167675947,false
d100_delay_median_cap1,borough,d100_median_borough_qnehvi,1254,14914674.0,585.9494518549778,0.90835250669966483,0.50504396898333492,false
d100_delay_median_cap1,borough,d100_median_borough_qnehvi,1255,14750869.333333334,921.9143881663988,0.89837626587966657,0.7946202529730132,false
d100_delay_median_cap1,borough,d100_median_borough_qnehvi,1256,14879022.000000002,541.562208770767,0.90618118310460316,0.46678553329658867,false
d100_delay_median_cap1,borough,d100_median_borough_qnehvi,1257,15110460.0,692.7991884610267,0.9202765154897129,0.59714033478674355,false
d100_delay_median_cap1,borough,d100_median_borough_qnehvi,1258,14816794.666666666,641.8003127637867,0.90239133464941246,0.55318317344068846,false
d100_delay_median_cap1,borough,d100_median_borough_qnehvi,1259,15513750.666666666,679.8280232158063,0.94483823825986812,0.58596017452369387,false
d100_delay_median_cap1,borough,d100_median_borough_qnehvi,1260,14375556.666666668,1234.7686674201375,0.87551849496474066,1.0642769040843365,false
d100_delay_median_cap1,borough,d100_median_borough_qnehvi,1261,14774354.0,1315.9387796754886,0.89980655901484807,1.1342393821214545,false
d100_delay_median_cap1,borough,d100_median_borough_qnehvi,1262,15128988.0,1039.5442312576995,0.92140493138697832,0.89600825263347006,false
d100_delay_median_cap1,borough,d100_median_borough_qnehvi,1263,15115098.666666666,610.4417862900971,0.92055902548586899,0.52615450292721055,false
d100_delay_median_cap1,borough,d100_median_borough_qnehvi,1264,14837754.0,610.5107583373984,0.90366782671166523,0.52621395159877715,false
d100_delay_median_cap1,borough,d100_median_borough_qnehvi,1265,15285867.999999998,700.2418813239303,0.93095943732194153,0.60355537132531367,false
d100_delay_median_cap1,borough,d100_median_borough_qnehvi,1266,15820828.000000002,654.8572481062733,0.96354025383754605,0.56443726101983394,false
d100_delay_median_cap1,borough,d100_median_borough_qnehvi,1267,14964904.000000002,905.2243242626936,0.91141167825189096,0.78023468423525277,false
d100_delay_median_cap1,borough,d100_median_borough_qnehvi,1268,14979692.0,663.5909430350503,0.91231231589700967,0.5719650433852842,false
d100_delay_median_cap1,borough,d100_median_borough_qnehvi,1269,14926993.333333334,592.7681884052948,0.90910279445749342,0.51092120252271567,false
d100_delay_median_cap1,borough,d100_median_borough_qnehvi,1270,15009708.666666666,1237.3275749945908,0.91414042923086014,1.0664824882581454,false
d100_delay_median_cap1,borough,d100_median_borough_qnehvi,1271,15391910.666666664,1364.1078393358298,0.93741778311507018,1.1757574567540678,false
d100_delay_median_cap1,borough,d100_median_borough_qnehvi,1272,15824882.000000002,781.0860458180783,0.96378715571834883,0.67323690712333917,false
d100_delay_median_cap1,borough,d100_median_borough_qnehvi,1273,15914319.333333332,713.740247318869,0.96923418231281966,0.61518993863362281,false
d100_delay_median_cap1,borough,d100_median_borough_qnehvi,1274,15164401.333333334,671.8030365782467,0.92356171940017429,0.57904324493251391,false
d100_delay_median_cap1,borough,d100_median_borough_qnehvi,1275,14944323.333333332,548.9178451657233,0.91015824823014069,0.47312553376513827,false
d100_delay_median_cap1,borough,d100_median_borough_qnehvi,1276,14753814.666666664,630.697507278391,0.89855564632850493,0.5436133975300832,false
d100_delay_median_cap1,borough,d100_median_borough_qnehvi,1277,14739919.333333334,580.7506179299128,0.89770937500773995,0.50056296859791272,false
d100_delay_median_cap1,borough,d100_median_borough_qnehvi,1278,14939308.666666664,1530.3621494482625,0.90985283860221788,1.319056057638416,false
d100_delay_median_cap1,borough,d100_median_borough_qnehvi,1279,14777180.0,624.5621574033928,0.89997867167275347,0.53832519145332858,false
d100_delay_median_cap1,borough,d100_median_borough_qnehvi,1280,14346238.0,873.374309247889,0.87373289211752048,0.75278238789069218,false
d100_delay_median_cap1,borough,d100_median_borough_qnehvi,1281,14822852.0,567.6812766438026,0.90276024609308536,0.48929818803665626,false
d100_delay_median_cap1,borough,d100_median_borough_qnehvi,1282,15937099.999999998,553.2284681880838,0.9706215995417149,0.47684096374482648,false
d100_delay_median_cap1,borough,d100_median_borough_qnehvi,1283,14558563.333333334,753.0221431341183,0.8866642004900116,0.64904795233927171,false
d100_delay_median_cap1,borough,d100_median_borough_qnehvi,1284,14736964.0,541.7537606377218,0.8975293855261417,0.46695063647203627,false
d100_delay_median_cap1,borough,d100_median_borough_qnehvi,1285,14880565.333333334,961.5195027908208,0.90627517716052453,0.82875685676816202,false
d100_delay_median_cap1,borough,d100_median_borough_qnehvi,1286,14804938.0,581.0531724306815,0.90166922480726852,0.50082374762145854,false
d100_delay_median_cap1,borough,d100_median_borough_qnehvi,1287,14671771.333333336,568.0542855784945,0.8935589385565933,0.48961969343656181,false
d100_delay_median_cap1,borough,d100_median_borough_qnehvi,1288,14657746.666666668,555.9984284713653,0.89270479041213546,0.47922845934016495,false
d100_delay_median_cap1,borough,d100_median_borough_qnehvi,1289,14885550.666666666,572.497401848507,0.90657880029235183,0.49344932254289114,false
d100_delay_median_cap1,borough,d100_median_borough_qnehvi,1290,15074569.333333332,640.3264164321419,0.91809065631278486,0.55191278663369114,false
d100_delay_median_cap1,borough,d100_median_borough_qnehvi,1291,14357606.666666668,704.1471582405472,0.87442528116098872,0.60692142371721081,false
d100_delay_median_cap1,borough,d100_median_borough_qnehvi,1292,14755713.333333334,1285.895882634144,0.8986712813484895,1.1083446843561711,false
d100_delay_median_cap1,borough,d100_median_borough_qnehvi,1293,14857689.33333333,978.9475902020524,0.90488195381931935,0.84377854577237899,false
d100_delay_median_cap1,borough,d100_median_borough_qnehvi,1294,14754200.666666666,557.7893533219603,0.8985791549930312,0.48077210067617437,false
d100_delay_median_cap1,borough,d100_median_borough_qnehvi,1295,14805718.0,637.5478909124738,0.901716729362529,0.54951790845446902,false
d100_delay_median_cap1,borough,d100_median_borough_qnehvi,1296,16399050.666666668,1313.9471171241607,0.99875590848056606,1.1325227201182499,false
d100_delay_median_cap1,borough,d100_median_borough_qnehvi,1297,14900638.0,1145.967990550181,0.90749766831807943,0.98773745831332238,false
d100_delay_median_cap1,borough,d100_median_borough_qnehvi,1298,14790721.333333332,555.7179957562314,0.90080338323382347,0.47898674761736082,false
d100_delay_median_cap1,borough,d100_median_borough_qnehvi,1299,14801317.333333334,541.2027378159104,0.90144871434605522,0.46647569660811611,false
d100_delay_median_cap1,borough,d100_median_borough_qnehvi,1300,14315464.666666668,950.878318213913,0.87185869530484883,0.8195849630555011,false
d100_delay_median_cap1,borough,d100_median_borough_qnehvi,1301,14941798.666666666,812.3489558242366,0.91000448775939557,0.70018316349663945,false
d100_delay_median_cap1,borough,d100_median_borough_qnehvi,1302,14745300.666666666,654.7150069550718,0.89803711583685342,0.56431465993994867,false
d100_delay_median_cap1,borough,d100_median_borough_qnehvi,1303,14758971.333333334,632.8204879809401,0.89886970422161627,0.54544324581596537,false
d100_delay_median_cap1,borough,d100_median_borough_qnehvi,1304,15281799.999999998,1639.6312880020876,0.93071168279527527,1.4132377643503329,false
d100_delay_median_cap1,borough,d100_median_borough_qnehvi,1305,15105090.000000002,1257.0457079683197,0.919949464897727,1.0834780227815874,false
d100_delay_median_cap1,borough,d100_median_borough_qnehvi,1306,14656234.666666668,578.8660337058708,0.89261270465886111,0.49893859998833329,false
d100_delay_median_cap1,borough,d100_median_borough_qnehvi,1307,14701203.333333332,597.3811728894261,0.89535144377509046,0.51489724514098034,false
d100_delay_median_cap1,borough,d100_median_borough_qnehvi,1308,14803638.666666668,797.1287768621295,0.901590091150685,0.68706452405201768,false
d100_delay_median_cap1,borough,d100_median_borough_qnehvi,1309,14843665.333333332,686.0387577961894,0.90402784627704558,0.59131335649672712,false
d100_delay_median_cap1,borough,d100_median_borough_qnehvi,1310,14817600.666666668,549.0210007726585,0.90244042268984836,0.47321444607145496,false
d100_delay_median_cap1,borough,d100_median_borough_qnehvi,1311,14718628.666666664,668.3458048165041,0.89641270366004722,0.57606337346899761,false
d100_delay_median_cap1,borough,d100_median_borough_qnehvi,1312,14868540.0,638.6068949235332,0.90554279496583268,0.55043068956079422,false
d100_delay_median_cap1,borough,d100_median_borough_qnehvi,1313,14607138.000000002,587.3194728227304,0.88962255681940705,0.50622482310812966,false
d100_delay_median_cap1,borough,d100_median_borough_qnehvi,1314,14714231.333333332,614.2434231625268,0.89614489165449296,0.52943122546463606,false
d100_delay_median_cap1,borough,d100_median_borough_qnehvi,1315,14745616.0,926.2228253870534,0.89805632066987751,0.79833379895747714,false
d100_delay_median_cap1,borough,d100_median_borough_qnehvi,1316,15907925.333333334,1114.2731931476094,0.96884476676623554,0.96041894777347581,false
d100_delay_median_cap1,borough,d100_median_borough_qnehvi,1317,14661916.666666668,788.8998928367308,0.89295875707295125,0.67997185038309604,false
d100_delay_median_cap1,borough,d100_median_borough_qnehvi,1318,14853542.666666664,1088.2778045385785,0.90462940823494309,0.93801289517490039,false
d100_delay_median_cap1,borough,d100_median_borough_qnehvi,1319,14855438.0,649.5350908188185,0.90474484024400781,0.55984996525310793,false
d100_delay_median_cap1,borough,d100_median_borough_qnehvi,1320,14555061.333333332,987.3474845093632,0.88645091721754699,0.8510186173290204,false
d100_delay_median_cap1,borough,d100_median_borough_qnehvi,1321,15697038.666666666,1087.1062251634405,0.95600107790678035,0.93700308264631871,false
d100_delay_median_cap1,borough,d100_median_borough_qnehvi,1322,15055723.333333334,1094.8405057369546,0.91694287317375955,0.94366944566741595,false
d100_delay_median_cap1,borough,d100_median_borough_qnehvi,1323,14690414.666666666,559.64925159056,0.89469437863168777,0.48237519186519262,false
d100_delay_median_cap1,borough,d100_median_borough_qnehvi,1324,14668362.666666666,765.217199265735,0.89335133958988633,0.65955916543314563,false
d100_delay_median_cap1,borough,d100_median_borough_qnehvi,1325,14732608.666666664,785.1014423966915,0.89726413145817829,0.6766978743086226,false
d100_delay_median_cap1,borough,d100_median_borough_qnehvi,1326,14863886.0,1007.8497815263588,0.90525935111944489,0.86869004175984554,false
d100_delay_median_cap1,borough,d100_median_borough_qnehvi,1327,14935494.666666666,554.7212986430613,0.90962055350764903,0.47812767032952302,false
d100_delay_median_cap1,borough,d100_median_borough_qnehvi,1328,15022420.000000002,1181.9596686211592,0.91491459107287099,1.0187595539664407,false
d100_delay_median_cap1,borough,d100_median_borough_qnehvi,1329,15695469.333333336,1677.0014075098757,0.95590550036568356,1.4454479719336759,false
d100_delay_median_cap1,borough,d100_median_borough_qnehvi,1330,14819550.000000002,634.7503040345043,0.90255914347581589,0.54710660083065865,false
d100_delay_median_cap1,borough,d100_median_borough_qnehvi,1331,14666420.666666662,770.1054910845953,0.89323306542794256,0.66377250208519001,false
d100_delay_median_cap1,borough,d100_median_borough_qnehvi,1332,14730751.333333334,729.2395326553928,0.89715101377360096,0.62854914659598549,false
d100_delay_median_cap1,borough,d100_median_borough_qnehvi,1333,15069568.666666668,1073.0484602066344,0.91778609933072586,0.92488635587689527,false
d100_delay_median_cap1,borough,d100_median_borough_qnehvi,1334,14716499.333333332,687.6366995121703,0.89628302028440443,0.59269066101316303,false
d100_delay_median_cap1,borough,d100_median_borough_qnehvi,1335,14809499.333333334,568.8855374709794,0.90194702495008272,0.49033616949721248,false
d100_delay_median_cap1,borough,d100_median_borough_qnehvi,1336,15637008.666666666,1539.9170163380766,0.95234505424999905,1.3272916279284173,false
d100_delay_median_cap1,borough,d100_median_borough_qnehvi,1337,14908293.333333332,602.7622881808247,0.90796390319676012,0.51953535823370744,false
d100_delay_median_cap1,borough,d100_median_borough_qnehvi,1338,17703340.666666664,1697.6202791675037,1.0781914423020431,1.4632198748597045,false
d100_delay_median_cap1,borough,d100_median_borough_qnehvi,1339,14798350.0,807.0040960388973,0.90126799402514512,0.69557629989927361,false
d100_delay_median_cap1,borough,d100_median_borough_qnehvi,1340,15335876.000000002,1330.5778691152286,0.93400508834690144,1.1468571664875677,false
d100_delay_median_cap1,borough,d100_median_borough_qnehvi,1341,14619069.333333334,677.4455170700198,0.89034921410615697,0.58390663499705742,false
d100_delay_median_cap1,borough,d100_median_borough_qnehvi,1342,15001552.0,1205.9882180846228,0.9136436615098239,1.0394703404541179,false
d100_delay_median_cap1,borough,d100_median_borough_qnehvi,1343,14920945.999999998,580.660073905005,0.90873449204658019,0.50048492651840848,false
d100_delay_median_cap1,borough,d100_median_borough_qnehvi,1344,14595754.666666666,876.8410973241888,0.88892927452789094,0.75577049617227809,false
d100_delay_median_cap1,borough,d100_median_borough_qnehvi,1345,15060226.666666666,1036.9042857481677,0.91721714092656692,0.89373281990832154,false
d100_delay_median_cap1,borough,d100_median_borough_qnehvi,1346,14568032.000000002,623.9597445751884,0.88724087330912738,0.53780595730307956,false
d100_delay_median_cap1,borough,d100_median_borough_qnehvi,1347,14565908.666666668,793.9666363838985,0.88711155535314035,0.68433899888503813,false
d100_delay_median_cap1,borough,d100_median_borough_qnehvi,1348,14846596.666666666,1335.0412201166905,0.90420637408002036,1.1507042363971101,false
d100_delay_median_cap1,borough,d100_median_borough_qnehvi,1349,14461990.666666666,683.6732252868902,0.88078260872036662,0.58927444695687936,false
d100_delay_median_cap1,borough,d100_median_borough_qnehvi,1350,14451900.000000002,749.6556779677452,0.88016805406359455,0.64614631479411022,false
d100_delay_median_cap1,borough,d100_median_borough_qnehvi,1351,14814316.666666664,688.061105972208,0.90224041633154628,0.59305646718016425,false
d100_delay_median_cap1,borough,d100_median_borough_qnehvi,1352,14967370.666666666,998.1414808096432,0.91156190633262912,0.86032222315274265,false
d100_delay_median_cap1,borough,d100_median_borough_qnehvi,1353,14720153.999999998,829.8137901467521,0.89650560145700109,0.71523652555023642,false
d100_delay_median_cap1,borough,d100_median_borough_qnehvi,1354,14758076.000000002,906.893381611804,0.89881517548852652,0.78167328503159605,false
d100_delay_median_cap1,borough,d100_median_borough_qnehvi,1355,14894442.666666668,1015.160588016068,0.90712035222232201,0.87499140225151062,false
d100_delay_median_cap1,borough,d100_median_borough_qnehvi,1356,14658254.666666666,921.6005764524735,0.89273572927633049,0.7943497710858598,false
d100_delay_median_cap1,borough,d100_median_borough_qnehvi,1357,14389006.66666667,692.5732744963399,0.87633764402660486,0.59694561409025182,false
d100_delay_median_cap1,borough,d100_median_borough_qnehvi,1358,14787674.0,908.0522158444368,0.90061779065083569,0.78267211221436739,false
d100_delay_median_cap1,borough,d100_median_borough_qnehvi,1359,14612022.666666666,785.4236980959732,0.88992004902145272,0.6769756342704718,false
d100_delay_median_cap1,borough,d100_median_borough_qnehvi,1360,15296432.666666664,806.2044856426164,0.93160286013152582,0.69488709640757373,false
d100_delay_median_cap1,borough,d100_median_borough_qnehvi,1361,14431547.333333334,825.2995852455829,0.87892850998876682,0.7113456234376514,false
d100_delay_median_cap1,borough,d100_median_borough_qnehvi,1362,14483748.0,757.2063028070127,0.88210770159684737,0.65265438050704061,false
d100_delay_median_cap1,borough,d100_median_borough_qnehvi,1363,15438913.333333334,1244.5281967919982,0.94028039949463293,1.072688877905235,false
d100_delay_median_cap1,borough,d100_median_borough_qnehvi,1364,15660883.333333332,900.745282694822,0.95379909966281107,0.77637409024797643,false
d100_delay_median_cap1,borough,d100_median_borough_qnehvi,1365,15292072.666666668,880.0606279265539,0.93133732184827489,0.7585454872718248,false
d100_delay_median_cap1,borough,d100_median_borough_qnehvi,1366,14983587.333333332,850.4530218515278,0.91254955445802433,0.73302597729210173,false
d100_delay_median_cap1,borough,d100_median_borough_qnehvi,1367,14598643.999999998,1115.2016929027752,0.88910524439327476,0.9612192441131423,false
d100_delay_median_cap1,borough,d100_median_borough_qnehvi,1368,16114593.333333336,948.6860456626572,0.98143152500544384,0.81769539045350559,false
d100_delay_median_cap1,borough,d100_median_borough_qnehvi,1369,14900930.0,771.4503523714639,0.90751545207466411,0.66493167047403634,false
d100_delay_median_cap1,borough,d100_median_borough_qnehvi,1370,15871606.666666666,854.6414501855011,0.96663284098719005,0.73663608472183895,false
d100_delay_median_cap1,borough,d100_median_borough_qnehvi,1371,15018750.666666666,1058.2983402180882,0.91469111665222647,0.91217287160207849,false
d100_delay_median_cap1,borough,d100_median_borough_qnehvi,1372,14731491.333333334,1184.070757192224,0.89719608219782232,1.0205791521372907,false
d100_delay_median_cap1,borough,d100_median_borough_qnehvi,1373,14872881.333333334,1259.1934077042176,0.90580719638793239,1.0853291769986766,false
d100_delay_median_cap1,borough,d100_median_borough_qnehvi,1374,14541972.0,906.2456723617632,0.88565373393721769,0.78111500880255946,false
d100_delay_median_cap1,borough,d100_median_borough_qnehvi,1375,15449769.333333336,811.5518308969408,0.94094156545861773,0.69949610229062165,false
d100_delay_median_cap1,borough,d100_median_borough_qnehvi,1376,15719732.666666666,1507.6745937328778,0.95738321685175765,1.2995011060145956,false
d100_delay_median_cap1,borough,d100_median_borough_qnehvi,1377,14828754.0,769.6430296099592,0.90311969722788987,0.66337389538300318,false
d100_delay_median_cap1,borough,d100_median_borough_qnehvi,1378,14739212.666666666,719.9191462387937,0.89766633669271745,0.6205156806828499,false
d100_delay_median_cap1,borough,d100_median_borough_qnehvi,1379,15103640.666666668,723.9633816134265,0.91986119574974723,0.62400150472217808,false
d100_delay_median_cap1,borough,d100_median_borough_qnehvi,1380,15681631.333333334,1045.3147102629453,0.95506272083274124,0.90098196770482686,false
d100_delay_median_cap1,borough,d100_median_borough_qnehvi,1381,14903032.666666666,883.3004669467127,0.9076435113629473,0.76133798268662223,false
d100_delay_median_cap1,borough,d100_median_borough_qnehvi,1382,15212860.666666666,981.7875171931826,0.92651305155174024,0.84622634736120661,false
d100_delay_median_cap1,borough,d100_median_borough_qnehvi,1383,15297344.666666666,866.5918298133978,0.93165840391921506,0.74693640523416915,false
d100_delay_median_cap1,borough,d100_median_borough_qnehvi,1384,14963626.0,917.3867988878968,0.91133384386519467,0.79071781454269796,false
d100_delay_median_cap1,borough,d100_median_borough_qnehvi,1385,15211405.333333334,1200.4604869019374,0.92642441698410494,1.0347058555874824,false
d100_delay_median_cap1,borough,d100_median_borough_qnehvi,1386,15218624.666666668,773.231840943233,0.92686409803446057,0.6664671784536691,false
d100_delay_median_cap1,borough,d100_median_borough_qnehvi,1387,15036881.333333334,999.2547425072808,0.91579533364783794,0.86128177026813291,false
d100_delay_median_cap1,borough,d100_median_borough_qnehvi,1388,15585251.333333332,842.5399666198385,0.9491928630942672,0.72620552408006289,false
d100_delay_median_cap1,borough,d100_median_borough_qnehvi,1389,14757303.999999998,1360.295835542703,0.89876815815947364,1.1724717987175846,false
d100_delay_median_cap1,borough,d100_median_borough_qnehvi,1390,14808896.66666667,821.3403487913843,0.90191032057576193,0.70793306201850226,false
d100_delay_median_cap1,borough,d100_median_borough_qnehvi,1391,14588617.999999998,828.837080329614,0.88849462814834912,0.71439467579505556,false
d100_delay_median_cap1,borough,d100_median_borough_qnehvi,1392,14929839.333333336,788.0649734201716,0.90927612518091849,0.67925221319496398,false
d100_delay_median_cap1,borough,d100_median_borough_qnehvi,1393,15208476.666666666,809.0291567471306,0.92624605158986584,0.69732174857966844,false
d100_delay_median_cap1,borough,d100_median_borough_qnehvi,1394,15156194.0,958.3729102138918,0.9230618659131552,0.82604473271241841,false
d100_delay_median_cap1,borough,d100_median_borough_qnehvi,1395,15247906.666666666,873.0240392706561,0.92864746776156137,0.75248048174681348,false
d100_delay_median_cap1,borough,d100_median_borough_qnehvi,1396,14794780.66666667,741.9924814454592,0.90105060993209829,0.63954122083171749,false
d100_delay_median_cap1,borough,d100_median_borough_qnehvi,1397,14939022.0,838.4611605660202,0.90983537966310513,0.72268990273830336,false
d100_delay_median_cap1,borough,d100_median_borough_qnehvi,1398,15149867.333333332,950.2060960038332,0.92267655118715297,0.81900555851481482,false
d100_delay_median_cap1,borough,d100_median_borough_qnehvi,1399,15005270.000000002,867.9754886876395,0.9138700998898992,0.74812901419959088,false
d100_delay_median_cap1,borough,d100_median_borough_qnehvi,1400,14889615.333333334,727.1755139740008,0.90682635180809856,0.62677011909863756,false
d100_delay_median_cap1,borough,d100_median_borough_qnehvi,1401,15364441.333333334,1041.0270761682482,0.93574481072622018,0.89728635243651522,false
d100_delay_median_cap1,borough,d100_median_borough_qnehvi,1402,14665533.333333334,695.084631011416,0.89317902392106108,0.59911021285878208,false
d100_delay_median_cap1,borough,d100_median_borough_qnehvi,1403,15512807.333333334,790.3500686928279,0.94478078616953198,0.68122179193994614,false
d100_delay_median_cap1,borough,d100_median_borough_qnehvi,1404,16002872.666666668,1222.8218283313108,0.97462737041132907,1.0539796352480484,false
d100_delay_median_cap1,borough,d100_median_borough_qnehvi,1405,14925814.000000002,836.4066527570228,0.90903096919402682,0.72091907289132862,false
d100_delay_median_cap1,borough,d100_median_borough_qnehvi,1406,15030055.333333336,721.8482101153434,0.91537960788603245,0.62217838737802755,false
d100_delay_median_cap1,borough,d100_median_borough_qnehvi,1407,14741291.999999998,878.8627239113118,0.89779297490456134,0.75751298490083741,false
d100_delay_median_cap1,borough,d100_median_borough_qnehvi,1408,14918357.333333332,639.3550093942185,0.90857683376617304,0.55107550747184875,false
d100_delay_median_cap1,borough,d100_median_borough_qnehvi,1409,14898186.0,1041.1974520161973,0.90734833348538846,0.89743320349029621,false
d100_delay_median_cap1,borough,d100_median_borough_qnehvi,1410,14826463.33333333,636.5323417885627,0.90298018812372305,0.54864258216375594,false
d100_delay_median_cap1,borough,d100_median_borough_qnehvi,1411,14893983.333333334,1525.0285338446522,0.90709237731755765,1.3144588856725563,false
d100_delay_median_cap1,borough,d100_median_borough_qnehvi,1412,14763798.666666668,945.456279788498,0.89916370463583972,0.81491157732626684,false
d100_delay_median_cap1,borough,d100_median_borough_qnehvi,1413,14808784.666666668,876.7646112472527,0.90190349940885273,0.75570457097728805,false
d100_delay_median_cap1,borough,d100_median_borough_qnehvi,1414,15173359.333333334,1108.8989685415931,0.92410729094635868,0.95578677392872247,false
d100_delay_median_cap1,borough,d100_median_borough_qnehvi,1415,14591265.999999998,931.6795575513048,0.88865590002313088,0.80303708805722462,false
d100_delay_median_cap1,borough,d100_median_borough_qnehvi,1416,15475518.0,929.0039368893364,0.9425097436106068,0.80073090605750352,false
d100_delay_median_cap1,borough,d100_median_borough_qnehvi,1417,14871450.666666668,620.481236965278,0.90572006410110406,0.53480774767273287,false
d100_delay_median_cap1,borough,d100_median_borough_qnehvi,1418,14547139.333333332,791.378522190867,0.88596844146527276,0.68210824082204691,false
d100_delay_median_cap1,borough,d100_median_borough_qnehvi,1419,14757254.000000002,831.4172974739556,0.8987651129956753,0.71661862720125935,false
d100_delay_median_cap1,borough,d100_median_borough_qnehvi,1420,15169806.666666668,923.5391795209543,0.92389092190791133,0.79602069984070245,false
d100_delay_median_cap1,borough,d100_median_borough_qnehvi,1421,14446564.0,951.6456970002528,0.87984307418299168,0.82024638534498306,false
d100_delay_median_cap1,borough,d100_median_borough_qnehvi,1422,15275406.0,889.0966352955865,0.93032226724869094,0.76633384002302474,false
d100_delay_median_cap1,borough,d100_median_borough_qnehvi,1423,16062089.333333332,845.1005931778765,0.97823385940365037,0.72841258988729518,false
d100_delay_median_cap1,borough,d100_median_borough_qnehvi,1424,14881959.999999998,691.4963271713664,0.90636011692941754,0.59601736720876974,false
d100_delay_median_cap1,borough,d100_median_borough_qnehvi,1425,15112940.0,900.5712187665504,0.92042755561413103,0.77622406034878833,false
d100_delay_median_cap1,borough,d100_median_borough_qnehvi,1426,14815502.666666668,946.1450073152662,0.90231264761685281,0.81550520819760874,false
d100_delay_median_cap1,borough,d100_median_borough_qnehvi,1427,14812734.666666664,815.930483246853,0.90214406734895392,0.7032701683889806,false
d100_delay_median_cap1,borough,d100_median_borough_qnehvi,1428,14999357.999999998,610.8021090793738,0.91351003972233458,0.52646507383232088,false
d100_delay_median_cap1,borough,d100_median_borough_qnehvi,1429,15567231.333333332,956.503788427166,0.94809538606119714,0.82443369155060353,false
d100_delay_median_cap1,borough,d100_median_borough_qnehvi,1430,14895723.333333332,750.4347177977788,0.90719834901775398,0.64681778801848255,false
d100_delay_median_cap1,borough,d100_median_borough_qnehvi,1431,15117950.0,868.6665223999339,0.92073268102676598,0.74872463282787616,false
d100_delay_median_cap1,borough,d100_median_borough_qnehvi,1432,14618813.333333332,1352.3091124854418,0.89033362286750739,1.1655878494293987,false
d100_delay_median_cap1,borough,d100_median_borough_qnehvi,1433,15013912.666666664,899.7129692075018,0.91439646660305929,0.77548431434798948,false
d100_delay_median_cap1,borough,d100_median_borough_qnehvi,1434,14387964.000000002,829.7881933556456,0.87627414221085476,0.71521446305844161,false
d100_delay_median_cap1,borough,d100_median_borough_qnehvi,1435,14599290.666666668,811.5700915758613,0.88914462851173881,0.69951184161033442,false
d100_delay_median_cap1,borough,d100_median_borough_qnehvi,1436,15193608.666666668,896.783868624214,0.9253405416826691,0.77295965188870763,false
d100_delay_median_cap1,borough,d100_median_borough_qnehvi,1437,14442397.333333332,752.9950254893004,0.87958931053309575,0.64902457898697152,false
d100_delay_median_cap1,borough,d100_median_borough_qnehvi,1438,16007610.000000004,957.7678924688438,0.97491588953071495,0.82552325332149634,false
d100_delay_median_cap1,borough,d100_median_borough_qnehvi,1439,14674123.999999998,836.8110496478444,0.89370222366387031,0.72126763232787805,false
d100_delay_median_cap1,borough,d100_median_borough_qnehvi,1440,14660267.333333332,852.3719810602374,0.89285830726977633,0.73467997453028633,false
d100_delay_median_cap1,borough,d100_median_borough_qnehvi,1441,15100636.666666666,780.8728556773251,0.91967824230871797,0.6730531533976668,false
d100_delay_median_cap1,borough,d100_median_borough_qnehvi,1442,14949490.666666668,905.394840636592,0.91047295575819587,0.78038165641173951,false
d100_delay_median_cap1,borough,d100_median_borough_qnehvi,1443,14881780.666666664,894.7405036625021,0.90634919494192612,0.77119842633063684,false
d100_delay_median_cap1,borough,d100_median_borough_qnehvi,1444,15404240.666666666,861.7255215306759,0.93816872050784239,0.74274201672229023,false
d100_delay_median_cap1,borough,d100_median_borough_qnehvi,1445,15000271.333333332,686.1984181134801,0.91356566471439182,0.59145097157611382,false
d100_delay_median_cap1,borough,d100_median_borough_qnehvi,1446,14960160.0,915.3700350902568,0.91112275311066537,0.78897951716971204,false
d100_delay_median_cap1,borough,d100_median_borough_qnehvi,1447,14499932.666666668,828.5142846665294,0.88309340081741139,0.71411645042537786,false
d100_delay_median_cap1,borough,d100_median_borough_qnehvi,1448,14457425.333333334,924.7120801966914,0.88050456496444851,0.79703165123014752,false
d100_delay_median_cap1,borough,d100_median_borough_qnehvi,1449,14643365.999999998,809.4046460831364,0.89182896070143014,0.69764539189730779,false
d100_delay_median_cap1,borough,d100_median_borough_qnehvi,1450,15197601.333333332,873.9101609433316,0.92558370816254543,0.75324425139478124,false
d100_delay_median_cap1,borough,d100_median_borough_qnehvi,1451,15240721.333333334,926.3211773031308,0.92820985742258899,0.79841857084675127,false
d100_delay_median_cap1,borough,d100_median_borough_qnehvi,1452,15070014.0,887.8299101475818,0.91781322158962664,0.76524201905735267,false
d100_delay_median_cap1,borough,d100_median_borough_qnehvi,1453,14763234.0,845.2723472645819,0.89912931458600587,0.72856062887831097,false
d100_delay_median_cap1,borough,d100_median_borough_qnehvi,1454,15215482.666666666,1050.5706962060458,0.92667273994134691,0.90551222879342519,false
d100_delay_median_cap1,borough,d100_median_borough_qnehvi,1455,14976695.333333334,1156.408231243086,0.91212980908000463,0.99673615364445312,false
d100_delay_median_cap1,borough,d100_median_borough_qnehvi,1456,14451019.333333334,805.8126905416038,0.88011441857855277,0.69454939875768762,false
d100_delay_median_cap1,borough,d100_median_borough_qnehvi,1457,14779436.666666666,790.4049832309527,0.90011611006553727,0.68126912410520646,false
d100_delay_median_cap1,borough,d100_median_borough_qnehvi,1458,15881032.666666664,963.7564310034384,0.96720691526653069,0.83068491916203346,false
d100_delay_median_cap1,borough,d100_median_borough_qnehvi,1459,14427405.333333332,854.540019355992,0.87867624861967797,0.73654865904279743,false
d100_delay_median_cap1,borough,d100_median_borough_qnehvi,1460,15328347.333333336,815.4875486765659,0.93354656788317725,0.70288839239675194,false
d100_delay_median_cap1,borough,d100_median_borough_qnehvi,1461,14992679.333333332,625.3832587151869,0.91310328704318933,0.53903291848359214,false
d100_delay_median_cap1,borough,d100_median_borough_qnehvi,1462,14947280.000000002,896.3882768028931,0.91033831891610684,0.77261868175398885,false
d100_delay_median_cap1,borough,d100_median_borough_qnehvi,1463,15113807.333333334,884.5485778977696,0.92048037905549351,0.76241375962686464,false
d100_delay_median_cap1,borough,d100_median_borough_qnehvi,1464,15124352.0,934.7723883709556,0.92112258379955803,0.80570287355733128,false
d100_delay_median_cap1,borough,d100_median_borough_qnehvi,1465,15331086.0,959.2833352766664,0.93371336165498076,0.82682945003864849,false
d100_delay_median_cap1,borough,d100_median_borough_qnehvi,1466,14671029.333333334,718.733704346947,0.89351374832581987,0.61949391971667411,false
d100_delay_median_cap1,borough,d100_median_borough_qnehvi,1467,15094846.66666667,812.8305607371165,0.91932561234082288,0.70059827039009714,false
d100_delay_median_cap1,borough,d100_median_borough_qnehvi,1468,15242093.333333334,816.9266958930253,0.92829341671722654,0.70412882810302491,false
d100_delay_median_cap1,borough,d100_median_borough_qnehvi,1469,14842400.666666666,868.0090531660101,0.90395082393402915,0.74815794423326443,false
d100_delay_median_cap1,borough,d100_median_borough_qnehvi,1470,15858619.999999998,929.5601322722752,0.96584191044319423,0.80121030427665108,false
d100_delay_median_cap1,borough,d100_median_borough_qnehvi,1471,14888343.999999998,992.9749504431578,0.90674892344324209,0.85586906598380563,false
d100_delay_median_cap1,borough,d100_median_borough_qnehvi,1472,14431140.000000002,905.8465380401572,0.87890370205435286,0.78077098530137978,false
d100_delay_median_cap1,borough,d100_median_borough_qnehvi,1473,14926193.333333334,623.15524138546,0.90905407183671338,0.53711253659466529,false
d100_delay_median_cap1,borough,d100_median_borough_qnehvi,1474,14277675.333333334,1070.4533770756627,0.86955720110793633,0.92264959111816314,false
d100_delay_median_cap1,borough,d100_median_borough_qnehvi,1475,14839283.333333334,549.6801266182692,0.90376096812172324,0.47378256253964685,false
d100_delay_median_cap1,borough,d100_median_borough_qnehvi,1476,14703663.33333333,662.2794114376077,0.89550126583398881,0.57083460265985553,false
d100_delay_median_cap1,borough,d100_median_borough_qnehvi,1477,14072703.333333334,799.9593976221721,0.85707373482478166,0.68950430437575194,false
d100_delay_median_cap1,borough,d100_median_borough_qnehvi,1478,14784169.333333332,536.6188219893731,0.90040434496963517,0.46252470896713299,false
d100_delay_median_cap1,borough,d100_median_borough_qnehvi,1479,15095730.0,610.6491835880995,0.91937941023460068,0.52633326366195987,false
d100_delay_median_cap1,borough,d100_median_borough_qnehvi,1480,15010173.999999998,1381.0357028707344,0.91416876955528048,1.1903479907310368,false
d100_delay_median_cap1,borough,d100_median_borough_qnehvi,1481,14373902.0,941.3975183378608,0.87541772034409393,0.81141323291157874,false
d100_delay_median_cap1,borough,d100_median_borough_qnehvi,1482,14943334.0,682.7143549744085,0.91009799458910934,0.58844797350115219,false
d100_delay_median_cap1,borough,d100_median_borough_qnehvi,1483,14491844.666666666,1484.405039852285,0.88260081512132516,1.2794445161310795,false
d100_delay_median_cap1,borough,d100_median_borough_qnehvi,1484,14719352.0,1115.7333102272828,0.89645675702966932,0.96167745791076531,false
d100_delay_median_cap1,borough,d100_median_borough_qnehvi,1485,14865298.000000002,612.9227699578341,0.90534534654512189,0.52829292260585359,false
d100_delay_median_cap1,borough,d100_median_borough_qnehvi,1486,14762925.999999998,688.628733754454,0.89911055637700532,0.59354571926008892,false
d100_delay_median_cap1,borough,d100_median_borough_qnehvi,1487,14888234.0,580.328489550609,0.90674222408288518,0.50019912596365623,false
d100_delay_median_cap1,borough,d100_median_borough_qnehvi,1488,14413289.333333334,1155.3224213924286,0.87781653797601455,0.99580026793826959,false
d100_delay_median_cap1,borough,d100_median_borough_qnehvi,1489,14620933.333333336,896.4065901162516,0.89046273781257446,0.77263446644059386,false
d100_delay_median_cap1,borough,d100_median_borough_qnehvi,1490,14646335.333333332,663.3639921673465,0.8920098028288922,0.57176942895706606,false
d100_delay_median_cap1,borough,d100_median_borough_qnehvi,1491,14780395.333333334,973.2164983929164,0.90017449600610544,0.83883877947559216,false
d100_delay_median_cap1,borough,d100_median_borough_qnehvi,1492,14764570.000000002,1095.6100156933585,0.89921068136270865,0.94433270486379217,false
d100_delay_median_cap1,borough,d100_median_borough_qnehvi,1493,15572480.0,1125.5475843227744,0.94841504705569823,0.97013661752971503,false
d100_delay_median_cap1,borough,d100_median_borough_qnehvi,1494,14819112.666666668,747.2674217078603,0.90253250844312272,0.6440878191054068,false
d100_delay_median_cap1,borough,d100_median_borough_qnehvi,1495,14994282.0,1019.2900337192848,0.91320089469348542,0.87855067112880292,false
d100_delay_median_cap1,borough,d100_median_borough_qnehvi,1496,15464622.0,886.9472471894704,0.94184614151558288,0.7644812305589116,false
d100_delay_median_cap1,borough,d100_median_borough_qnehvi,1497,15919268.666666666,928.1608289698244,0.9695356129267122,0.80000421100112362,false
d100_delay_median_cap1,borough,d100_median_borough_qnehvi,1498,14355791.333333332,905.054609091266,0.87431472141400191,0.78008840263450541,false
d100_delay_median_cap1,borough,d100_median_borough_qnehvi,1499,15072894.666666664,935.6493929639264,0.91798866362661868,0.80645878497434575,false
d100_delay_median_cap1,borough,d100_median_borough_qnehvi,1500,14532004.0,764.7671614827025,0.88504665008229866,0.6591712670104819,false
d100_delay_median_cap1,borough,d100_median_borough_qnehvi,1501,14400652.0,908.1244269275672,0.87704688297642586,0.78273435268905911,false
d100_delay_median_cap1,borough,d100_median_borough_qnehvi,1502,15000441.999999998,783.5779548367384,0.91357605887349147,0.67538474362552436,false
d100_delay_median_cap1,borough,d100_median_borough_qnehvi,1503,14790238.666666664,887.0065245990513,0.90077398725261959,0.7645323231883373,false
d100_delay_median_cap1,borough,d100_median_borough_qnehvi,1504,15443625.333333334,916.260295802074,0.94056737573102722,0.78974685435537306,false
d100_delay_median_cap1,borough,d100_median_borough_qnehvi,1505,15199046.000000002,1225.201546370943,0.92567169309523745,1.0560307716387256,false
d100_delay_median_cap1,borough,d100_median_borough_qnehvi,1506,15023752.666666666,1428.9347604553918,0.91499575483865359,1.2316333440606346,false
d100_delay_median_cap1,borough,d100_median_borough_qnehvi,1507,14923488.666666666,593.1581592520788,0.90888934877629279,0.51125732780387101,false
d100_delay_median_cap1,borough,d100_median_borough_qnehvi,1508,14693803.333333332,887.0888233625207,0.89490075953287518,0.76460325847808519,false
d100_delay_median_cap1,borough,d100_median_borough_qnehvi,1509,14640122.0,760.0036861656504,0.8916313904741674,0.65506551271262903,false
d100_delay_median_cap1,borough,d100_median_borough_qnehvi,1510,14564238.0,728.5390416151731,0.88700980628007786,0.62794537646859683,false
d100_delay_median_cap1,borough,d100_median_borough_qnehvi,1511,14863695.333333334,793.1254328383125,0.90524773889482579,0.68361394525448915,false
d100_delay_median_cap1,borough,d100_median_borough_qnehvi,1512,14959818.666666668,648.555030738224,0.91110196479246586,0.55900522782502682,false
d100_delay_median_cap1,borough,d100_median_borough_qnehvi,1513,14556109.333333332,850.2611572479649,0.88651474385076867,0.73286060456142665,false
d100_delay_median_cap1,borough,d100_median_borough_qnehvi,1514,14626242.0,755.4268364750772,0.89078605300363389,0.65112061554470846,false
d100_delay_median_cap1,borough,d100_median_borough_qnehvi,1515,14540742.666666666,732.1699051454507,0.8855788635099523,0.63107490534239818,false
d100_delay_median_cap1,borough,d100_median_borough_qnehvi,1516,14836823.333333334,520.8866017670788,0.90361114606282467,0.44896472880701166,false
d100_delay_median_cap1,borough,d100_median_borough_qnehvi,1517,14127238.0,964.8441657826522,0.86039507467898801,0.83162246401058015,false
d100_delay_median_cap1,borough,d100_median_borough_qnehvi,1518,14471468.666666666,724.8764056120465,0.8813598499700579,0.62478846213391437,false
d100_delay_median_cap1,borough,d100_median_borough_qnehvi,1519,14285674.666666664,1439.2803117451213,0.87004438671355233,1.2405504243107217,false
d100_delay_median_cap1,borough,d100_median_borough_qnehvi,1520,15073755.333333334,860.65206450289,0.91804108104614135,0.74181677821215986,false
d100_delay_median_cap1,borough,d100_median_borough_qnehvi,1521,15170962.666666668,996.6913694257936,0.92396132609493842,0.85907233716607789,false
d100_delay_median_cap1,borough,d100_median_borough_qnehvi,1522,15344292.666666664,873.960981102508,0.93451769091969095,0.75328805451604619,false
d100_delay_median_cap1,borough,d100_median_borough_qnehvi,1523,14402709.333333332,649.3079113676949,0.87717218131619856,0.55965415380332562,false
d100_delay_median_cap1,borough,d100_median_borough_qnehvi,1524,14983384.666666666,736.250842651789,0.91253721139409349,0.63459236383450746,false
d100_delay_median_cap1,borough,d100_median_borough_qnehvi,1525,14693372.0,990.1497553723792,0.89487448991983798,0.85343396219254675,false
d100_delay_median_cap1,borough,d100_median_borough_qnehvi,1526,14865544.0,607.2092629118564,0.90536032875101147,0.52336831304067732,false
d100_delay_median_cap1,borough,d100_median_borough_qnehvi,1527,14911618.666666666,829.9655143900352,0.90816642689046911,0.71536730033597284,false
d100_delay_median_cap1,borough,d100_median_borough_qnehvi,1528,15213276.666666668,940.3060681676438,0.92653838731454596,0.8104724856778901,false
d100_delay_median_cap1,borough,d100_median_borough_qnehvi,1529,15261583.333333332,845.6394309859159,0.9294804215659801,0.72887702719387348,false
d100_delay_median_cap1,borough,d100_median_borough_qnehvi,1530,14879350.666666668,689.1793192659196,0.90620119998130688,0.5940202821956716,false
d100_delay_median_cap1,borough,d100_median_borough_qnehvi,1531,14337197.999999998,853.5046200408033,0.873182326502706,0.73565622339332282,false
d100_delay_median_cap1,borough,d100_median_borough_qnehvi,1532,15269422.666666668,921.8478729701136,0.9299578626474404,0.79456292192061051,false
d100_delay_median_cap1,borough,d100_median_borough_qnehvi,1533,14875500.666666666,614.3854880455186,0.90596672236880282,0.5295536746146986,false
d100_delay_median_cap1,borough,d100_median_borough_qnehvi,1534,15291663.333333332,1266.2452487516412,0.93131239210730898,1.091407328927918,false
d100_delay_median_cap1,borough,d100_median_borough_qnehvi,1535,14629621.333333334,841.2118042564923,0.89099186547424547,0.72506074889627348,false
d100_delay_median_cap1,borough,d100_median_borough_qnehvi,1536,14817794.666666666,563.5373975611622,0.90245223792538765,0.48572647868142377,false
d100_delay_median_cap1,borough,d100_median_borough_qnehvi,1537,14214129.333333334,839.7138613904694,0.86568704153282683,0.72376963580115639,false
d100_delay_median_cap1,borough,d100_median_borough_qnehvi,1538,14728438.0,525.556106553247,0.89701012419517856,0.45298948763719282,false
d100_delay_median_cap1,borough,d100_median_borough_qnehvi,1539,14678649.333333332,620.8786981761425,0.89397783128874952,0.53515032907939952,false
d100_delay_median_cap1,borough,d100_median_borough_qnehvi,1540,14263789.333333332,870.8930968605479,0.86871149821774685,0.75064377107310454,false
d100_delay_median_cap1,borough,d100_median_borough_qnehvi,1541,14282999.33333333,903.592177597441,0.86988145014922713,0.77882789764782201,false
d100_delay_median_cap1,borough,d100_median_borough_qnehvi,1542,14822321.333333332,716.3759193025236,0.90272792675463454,0.61746168790371592,false
d100_delay_median_cap1,borough,d100_median_borough_qnehvi,1543,14837277.333333334,540.0870352626479,0.90363879615011722,0.46551404566037535,false
d100_delay_median_cap1,borough,d100_median_borough_qnehvi,1544,14274057.333333334,810.9563417188608,0.8693368530554586,0.69898283580145248,false
d100_delay_median_cap1,borough,d100_median_borough_qnehvi,1545,15046600.0,573.267706974741,0.91638723228594732,0.49411326711532788,false
d100_delay_median_cap1,borough,d100_median_borough_qnehvi,1546,14165957.333333332,1189.8192308395255,0.86275320892255736,1.025533900259741,false
d100_delay_median_cap1,borough,d100_median_borough_qnehvi,1547,14706816.666666666,660.800683592316,0.89569331416423026,0.56956005145468247,false
d100_delay_median_cap1,borough,d100_median_borough_qnehvi,1548,14844020.666666666,679.1476185716775,0.90404948724110878,0.58537371734569399,false
d100_delay_median_cap1,borough,d100_median_borough_qnehvi,1549,14420619.999999998,982.0109074565868,0.87826299959109522,0.84641889281867688,false
d100_delay_median_cap1,borough,d100_median_borough_qnehvi,1550,14390324.666666666,893.0440196954272,0.8764179145443397,0.76973618587058412,false
d100_delay_median_cap1,borough,d100_median_borough_qnehvi,1551,14786730.0,557.690700661133,0.90056029795831505,0.48068706956774465,false
d100_delay_median_cap1,borough,d100_median_borough_qnehvi,1552,14310903.333333332,728.6536514904965,0.87158089516203463,0.62804416148517928,false
d100_delay_median_cap1,borough,d100_median_borough_qnehvi,1553,14285426.666666666,976.6760900209456,0.87002928270111057,0.84182068496479434,false
d100_delay_median_cap1,borough,d100_median_borough_qnehvi,1554,14788531.333333332,601.7730974558154,0.90067000505943806,0.51868275088292215,false
d100_delay_median_cap1,borough,d100_median_borough_qnehvi,1555,14199775.333333332,834.0003664367057,0.8648128359094811,0.71884503665855126,false
d100_delay_median_cap1,borough,d100_median_borough_qnehvi,1556,14622864.666666666,665.7739631671122,0.89058036233957405,0.57384664110395567,false
d100_delay_median_cap1,borough,d100_median_borough_qnehvi,1557,14883200.666666666,575.9578271907928,0.90643567759381061,0.49643194663052498,false
d100_delay_median_cap1,borough,d100_median_borough_qnehvi,1558,14871633.333333334,489.59212519682217,0.90573118909951555,0.42199126445055024,true
d100_delay_median_cap1,borough,d100_median_borough_qnehvi,1559,14961973.333333332,673.4232408658957,0.91123319105110001,0.58043973809657035,false
d100_delay_median_cap1,borough,d100_median_borough_qnehvi,1560,14553267.333333334,1307.9318858461452,0.88634165674044796,1.1273380471581778,false
d100_delay_median_cap1,borough,d100_median_borough_qnehvi,1561,14794401.333333332,587.2976658263262,0.90102750728941161,0.50620602713182028,false
d100_delay_median_cap1,borough,d100_median_borough_qnehvi,1562,14537219.333333332,663.6364411981235,0.88536428096760034,0.57200425934971122,false
d100_delay_median_cap1,borough,d100_median_borough_qnehvi,1563,14341519.333333332,904.1187481436102,0.87344550985928615,0.77928176150543838,false
d100_delay_median_cap1,borough,d100_median_borough_qnehvi,1564,14784948.666666668,603.3505659369501,0.90045180892271159,0.52004240902431342,false
d100_delay_median_cap1,borough,d100_median_borough_qnehvi,1565,14664881.333333334,738.8149117617411,0.89313931498512544,0.6368023968602885,false
d100_delay_median_cap1,borough,d100_median_borough_qnehvi,1566,14425702.0,732.5388821746243,0.87857251003960057,0.63139293554566511,false
d100_delay_median_cap1,borough,d100_median_borough_qnehvi,1567,14460834.666666668,1101.9461127328336,0.88071220453333954,0.94979393976477144,false
d100_delay_median_cap1,borough,d100_median_borough_qnehvi,1568,14964860.000000002,676.4718892854339,0.91140899850774815,0.5830674417200894,false
d100_delay_median_cap1,borough,d100_median_borough_qnehvi,1569,14565107.33333333,910.1487126127668,0.88706275152799197,0.78447913335840325,false
d100_delay_median_cap1,borough,d100_median_borough_qnehvi,1570,14110078.0,1131.2460295509668,0.85934997446325634,0.97504824495076559,false
d100_delay_median_cap1,borough,d100_median_borough_qnehvi,1571,14817982.666666664,717.4023826073823,0.90246368774127073,0.61834642139029983,false
d100_delay_median_cap1,borough,d100_median_borough_qnehvi,1572,14337986.0,901.4624244317708,0.87323031828417452,0.77699221201258539,false
d100_delay_median_cap1,borough,d100_median_borough_qnehvi,1573,14310704.0,889.5357254849905,0.87156875510902365,0.76671230245062205,false
d100_delay_median_cap1,borough,d100_median_borough_qnehvi,1574,13972095.333333334,912.7100128570108,0.85094637803548556,0.78668677983202973,false
d100_delay_median_cap1,borough,d100_median_borough_qnehvi,1575,14544337.333333334,657.2338568410348,0.88579779048599083,0.56648571742562903,false
d100_delay_median_cap1,borough,d100_median_borough_qnehvi,1576,14870980.0,575.4929633298345,0.9056913989592118,0.49603126925360791,false
d100_delay_median_cap1,borough,d100_median_borough_qnehvi,1577,14871755.333333334,555.4242268574468,0.90573861929918453,0.4787335411161236,false
d100_delay_median_cap1,borough,d100_median_borough_qnehvi,1578,14681848.666666668,710.5986325035628,0.89417268116968573,0.61248210503071365,false
d100_delay_median_cap1,borough,d100_median_borough_qnehvi,1579,14874974.0,679.9532155919635,0.90593464664345602,0.58606808085305506,false
d100_delay_median_cap1,borough,d100_median_borough_qnehvi,1580,15305465.333333332,784.4957317002345,0.93215297912231632,0.67617579764616342,false
d100_delay_median_cap1,borough,d100_median_borough_qnehvi,1581,14848332.0,744.2331063576094,0.90431206156492916,0.64147246950010162,false
d100_delay_median_cap1,borough,d100_median_borough_qnehvi,1582,14372341.333333334,917.0158629040594,0.8753226706313888,0.79039809586914533,false
d100_delay_median_cap1,borough,d100_median_borough_qnehvi,1583,14755363.333333334,800.9199965091959,0.89864996520189833,0.69033226773157996,false
d100_delay_median_cap1,borough,d100_median_borough_qnehvi,1584,15097588.666666666,704.4745844438272,0.91949260912354613,0.60720364026119777,false
d100_delay_median_cap1,borough,d100_median_borough_qnehvi,1585,14925658.66666667,567.966104589492,0.90902150888515887,0.4895436881147141,false
d100_delay_median_cap1,borough,d100_median_borough_qnehvi,1586,14192080.000000004,874.9799094101535,0.86434416489976129,0.75416629340674535,false
d100_delay_median_cap1,borough,d100_median_borough_qnehvi,1587,14938806.666666668,610.7725730095295,0.9098222651576785,0.52643961598114419,false
d100_delay_median_cap1,borough,d100_median_borough_qnehvi,1588,14194353.333333334,724.426881812091,0.86448261834714446,0.6244010067256649,false
d100_delay_median_cap1,borough,d100_median_borough_qnehvi,1589,14523117.333333334,831.0634455229533,0.88450542296980061,0.71631363366777112,false
d100_delay_median_cap1,borough,d100_median_borough_qnehvi,1590,14614798.000000002,956.7014691358884,0.89008907591337594,0.82460407732263308,false
d100_delay_median_cap1,borough,d100_median_borough_qnehvi,1591,14480848.000000002,1716.3536260994315,0.88193108209651994,1.4793665985350841,false
d100_delay_median_cap1,borough,d100_median_borough_qnehvi,1592,14037842.000000002,1173.25116907635,0.85495056541992387,1.0112534881102879,false
d100_delay_median_cap1,borough,d100_median_borough_qnehvi,1593,14131122.666666664,948.1407825854616,0.86063166360505894,0.81722541505242763,false
d100_delay_median_cap1,borough,d100_median_borough_qnehvi,1594,14150299.333333332,764.1666286632212,0.86179958542734025,0.65865365328510772,false
d100_delay_median_cap1,borough,d100_median_borough_qnehvi,1595,14782009.333333332,520.9397365671705,0.9002727938935291,0.44901052697312399,false
d100_delay_median_cap1,borough,d100_median_borough_qnehvi,1596,15287788.0,697.9045867657286,0.93107637161181378,0.60154080075677674,false
d100_delay_median_cap1,borough,d100_median_borough_qnehvi,1597,15111307.333333334,624.5560116716874,0.92032812086555582,0.5383198942989017,false
d100_delay_median_cap1,borough,d100_median_borough_qnehvi,1598,14028594.666666668,918.23737111405,0.85438737252589081,0.79145094326505361,false
d100_delay_median_cap1,borough,d100_median_borough_qnehvi,1599,14172125.333333336,943.8486775616966,0.86312886032877145,0.8135259461824883,false
d100_delay_median_cap1,borough,d100_median_borough_qnehvi,1600,14067498.666666666,879.8868395641301,0.85675675357442327,0.75839569488948899,false
d100_delay_median_cap1,borough,d100_median_borough_qnehvi,1601,14702479.333333334,499.4884119599236,0.89542915635523457,0.43052111276632438,false
d100_delay_median_cap1,borough,d100_median_borough_qnehvi,1602,13988726.0,659.8446361773356,0.85195924011713398,0.56873601112241601,false
d100_delay_median_cap1,borough,d100_median_borough_qnehvi,1603,14864274.666666666,576.0420191804573,0.90528302219270695,0.4965045137376059,false
d100_delay_median_cap1,borough,d100_median_borough_qnehvi,1604,14269304.666666666,960.209659841896,0.86904740008584114,0.82762787152963058,false
d100_delay_median_cap1,borough,d100_median_borough_qnehvi,1605,14741608.0,572.4850576740753,0.89781222033976971,0.49343868280113673,false
d100_delay_median_cap1,borough,d100_median_borough_qnehvi,1606,14642909.333333332,643.9690985053448,0.89180114820540168,0.55505250219477043,false
d100_delay_median_cap1,borough,d100_median_borough_qnehvi,1607,14571709.333333334,622.5950961025891,0.88746483495597961,0.53662973386147261,false
d100_delay_median_cap1,borough,d100_median_borough_qnehvi,1608,14103999.333333332,827.6798853772981,0.85897976374969598,0.71339726154753835,false
d100_delay_median_cap1,borough,d100_median_borough_qnehvi,1609,14754091.333333334,554.9382711890288,0.89857249623485813,0.47831468420150275,false
d100_delay_median_cap1,borough,d100_median_borough_qnehvi,1610,14164045.333333334,1222.6654291038783,0.86263676185889326,1.0538448309806865,false
d100_delay_median_cap1,borough,d100_median_borough_qnehvi,1611,14759141.333333336,491.2689021926928,0.89888005777853197,0.42343651899667789,false
d100_delay_median_cap1,borough,d100_median_borough_qnehvi,1612,14076682.666666664,881.0472675963881,0.85731608926097824,0.75939589580660882,false
d100_delay_median_cap1,borough,d100_median_borough_qnehvi,1613,14050071.333333334,776.649059884983,0.85569537188291467,0.66941256190229737,false
d100_delay_median_cap1,borough,d100_median_borough_qnehvi,1614,14835532.0,568.2289205569901,0.90353249963244875,0.48977021553771494,false
d100_delay_median_cap1,borough,d100_median_borough_qnehvi,1615,14808628.666666666,579.0820374670102,0.9018939984978005,0.49912477884129713,false
d100_delay_median_cap1,borough,d100_median_borough_qnehvi,1616,13956244.666666668,729.5767522018095,0.84998102050909696,0.62883980425869335,false
d100_delay_median_cap1,borough,d100_median_borough_qnehvi,1617,14261084.0,1058.7562246889238,0.86854673455514231,0.91256753327426632,false
d100_delay_median_cap1,borough,d100_median_borough_qnehvi,1618,14280931.333333332,765.5592149452375,0.86975550217451092,0.65985395699867,false
d100_delay_median_cap1,borough,d100_median_borough_qnehvi,1619,14299102.666666666,1171.9938415180015,0.87086219590334513,1.0101697671538639,false
d100_delay_median_cap1,borough,d100_median_borough_qnehvi,1620,14568774.666666666,756.5359747368361,0.88728610414208442,0.65207660857123428,false
d100_delay_median_cap1,borough,d100_median_borough_qnehvi,1621,14363149.333333336,976.0071514509764,0.87476284771862634,0.84124411067273952,false
d100_delay_median_cap1,borough,d100_median_borough_qnehvi,1622,14092395.333333334,755.7834709483327,0.85827304213528199,0.65142800740125695,false
d100_delay_median_cap1,borough,d100_median_borough_qnehvi,1623,14467145.999999998,540.8055861634728,0.88109658540910973,0.46613338201732613,false
d100_delay_median_cap1,borough,d100_median_borough_qnehvi,1624,14474332.666666666,665.103083538703,0.88153427695245024,0.57326839376680194,false
d100_delay_median_cap1,borough,d100_median_borough_qnehvi,1625,14025600.000000002,696.8854192066026,0.85420498751543772,0.60066235564945469,false
d100_delay_median_cap1,borough,d100_median_borough_qnehvi,1626,14257399.333333332,1048.6014511899973,0.86832232628426642,0.90381488900471596,false
d100_delay_median_cap1,borough,d100_median_borough_qnehvi,1627,14287486.666666666,975.7813135546892,0.87015474344961918,0.8410494555414364,false
d100_delay_median_cap1,borough,d100_median_borough_qnehvi,1628,18131558.666666668,628.5091823452572,1.1042713213335205,0.54172722747538593,false
d100_delay_median_cap1,borough,d100_median_borough_qnehvi,1629,14142140.000000002,925.5325344230266,0.86130265529756811,0.79773882052184308,false
d100_delay_median_cap1,borough,d100_median_borough_qnehvi,1630,14434921.333333334,1192.009966141114,0.87913399764190658,1.0274221478691612,false
d100_delay_median_cap1,borough,d100_median_borough_qnehvi,1631,14057898.666666668,843.6763686861921,0.85617208212506324,0.72718501643752675,false
d100_delay_median_cap1,borough,d100_median_borough_qnehvi,1632,14548596.666666666,644.9859177602339,0.88605719783946024,0.55592892324201604,false
d100_delay_median_cap1,borough,d100_median_borough_qnehvi,1633,14174505.999999998,876.7271400926252,0.86327385072777585,0.7556722736850976,false
d100_delay_median_cap1,borough,d100_median_borough_qnehvi,1634,14152558.666666666,947.1367986302024,0.86193718622885962,0.81636005705959325,false
d100_delay_median_cap1,borough,d100_median_borough_qnehvi,1635,14739724.666666668,560.4654701780772,0.89769751917001672,0.48307871035760291,false
d100_delay_median_cap1,borough,d100_median_borough_qnehvi,1636,14514596.666666666,713.8765673384374,0.88398648645630917,0.6153074361473021,false
d100_delay_median_cap1,borough,d100_median_borough_qnehvi,1637,14324055.333333334,570.2651010954148,0.87238189504765828,0.49152524866802522,false
d100_delay_median_cap1,borough,d100_median_borough_qnehvi,1638,14328472.0,1009.1921330809628,0.87265088451654804,0.869847046949904,false
d100_delay_median_cap1,borough,d100_median_borough_qnehvi,1639,14510040.666666668,613.9583444439406,0.88370901113096689,0.52918550923936847,false
d100_delay_median_cap1,borough,d100_median_borough_qnehvi,1640,14453217.333333332,1227.5023134913222,0.88024828397914556,1.0580138583273537,false
d100_delay_median_cap1,borough,d100_median_borough_qnehvi,1641,14301033.333333332,919.2520455087924,0.87097977982816088,0.79232551560559283,false
d100_delay_median_cap1,borough,d100_median_borough_qnehvi,1642,14421002.666666666,605.9667774780733,0.87828630524470175,0.5222973848694924,false
d100_delay_median_cap1,borough,d100_median_borough_qnehvi,1643,14833671.333333334,945.5392353278894,0.90341917893695123,0.81498307870702702,false
d100_delay_median_cap1,borough,d100_median_borough_qnehvi,1644,14145174.666666666,678.5987298425994,0.8614874764390601,0.58490061690778716,false
d100_delay_median_cap1,borough,d100_median_borough_qnehvi,1645,14037092.000000002,818.6774649073136,0.85490488796294284,0.70563785815493463,false
d100_delay_median_cap1,borough,d100_median_borough_qnehvi,1646,14159434.666666668,827.9649527209551,0.86235595715446423,0.71364296796848015,false
d100_delay_median_cap1,borough,d100_median_borough_qnehvi,1647,14485492.666666666,686.6982273976329,0.88221395751233178,0.59188176925636438,false
d100_delay_median_cap1,borough,d100_median_borough_qnehvi,1648,13971855.33333333,811.7819472212963,0.85093176124925107,0.69969444510229661,false
d100_delay_median_cap1,borough,d100_median_borough_qnehvi,1649,14609712.66666667,685.9642363468797,0.88977936245395073,0.59124912466168633,false
d100_delay_median_cap1,borough,d100_median_borough_qnehvi,1650,14202439.333333332,695.5874871090814,0.86497508223667852,0.59954363666110555,false
d100_delay_median_cap1,borough,d100_median_borough_qnehvi,1651,14416404.0,736.8420158407293,0.87800623137958467,0.63510191026851082,false
d100_delay_median_cap1,borough,d100_median_borough_qnehvi,1652,14711316.666666666,516.7899037518762,0.89596737890611788,0.44543368595207933,false
d100_delay_median_cap1,borough,d100_median_borough_qnehvi,1653,14121052.666666668,744.0280695074266,0.86001836761599038,0.64129574329227534,false
d100_delay_median_cap1,borough,d100_median_borough_qnehvi,1654,14425570.666666666,957.6207749658116,0.87856451140935576,0.82539644919632293,false
d100_delay_median_cap1,borough,d100_median_borough_qnehvi,1655,13973709.999999998,829.7569102522591,0.85104471652509295,0.71518749939690662,false
d100_delay_median_cap1,borough,d100_median_borough_qnehvi,1656,14423660.66666667,765.5946029449312,0.87844818615224374,0.65988445876936552,false
d100_delay_median_cap1,borough,d100_median_borough_qnehvi,1657,14197054.666666666,1239.7642315359844,0.86464713839664498,1.0685827013171709,false
d100_delay_median_cap1,borough,d100_median_borough_qnehvi,1658,14460791.33333333,762.6493331316781,0.88070956539138034,0.65734585966068282,false
d100_delay_median_cap1,borough,d100_median_borough_qnehvi,1659,14234423.999999998,1071.1603153974463,0.86692305321764795,0.92325891831307672,false
d100_delay_median_cap1,borough,d100_median_borough_qnehvi,1660,14487374.666666668,849.1990730040408,0.88232857747771687,0.73194516852808311,false
d100_delay_median_cap1,borough,d100_median_borough_qnehvi,1661,14509951.333333334,524.6197763689465,0.88370357043831338,0.45218244206174085,false
d100_delay_median_cap1,borough,d100_median_borough_qnehvi,1662,14277729.333333334,694.2745266918798,0.86956048988483903,0.5984119644014555,false
d100_delay_median_cap1,borough,d100_median_borough_qnehvi,1663,13961421.999999996,731.7478239874482,0.85029633706991148,0.63071110340932046,false
d100_delay_median_cap1,borough,d100_median_borough_qnehvi,1664,14238073.333333334,609.6480466190475,0.86714530957277303,0.52547035955522281,false
d100_delay_median_cap1,borough,d100_median_borough_qnehvi,1665,13894762.666666668,819.2151949879685,0.8462365652956001,0.70610134068455555,false
d100_delay_median_cap1,borough,d100_median_borough_qnehvi,1666,14653737.999999996,686.5850789375977,0.89246064947984305,0.5917842438688764,false
d100_delay_median_cap1,borough,d100_median_borough_qnehvi,1667,14537576.0,676.8434528803011,0.88538600313603144,0.58338770134673035,false
d100_delay_median_cap1,borough,d100_median_borough_qnehvi,1668,14018068.0,815.5174269370424,0.85374626404079368,0.70291414519029005,false
d100_delay_median_cap1,borough,d100_median_borough_qnehvi,1669,14599608.0,710.8552501109014,0.88916395515131486,0.6127032899375533,false
d100_delay_median_cap1,borough,d100_median_borough_qnehvi,1670,13932999.333333334,622.1444044442139,0.84856530355796556,0.53624127184787584,false
d100_delay_median_cap1,borough,d100_median_borough_qnehvi,1671,13983293.333333334,678.030185530208,0.85162837291985383,0.5844105748484183,false
d100_delay_median_cap1,borough,d100_median_borough_qnehvi,1672,14665307.333333334,631.3137416875081,0.89316525978069083,0.54414454483437591,false
d100_delay_median_cap1,borough,d100_median_borough_qnehvi,1673,14523658.0,649.8300574592395,0.884538351341011,0.56010420411675776,false
d100_delay_median_cap1,borough,d100_median_borough_qnehvi,1674,14040796.666666668,668.45553081067,0.85513051429933806,0.57615794895058359,false
d100_delay_median_cap1,borough,d100_median_borough_qnehvi,1675,13903897.333333332,683.2995050329598,0.8467928964205399,0.58895232845376122,false
d100_delay_median_cap1,borough,d100_median_borough_qnehvi,1676,13829973.333333334,927.593595192528,0.84229068264736151,0.79951529852357084,false
d100_delay_median_cap1,borough,d100_median_borough_qnehvi,1677,14036558.0,808.3270456866192,0.85487236561357205,0.69671658211770615,false
d100_delay_median_cap1,borough,d100_median_borough_qnehvi,1678,14216898.666666668,796.3843710753963,0.86585570300509374,0.68642290274513584,false
d100_delay_median_cap1,borough,d100_median_borough_qnehvi,1679,14150282.666666668,660.7349981031232,0.86179857037274077,0.56950343554684002,false
d100_delay_median_cap1,borough,d100_median_borough_qnehvi,1680,14854694.666666666,638.5440731075987,0.90469956880886626,0.55037654192202101,false
d100_delay_median_cap1,borough,d100_median_borough_qnehvi,1681,13995870.0,704.639554152404,0.85239433312069979,0.60734583163302669,false
d100_delay_median_cap1,borough,d100_median_borough_qnehvi,1682,14069367.333333332,1052.910182252817,0.85687056149612872,0.90752868825883126,false
d100_delay_median_cap1,borough,d100_median_borough_qnehvi,1683,14065564.0,1048.4106796980868,0.85663892603650371,0.90365045845334602,false
d100_delay_median_cap1,borough,d100_median_borough_qnehvi,1684,14378183.333333336,675.190108164898,0.87567846756963519,0.58196264364845707,false
d100_delay_median_cap1,borough,d100_median_borough_qnehvi,1685,14521880.000000002,642.6857329789583,0.88443006531632751,0.55394633848551056,false
d100_delay_median_cap1,borough,d100_median_borough_qnehvi,1686,13921817.333333336,661.7262083547482,0.84788428312601272,0.57035778357633804,false
d100_delay_median_cap1,borough,d100_median_borough_qnehvi,1687,14233904.0,889.3748302563314,0.86689138351414097,0.76657362297133347,false
d100_delay_median_cap1,borough,d100_median_borough_qnehvi,1688,14623173.333333334,679.4055651203255,0.89059916115075866,0.58559604769910978,false
d100_delay_median_cap1,borough,d100_median_borough_qnehvi,1689,14120146.666666668,665.4783566394577,0.85996318924795701,0.57359185070606156,false
d100_delay_median_cap1,borough,d100_median_borough_qnehvi,1690,13934202.0,685.2486586238708,0.84863854989787124,0.59063235095842515,false
d100_delay_median_cap1,borough,d100_median_borough_qnehvi,1691,14610607.333333334,704.8907616070167,0.88983385058485642,0.60756235339870823,false
d100_delay_median_cap1,borough,d100_median_borough_qnehvi,1692,14111641.333333336,891.68503290181,0.85944518658469748,0.76856484236668365,false
d100_delay_median_cap1,borough,d100_median_borough_qnehvi,1693,14731372.666666666,660.7371154304321,0.89718885500907308,0.56950526052232964,false
d100_delay_median_cap1,borough,d100_median_borough_qnehvi,1694,14172150.0,924.280897823926,0.86313036260957887,0.79666000474049303,false
d100_delay_median_cap1,borough,d100_median_borough_qnehvi,1695,14039248.666666668,683.9543699822575,0.85503623602812884,0.58951677235262379,false
d100_delay_median_cap1,borough,d100_median_borough_qnehvi,1696,13808538.666666666,879.2274461992959,0.8409852412279285,0.75782734784002448,false
d100_delay_median_cap1,borough,d100_median_borough_qnehvi,1697,14212794.0,891.3915947856658,0.86560571535830799,0.76831192097498457,false
d100_delay_median_cap1,borough,d100_median_borough_qnehvi,1698,14022280.666666668,774.8132774369992,0.85400282924138438,0.66783025672087859,false
d100_delay_median_cap1,borough,d100_median_borough_qnehvi,1699,14377495.333333334,591.2546475387702,0.87563656611576424,0.50961664513465399,false
d100_delay_median_cap1,borough,d100_median_borough_qnehvi,1700,14585443.333333334,748.4066562672522,0.88830128054822055,0.645069752856956,false
d100_delay_median_cap1,borough,d100_median_borough_qnehvi,1701,13849521.333333332,717.3587685232669,0.84348121988612146,0.61830882935898146,false
d100_delay_median_cap1,borough,d100_median_borough_qnehvi,1702,14085540.0,610.0041118527769,0.85785552987738101,0.52577726077049047,false
d100_delay_median_cap1,borough,d100_median_borough_qnehvi,1703,14582625.333333332,647.4583734475846,0.88812965511652275,0.5580599924486207,false
d100_delay_median_cap1,borough,d100_median_borough_qnehvi,1704,14270478.666666668,807.8438580840252,0.86911890053183594,0.69630011106580059,false
d100_delay_median_cap1,borough,d100_median_borough_qnehvi,1705,14733030.0,673.2760804878405,0.89728979203845582,0.58031289701638034,false
d100_delay_median_cap1,borough,d100_median_borough_qnehvi,1706,13880917.999999998,1183.1081974647304,0.84539337974081752,1.0197494986857552,false
d100_delay_median_cap1,borough,d100_median_borough_qnehvi,1707,14098720.666666664,852.9597991755746,0.85865827565691588,0.73518662914540767,false
d100_delay_median_cap1,borough,d100_median_borough_qnehvi,1708,14027059.333333332,701.6078948842893,0.85429386569617694,0.6047327713689945,false
d100_delay_median_cap1,borough,d100_median_borough_qnehvi,1709,14869194.0,670.2038172546047,0.90558262570832038,0.57766483921521172,false
d100_delay_median_cap1,borough,d100_median_borough_qnehvi,1710,14126721.333333334,951.6367858384228,0.86036360798640121,0.82023870459961401,false
d100_delay_median_cap1,borough,d100_median_borough_qnehvi,1711,14525346.666666668,645.321301823781,0.88464119667304086,0.55621799885775636,false
d100_delay_median_cap1,borough,d100_median_borough_qnehvi,1712,14466934.0,681.4235542411095,0.88108367391460318,0.58733540120767525,false
d100_delay_median_cap1,borough,d100_median_borough_qnehvi,1713,13920601.999999998,784.990174995377,0.84781026534461079,0.67660197025102808,false
d100_delay_median_cap1,borough,d100_median_borough_qnehvi,1714,13898911.333333336,622.6574244519046,0.84648923268652854,0.53668345616946145,false
d100_delay_median_cap1,borough,d100_median_borough_qnehvi,1715,13793184.666666664,721.9711443588037,0.84005013232860792,0.62228434736833838,false
d100_delay_median_cap1,borough,d100_median_borough_qnehvi,1716,13983563.333333334,737.5876614318089,0.8516448168043671,0.63574460019266998,false
d100_delay_median_cap1,borough,d100_median_borough_qnehvi,1717,14023854.666666666,659.3194226878402,0.85409869099776903,0.5682833169446867,false
d100_delay_median_cap1,borough,d100_median_borough_qnehvi,1718,14536819.333333334,780.5492017540856,0.88533991965721059,0.67277418827285529,false
d100_delay_median_cap1,borough,d100_median_borough_qnehvi,1719,14422303.333333332,1041.2114196948223,0.87836552010565327,0.89744524256948266,false
d100_delay_median_cap1,borough,d100_median_borough_qnehvi,1720,14074258.666666668,791.0312732159607,0.85716845972001476,0.68180893855295721,false
d100_delay_median_cap1,borough,d100_median_borough_qnehvi,1721,14006268.0,1058.747804186312,0.85302760538428812,0.9125602754399148,false
d100_delay_median_cap1,borough,d100_median_borough_qnehvi,1722,14432210.0,719.1842373425005,0.87896886855964595,0.61988224497495725,false
d100_delay_median_cap1,borough,d100_median_borough_qnehvi,1723,14267183.33333333,1000.9991247953964,0.86891820393640595,0.86278529544667026,false
d100_delay_median_cap1,borough,d100_median_borough_qnehvi,1724,14010052.000000002,1058.935870631632,0.85325806338057775,0.91272237444636717,false
d100_delay_median_cap1,borough,d100_median_borough_qnehvi,1725,14419655.333333334,784.3965675734976,0.87820424823087151,0.67609032569292671,false
d100_delay_median_cap1,borough,d100_median_borough_qnehvi,1726,13912806.000000002,768.8246288505493,0.84733546340510968,0.66266849602399236,false
d100_delay_median_cap1,borough,d100_median_borough_qnehvi,1727,14485242.0,788.7966430003825,0.88219869109115412,0.67988285685817473,false
d100_delay_median_cap1,borough,d100_median_borough_qnehvi,1728,14024655.333333332,640.8274862172137,0.85414745422073313,0.5523446707700943,false
d100_delay_median_cap1,borough,d100_median_borough_qnehvi,1729,13823896.0,705.5283726874391,0.84192055313816927,0.6081119257717259,false
d100_delay_median_cap1,borough,d100_median_borough_qnehvi,1730,14084490.000000002,648.7590056927979,0.85779158143760736,0.55918103875940872,false
d100_delay_median_cap1,borough,d100_median_borough_qnehvi,1731,14054230.66666667,630.7039645558366,0.85594868890878684,0.54361896321329961,false
d100_delay_median_cap1,borough,d100_median_borough_qnehvi,1732,14525230.666666666,565.0850236352238,0.88463413189302775,0.48706041493219049,false
d100_delay_median_cap1,borough,d100_median_borough_qnehvi,1733,14091668.666666666,697.8018667003337,0.85822878575474004,0.60145226385422135,false
d100_delay_median_cap1,borough,d100_median_borough_qnehvi,1734,13999649.999999998,513.2803562848785,0.85262454750388528,0.44240872232005146,false
d100_delay_median_cap1,borough,d100_median_borough_qnehvi,1735,14010914.0,640.762404328321,0.85331056200446809,0.55228857511991281,false
d100_delay_median_cap1,borough,d100_median_borough_qnehvi,1736,13871933.333333332,786.4172359658717,0.84484618410727375,0.6778319885303149,false
d100_delay_median_cap1,borough,d100_median_borough_qnehvi,1737,13926392.66666667,624.5685515575008,0.8481629359146905,0.53833070272901751,false
d100_delay_median_cap1,borough,d100_median_borough_qnehvi,1738,14297379.333333334,584.7690526449152,0.87075723925774839,0.50402655442624722,false
d100_delay_median_cap1,borough,d100_median_borough_qnehvi,1739,14348375.333333332,542.6083971532565,0.87386306271937098,0.46768726830346347,false
d100_delay_median_cap1,borough,d100_median_borough_qnehvi,1740,13997755.333333334,821.5569354909476,0.85250915609700473,0.70811974332015737,false
d100_delay_median_cap1,borough,d100_median_borough_qnehvi,1741,13968808.0,626.8757510543824,0.8507461686662634,0.54031933363813867,false
d100_delay_median_cap1,borough,d100_median_borough_qnehvi,1742,14182278.000000002,674.6998155128542,0.86374719098865393,0.58154004858301667,false
d100_delay_median_cap1,borough,d100_median_borough_qnehvi,1743,13782216.000000002,764.4730559615546,0.83938210459552987,0.65891777036630861,false
d100_delay_median_cap1,borough,d100_median_borough_qnehvi,1744,14446589.333333332,583.3266458845533,0.87984461706598294,0.5027833092404459,false
d100_delay_median_cap1,borough,d100_median_borough_qnehvi,1745,13973836.000000002,670.0913113058771,0.85105239033786584,0.57756786762372081,false
d100_delay_median_cap1,borough,d100_median_borough_qnehvi,1746,14031658.0,638.4029530348159,0.85457393956129424,0.55025490712667169,false
d100_delay_median_cap1,borough,d100_median_borough_qnehvi,1747,13932544.0,611.1551464695295,0.84853757226630477,0.52676936527616347,false
d100_delay_median_cap1,borough,d100_median_borough_qnehvi,1748,13912013.333333334,654.7241747925235,0.84728718740835329,0.56432256192022867,false
d100_delay_median_cap1,borough,d100_median_borough_qnehvi,1749,14182132.000000002,750.447779168185,0.86373829911036171,0.64682904592875001,false
d100_delay_median_cap1,borough,d100_median_borough_qnehvi,1750,14387491.999999998,605.6589861429679,0.87624539586459438,0.52203209209208945,false
d100_delay_median_cap1,borough,d100_median_borough_qnehvi,1751,14204442.666666668,631.2954559309646,0.86509709179954852,0.5441287838996548,false
d100_delay_median_cap1,borough,d100_median_borough_qnehvi,1752,13970194.666666666,603.7769832576028,0.8508306212089487,0.52040994840059218,false
d100_delay_median_cap1,borough,d100_median_borough_qnehvi,1753,14071862.666666666,714.4074723070436,0.85702253547077845,0.61576503594818754,false
d100_delay_median_cap1,borough,d100_median_borough_qnehvi,1754,14109222.666666668,680.4427815444276,0.85929788186120593,0.58649004955859574,false
d100_delay_median_cap1,borough,d100_median_borough_qnehvi,1755,13902071.333333334,654.1541120343943,0.84668168703860969,0.56383121107584488,false
d100_delay_median_cap1,borough,d100_median_borough_qnehvi,1756,14021402.0,583.829572213311,0.85394931556289433,0.5032167935766424,false
d100_delay_median_cap1,borough,d100_median_borough_qnehvi,1757,14004454.666666666,684.9162909300871,0.85291716744385326,0.59034587522455606,false
d100_delay_median_cap1,borough,d100_median_borough_qnehvi,1758,14425969.333333332,719.3138665398409,0.87858879151537794,0.61999397550753743,false
d100_delay_median_cap1,borough,d100_median_borough_qnehvi,1759,14100374.666666666,642.4093271779625,0.85875900967537855,0.55370809765715401,false
d100_delay_median_cap1,borough,d100_median_borough_qnehvi,1760,13978117.333333334,615.6708835325653,0.85131313756340699,0.5306615879960257,false
d100_delay_median_cap1,borough,d100_median_borough_qnehvi,1761,13928614.000000002,622.8952633532467,0.84829822239172303,0.5368884552565536,false
d100_delay_median_cap1,borough,d100_median_borough_qnehvi,1762,14017607.333333334,657.5147979953786,0.85371820793166109,0.56672786738445458,false
d100_delay_median_cap1,borough,d100_median_borough_qnehvi,1763,13781931.33333333,735.853623537565,0.83936476746296873,0.63424999109677627,false
d100_delay_median_cap1,borough,d100_median_borough_qnehvi,1764,14003119.333333334,726.442392766522,0.85283584126933487,0.62613822424286325,false
d100_delay_median_cap1,borough,d100_median_borough_qnehvi,1765,14188253.333333332,761.1208215946474,0.86411110836369653,0.65602839869053442,false
d100_delay_median_cap1,borough,d100_median_borough_qnehvi,1766,14081361.999999998,663.5355430673405,0.85760107599035718,0.57191729281655324,false
d100_delay_median_cap1,borough,d100_median_borough_qnehvi,1767,14108825.333333332,615.3048487580149,0.85927368295955175,0.53034609379300246,false
d100_delay_median_cap1,borough,d100_median_borough_qnehvi,1768,14361649.333333332,813.5834421885515,0.87467149280466361,0.70124719707686678,false
d100_delay_median_cap1,borough,d100_median_borough_qnehvi,1769,13977591.333333332,633.44838629677,0.85128110244024402,0.54598444652285349,false
d100_delay_median_cap1,borough,d100_median_borough_qnehvi,1770,13811883.999999998,798.8390524649815,0.84118898298715694,0.68853865185567931,false
d100_delay_median_cap1,borough,d100_median_borough_qnehvi,1771,13959061.333333334,813.9785916780002,0.85015256473642675,0.7015877859550731,false
d100_delay_median_cap1,borough,d100_median_borough_qnehvi,1772,14168719.333333332,670.2646218499399,0.86292142377080028,0.57771724816288339,false
d100_delay_median_cap1,borough,d100_median_borough_qnehvi,1773,13971954.666666668,898.0562784656065,0.85093781097466492,0.77405637262875759,false
d100_delay_median_cap1,borough,d100_median_borough_qnehvi,1774,14034858.0,1000.074603515846,0.85476883004441429,0.86198842825112043,false
d100_delay_median_cap1,borough,d100_median_borough_qnehvi,1775,14125126.666666668,977.5207213555866,0.86026648756231283,0.84254869308942759,false
d100_delay_median_cap1,borough,d100_median_borough_qnehvi,1776,14071235.333333336,767.4079794741579,0.85698432881565023,0.66144745174884956,false
d100_delay_median_cap1,borough,d100_median_borough_qnehvi,1777,14571149.999999998,882.3315351827157,0.88743076972361723,0.76050283702309462,false
d100_delay_median_cap1,borough,d100_median_borough_qnehvi,1778,14208282.0,900.2497687281782,0.86533091977710863,0.77594699480551421,false
d100_delay_median_cap1,borough,d100_median_borough_qnehvi,1779,14087761.333333334,719.2901328084349,0.85799081635441365,0.61997351883184626,false
d100_delay_median_cap1,borough,d100_median_borough_qnehvi,1780,14455830.666666668,922.5757668453916,0.88040744454036035,0.79519031121264816,false
d100_delay_median_cap1,borough,d100_median_borough_qnehvi,1781,14103142.666666668,686.7832990702598,0.85892758994327745,0.59195509458341344,false
d100_delay_median_cap1,borough,d100_median_borough_qnehvi,1782,13967176.0,720.6095318705202,0.85064677451987203,0.62111074071485828,false
d100_delay_median_cap1,borough,d100_median_borough_qnehvi,1783,14085135.333333332,657.8377543299739,0.85783088435170318,0.56700623124078364,false
d100_delay_median_cap1,borough,d100_median_borough_qnehvi,1784,14073653.333333336,697.1050357387796,0.85713159293695795,0.60085164843693661,false
d100_delay_median_cap1,borough,d100_median_borough_qnehvi,1785,13896360.0,900.0686488225335,0.84633384812842405,0.7757908831891982,false
d100_delay_median_cap1,borough,d100_median_borough_qnehvi,1786,14196090.666666666,807.6752518422694,0.86458842763860488,0.69615478527829078,false
d100_delay_median_cap1,borough,d100_median_borough_qnehvi,1787,14001046.666666666,690.7217218811365,0.85270960907933047,0.59534971622124033,false
d100_delay_median_cap1,borough,d100_median_borough_qnehvi,1788,13947088.666666668,631.2087207464187,0.84942339011426971,0.54405402475154918,false
d100_delay_median_cap1,borough,d100_median_borough_qnehvi,1789,14247929.999999998,688.0809041813578,0.8677456128629667,0.59307353173427568,false
d100_delay_median_cap1,borough,d100_median_borough_qnehvi,1790,14249931.333333332,791.5046121823441,0.86786750061928475,0.68221692082770813,false
d100_delay_median_cap1,borough,d100_median_borough_qnehvi,1791,14559055.999999998,1024.58871223421,0.88669420550397504,0.88311772997504401,false
d100_delay_median_cap1,borough,d100_median_borough_qnehvi,1792,13934929.333333334,663.7552358175368,0.84868284688059736,0.5721066512981845,false
d100_delay_median_cap1,borough,d100_median_borough_qnehvi,1793,13905210.666666668,944.1163928939096,0.84687288272298711,0.81375669648613735,false
d100_delay_median_cap1,borough,d100_median_borough_qnehvi,1794,14614176.666666668,884.3095019577934,0.89005123467790315,0.7622076943063294,false
d100_delay_median_cap1,borough,d100_median_borough_qnehvi,1795,13957278.0,612.3029607143011,0.85004395389427112,0.52775869406553233,false
d100_delay_median_cap1,borough,d100_median_borough_qnehvi,1796,14195258.666666668,735.2294133107644,0.86453775611299388,0.63371196924279993,false
d100_delay_median_cap1,borough,d100_median_borough_qnehvi,1797,13825308.0,802.4973941478206,0.84200654856384594,0.69169186481210276,false
d100_delay_median_cap1,borough,d100_median_borough_qnehvi,1798,14029910.666666666,923.5168844004368,0.85446752123707381,0.79600148313844343,false
d100_delay_median_cap1,borough,d100_median_borough_qnehvi,1799,14087028.666666668,855.7892440395844,0.85794619455421595,0.73762539593598175,false
d100_delay_median_cap1,borough,d100_median_borough_qnehvi,1800,14184928.666666668,1022.786917211712,0.86390862527217183,0.88156471937562131,false
d100_delay_median_cap1,borough,d100_median_borough_qnehvi,1801,14508555.333333334,857.024519493,0.88361854946505214,0.73869010965114212,false
d100_delay_median_cap1,borough,d100_median_borough_qnehvi,1802,14031102.666666666,977.2522029596422,0.8545401179420361,0.84231725060577389,false
d100_delay_median_cap1,borough,d100_median_borough_qnehvi,1803,13873715.333333334,1098.474035696816,0.84495471374506148,0.94680127280120518,false
d100_delay_median_cap1,borough,d100_median_borough_qnehvi,1804,13682294.666666664,969.6855460418,0.83329656805573649,0.83579536645753505,false
d100_delay_median_cap1,borough,d100_median_borough_qnehvi,1805,13965650.0,666.2937540772182,0.8505538361207341,0.57429466142968555,false
d100_delay_median_cap1,borough,d100_median_borough_qnehvi,1806,13904730.666666666,681.4557129216271,0.84684364915051913,0.58736311955026332,false
d100_delay_median_cap1,borough,d100_median_borough_qnehvi,1807,14011526.666666668,1067.757783605044,0.85334787541154877,0.92032619407280891,false
d100_delay_median_cap1,borough,d100_median_borough_qnehvi,1808,14093220.000000004,740.1877811235863,0.85832326703686956,0.63798570608467109,false
d100_delay_median_cap1,borough,d100_median_borough_qnehvi,1809,13943600.666666668,683.6336344780088,0.84921095948766878,0.58924032268354953,false
d100_delay_median_cap1,borough,d100_median_borough_qnehvi,1810,13988470.666666666,531.9537254118757,0.85194368948066834,0.45850374967835622,false
d100_delay_median_cap1,borough,d100_median_borough_qnehvi,1811,14585238.0,846.838204756057,0.88828877507555359,0.72991027922759155,false
d100_delay_median_cap1,borough,d100_median_borough_qnehvi,1812,13902038.666666666,864.2011817374439,0.84667969753159422,0.74487584798149187,false
d100_delay_median_cap1,borough,d100_median_borough_qnehvi,1813,14013507.999999998,828.3565808916054,0.85346854510234704,0.71398052173705995,false
d100_delay_median_cap1,borough,d100_median_borough_qnehvi,1814,14043967.999999998,1364.7000135020114,0.85532365888854667,1.1762678659545049,false
d100_delay_median_cap1,borough,d100_median_borough_qnehvi,1815,13945652.666666668,661.9485834752732,0.84933593300996946,0.57054945405766955,false
d100_delay_median_cap1,borough,d100_median_borough_qnehvi,1816,13968748.666666668,696.4002973594828,0.85074255507188878,0.60024421742552736,false
d100_delay_median_cap1,borough,d100_median_borough_qnehvi,1817,14075025.333333334,1064.3135872217797,0.85721515223159561,0.91735755811649033,false
d100_delay_median_cap1,borough,d100_median_borough_qnehvi,1818,14558586.666666666,910.3339738158116,0.8866656215664509,0.78463881445886019,false
d100_delay_median_cap1,borough,d100_median_borough_qnehvi,1819,13932832.0,983.2038914809012,0.84855511240978554,0.84744715453078556,false
d100_delay_median_cap1,borough,d100_median_borough_qnehvi,1820,13989451.333333332,772.2238525842951,0.85200341529330803,0.66559836896869495,false
d100_delay_median_cap1,borough,d100_median_borough_qnehvi,1821,13918334.666666666,637.3944714542388,0.84767217731688338,0.54938567252206727,false
d100_delay_median_cap1,borough,d100_median_borough_qnehvi,1822,13962473.999999998,713.9490974037616,0.8503604073162373,0.61536995156044216,false
d100_delay_median_cap1,borough,d100_median_borough_qnehvi,1823,14058814.0,734.5285427393851,0.85622782892367222,0.6331078719883485,false
d100_delay_median_cap1,borough,d100_median_borough_qnehvi,1824,14058982.666666668,1098.45612191626,0.85623810127622024,0.94678583248156156,false
d100_delay_median_cap1,borough,d100_median_borough_qnehvi,1825,14263362.0,1291.3494736994649,0.86868547221781356,1.113045266066969,false
d100_delay_median_cap1,borough,d100_median_borough_qnehvi,1826,14175180.0,611.9123513220468,0.86331489953578311,0.52742201840663083,false
d100_delay_median_cap1,borough,d100_median_borough_qnehvi,1827,14163410.0,1587.7256761808146,0.862598067977557,1.3684990652633471,false
d100_delay_median_cap1,borough,d100_median_borough_qnehvi,1828,14672828.666666666,1037.164772275074,0.89362333362039081,0.89395733953027701,false
d100_delay_median_cap1,borough,d100_median_borough_qnehvi,1829,13871253.333333334,696.9965044398759,0.84480476987961095,0.60075810269202001,false
d100_delay_median_cap1,borough,d100_median_borough_qnehvi,1830,14594259.333333332,796.1953045494479,0.88883820382921641,0.68625994174506233,false
d100_delay_median_cap1,borough,d100_median_borough_qnehvi,1831,13769860.666666666,971.7981098344546,0.83862962431976629,0.83761623615746417,false
d100_delay_median_cap1,borough,d100_median_borough_qnehvi,1832,13894184.0,686.8358441428197,0.84620132259990244,0.59200038444913849,false
d100_delay_median_cap1,borough,d100_median_borough_qnehvi,1833,14008176.0,624.9716976224988,0.85314380883484842,0.53867818404861278,false
d100_delay_median_cap1,borough,d100_median_borough_qnehvi,1834,14273444.0,840.3883211187713,0.86929949904619375,0.72435096891278017,false
d100_delay_median_cap1,borough,d100_median_borough_qnehvi,1835,13982855.333333332,772.4037683526894,0.85160169728497659,0.66575344271006454,false
d100_delay_median_cap1,borough,d100_median_borough_qnehvi,1836,13994382.666666664,1269.8259186922946,0.85230374964823274,1.094493594735868,false
d100_delay_median_cap1,borough,d100_median_borough_qnehvi,1837,14117587.333333334,761.6362589048556,0.85980731746364503,0.65647266654347902,false
d100_delay_median_cap1,borough,d100_median_borough_qnehvi,1838,13916225.333333334,683.0773126831639,0.84754371200676015,0.58876081550693038,false
d100_delay_median_cap1,borough,d100_median_borough_qnehvi,1839,14169292.666666668,876.4964859947231,0.86295634164902613,0.75547346735342857,false
d100_delay_median_cap1,borough,d100_median_borough_qnehvi,1840,13921009.333333336,894.7294607866909,0.84783507327902485,0.77118890820955843,false
d100_delay_median_cap1,borough,d100_median_borough_qnehvi,1841,13646651.333333334,704.2795688559363,0.83112577228906648,0.60703555162111078,false
d100_delay_median_cap1,borough,d100_median_borough_qnehvi,1842,14168942.666666666,1036.6158258866378,0.86293502550243473,0.89348418939437835,false
d100_delay_median_cap1,borough,d100_median_borough_qnehvi,1843,14247252.000000002,714.8430354620876,0.86770432044185586,0.61614045833977771,false
d100_delay_median_cap1,borough,d100_median_borough_qnehvi,1844,14097530.666666666,777.8820314332345,0.85858580075850555,0.67047528982601345,false
d100_delay_median_cap1,borough,d100_median_borough_qnehvi,1845,14450797.333333336,612.3412186235414,0.88010089805128611,0.52779166948050471,false
d100_delay_median_cap1,borough,d100_median_borough_qnehvi,1846,13654747.999999998,617.1131340289819,0.83161888581354404,0.53190469849416244,false
d100_delay_median_cap1,borough,d100_median_borough_qnehvi,1847,14115315.333333334,696.2429286866648,0.85966894522062975,0.60010857756979907,false
d100_delay_median_cap1,borough,d100_median_borough_qnehvi,1848,13956821.999999998,916.7504831621932,0.85001618200042639,0.79016935866716376,false
d100_delay_median_cap1,borough,d100_median_borough_qnehvi,1849,14051534.0,647.189413778004,0.85578445307457396,0.55782816962057413,false
d100_delay_median_cap1,borough,d100_median_borough_qnehvi,1850,14372220.0,715.1760545944427,0.87531528103390377,0.6164274955642679,false
d100_delay_median_cap1,borough,d100_median_borough_qnehvi,1851,14179190.0,1127.8197393850803,0.86355912167244286,0.97209504279520464,false
d100_delay_median_cap1,borough,d100_median_borough_qnehvi,1852,14270735.333333332,652.7254669608102,0.86913453237266936,0.56259982741988757,false
d100_delay_median_cap1,borough,d100_median_borough_qnehvi,1853,13981601.333333332,669.7440864354725,0.851525324576904,0.5772685861308825,false
d100_delay_median_cap1,borough,d100_median_borough_qnehvi,1854,14084813.333333332,628.3276977109963,0.85781127349683917,0.54157080149067616,false
d100_delay_median_cap1,borough,d100_median_borough_qnehvi,1855,14165502.666666668,703.491390448586,0.86272551823308075,0.60635620163647486,false
d100_delay_median_cap1,borough,d100_median_borough_qnehvi,1856,13739887.333333332,630.853134904878,0.83680415012787446,0.54374753673597465,false
d100_delay_median_cap1,borough,d100_median_borough_qnehvi,1857,13683811.999999998,646.370893102427,0.83338897862648242,0.55712266690292556,false
d100_delay_median_cap1,borough,d100_median_borough_qnehvi,1858,13956326.0,915.2254943465252,0.8499859739755431,0.78885493401554596,false
d100_delay_median_cap1,borough,d100_median_borough_qnehvi,1859,14018286.0,623.9754827573149,0.85375954095495599,0.53781952242194864,false
d100_delay_median_cap1,borough,d100_median_borough_qnehvi,1860,13875089.999999998,620.0205768875716,0.84503843544843504,0.53441069363801963,false
d100_delay_median_cap1,borough,d100_median_borough_qnehvi,1861,13841681.333333336,621.3205295943742,0.84300373820247732,0.53553115423825703,false
d100_delay_median_cap1,borough,d100_median_borough_qnehvi,1862,13893146.666666666,568.5877997940433,0.84613814560162426,0.49007954221033706,false
d100_delay_median_cap1,borough,d100_median_borough_qnehvi,1863,13879590.0,1088.2206345969837,0.84531250019032267,0.93796361902297609,false
d100_delay_median_cap1,borough,d100_median_borough_qnehvi,1864,13791589.333333336,879.6339537720983,0.83995297130233593,0.75817772652429483,false
d100_delay_median_cap1,borough,d100_median_borough_qnehvi,1865,13847137.333333334,644.0023823497222,0.84333602647619699,0.55508119034323444,false
d100_delay_median_cap1,borough,d100_median_borough_qnehvi,1866,13862270.0,631.8871118812185,0.84425765545043518,0.54463874643728116,false
d100_delay_median_cap1,borough,d100_median_borough_qnehvi,1867,14652005.333333334,556.1219073873224,0.89235512440367071,0.47933488879684122,false
d100_delay_median_cap1,borough,d100_median_borough_qnehvi,1868,13912828.0,593.8751775978346,0.84733680327718086,0.51187534321463379,false
d100_delay_median_cap1,borough,d100_median_borough_qnehvi,1869,13830742.666666666,1155.5311210404907,0.84233753756767815,0.99598015119995542,false
d100_delay_median_cap1,borough,d100_median_borough_qnehvi,1870,13698597.333333334,593.0752637767528,0.83428945386286546,0.5111858781937777,false
d100_delay_median_cap1,borough,d100_median_borough_qnehvi,1871,13793845.333333334,1023.7290795359154,0.84009036909293566,0.88237679181315964,false
d100_delay_median_cap1,borough,d100_median_borough_qnehvi,1872,13975770.666666666,612.9706971515479,0.8511702178757854,0.52833423221039166,false
d100_delay_median_cap1,borough,d100_median_borough_qnehvi,1873,13580666.000000002,1246.9894785427698,0.82710704932276191,1.0748103160263234,false
d100_delay_median_cap1,borough,d100_median_borough_qnehvi,1874,13762285.333333332,785.206079320995,0.8381682617031635,0.67678806339811681,false
d100_delay_median_cap1,borough,d100_median_borough_qnehvi,1875,13967644.0,622.3598575927712,0.85067527725302838,0.53642697611457113,false
d100_delay_median_cap1,borough,d100_median_borough_qnehvi,1876,13922283.333333334,568.7386255774032,0.84791266405261689,0.49020954259178962,false
d100_delay_median_cap1,borough,d100_median_borough_qnehvi,1877,13899326.0,601.2043037211703,0.84651448724496603,0.51819249384049526,false
d100_delay_median_cap1,borough,d100_median_borough_qnehvi,1878,13677653.333333334,758.9309138828143,0.83301389565084449,0.65414086440069052,false
d100_delay_median_cap1,borough,d100_median_borough_qnehvi,1879,13699408.000000002,623.9690313972383,0.83433882611858934,0.53781396183905517,false
d100_delay_median_cap1,borough,d100_median_borough_qnehvi,1880,13948021.333333334,603.8194638036715,0.84948019256966234,0.5204465634081209,false
d100_delay_median_cap1,borough,d100_median_borough_qnehvi,1881,13870287.333333334,828.0379842169556,0.84474593731501912,0.71370591557681751,false
d100_delay_median_cap1,borough,d100_median_borough_qnehvi,1882,14069983.33333333,681.2130571229458,0.85690807791412926,0.58715396866314351,false
d100_delay_median_cap1,borough,d100_median_borough_qnehvi,1883,13853121.333333334,1057.5266618975609,0.84370047167963169,0.91150774344035101,false
d100_delay_median_cap1,borough,d100_median_borough_qnehvi,1884,13800541.333333332,697.1683832724364,0.84049817742886435,0.60090624920449764,false
d100_delay_median_cap1,borough,d100_median_borough_qnehvi,1885,13852397.333333334,675.7403149090763,0.84365637770782587,0.58243688011537698,false
d100_delay_median_cap1,borough,d100_median_borough_qnehvi,1886,13958740.666666668,672.7484446724561,0.85013303508593085,0.57985811497752704,false
d100_delay_median_cap1,borough,d100_median_borough_qnehvi,1887,13851920.666666666,587.7365235532899,0.84362734714627752,0.50658428919443166,false
d100_delay_median_cap1,borough,d100_median_borough_qnehvi,1888,13731318.666666666,1517.74583084193,0.83628229025713641,1.3081817482543407,false
d100_delay_median_cap1,borough,d100_median_borough_qnehvi,1889,13961520.000000002,574.1390381040102,0.85030230559095743,0.49486428843710184,false
d100_delay_median_cap1,borough,d100_median_borough_qnehvi,1890,13861666.0,648.3031341425949,0.84422086987174627,0.55878811207207713,false
d100_delay_median_cap1,borough,d100_median_borough_qnehvi,1891,13892197.999999998,622.9566291126132,0.84608036869381575,0.53694134788504233,false
d100_delay_median_cap1,borough,d100_median_borough_qnehvi,1892,14056212.666666668,697.086268788122,0.85606939920176928,0.60083547274939919,false
d100_delay_median_cap1,borough,d100_median_borough_qnehvi,1893,14078875.333333334,575.7020332972397,0.85744962984409956,0.49621147170246971,false
d100_delay_median_cap1,borough,d100_median_borough_qnehvi,1894,13704123.333333332,940.9977048331108,0.83462600536590359,0.81106862400606172,false
d100_delay_median_cap1,borough,d100_median_borough_qnehvi,1895,13951580.666666666,620.3358938985648,0.8496969676299494,0.53468247297703231,false
d100_delay_median_cap1,borough,d100_median_borough_qnehvi,1896,13721026.000000002,579.1866005825055,0.83565543313861768,0.49921490431319898,false
d100_delay_median_cap1,borough,d100_median_borough_qnehvi,1897,13999178.0,833.1985516921685,0.85259580115762512,0.71815393318590803,false
d100_delay_median_cap1,borough,d100_median_borough_qnehvi,1898,13842504.666666666,918.019298047091,0.84305388189969643,0.79126298082748026,false
d100_delay_median_cap1,borough,d100_median_borough_qnehvi,1899,13385735.333333334,1263.0503383904038,0.81523513313476448,1.0886535586081794,false
d100_delay_median_cap1,borough,d100_median_borough_qnehvi,1900,13936533.333333334,596.3191925981171,0.84878053573526113,0.51398189870690336,false
d100_delay_median_cap1,borough,d100_median_borough_qnehvi,1901,13978643.333333334,571.2259911416522,0.85134517268656995,0.4923534629810038,false
d100_delay_median_cap1,borough,d100_median_borough_qnehvi,1902,13674364.666666666,615.2719511476187,0.83281360507725433,0.53031773854892472,false
d100_delay_median_cap1,borough,d100_median_borough_qnehvi,1903,13720847.333333334,933.0494666189762,0.83564455175331009,0.80421784573263988,false
d100_delay_median_cap1,borough,d100_median_borough_qnehvi,1904,14010154.0,662.1861808586166,0.85326427551472706,0.57075424497457194,false
d100_delay_median_cap1,borough,d100_median_borough_qnehvi,1905,13781242.666666666,610.2761935336841,0.83932282540691405,0.52601177453542025,false
d100_delay_median_cap1,borough,d100_median_borough_qnehvi,1906,13968940.666666666,605.1184398052378,0.850754248500876,0.52156618216255135,false
d100_delay_median_cap1,borough,d100_median_borough_qnehvi,1907,13950240.666666666,708.2012558088612,0.84961535724014281,0.61041574821920497,false
d100_delay_median_cap1,borough,d100_median_borough_qnehvi,1908,13816250.666666666,886.2584737060679,0.84145492729224813,0.76388756007643765,false
d100_delay_median_cap1,borough,d100_median_borough_qnehvi,1909,14049530.666666668,657.3823982088782,0.85566244351170395,0.56661374881423487,false
d100_delay_median_cap1,borough,d100_median_borough_qnehvi,1910,14017726.666666664,818.0026578381832,0.85372547572259394,0.70505622566187109,false
d100_delay_median_cap1,borough,d100_median_borough_qnehvi,1911,13875130.0,741.8042199357719,0.84504087157947405,0.63937895369458098,false
d100_delay_median_cap1,borough,d100_median_borough_qnehvi,1912,13768737.333333336,1270.8740551603876,0.83856120963975445,1.0953970088447231,false
d100_delay_median_cap1,borough,d100_median_borough_qnehvi,1913,13823879.333333336,573.734644564862,0.84191953808356967,0.49451573188944054,false
d100_delay_median_cap1,borough,d100_median_borough_qnehvi,1914,13692222.666666668,908.877423804835,0.83390121577961662,0.78338337886413856,false
d100_delay_median_cap1,borough,d100_median_borough_qnehvi,1915,13774891.333333332,716.8307297764128,0.83893600840010463,0.61785370002377349,false
d100_delay_median_cap1,borough,d100_median_borough_qnehvi,1916,13799455.33333333,873.3496927874107,0.84043203647115505,0.75276117036951717,false
d100_delay_median_cap1,borough,d100_median_borough_qnehvi,1917,13927656.666666664,660.2529176777589,0.84823991765552254,0.56908791879770004,false
d100_delay_median_cap1,borough,d100_median_borough_qnehvi,1918,14136546.666666666,656.6865559514366,0.86096200297394743,0.5660139855848777,false
d100_delay_median_cap1,borough,d100_median_borough_qnehvi,1919,13854261.333333332,833.5025301722817,0.84376990141424302,0.71841593957160521,false
d100_delay_median_cap1,borough,d100_median_borough_qnehvi,1920,14120538.666666664,631.0733496552664,0.85998706333213915,0.5439373451421653,false
d100_delay_median_cap1,borough,d100_median_borough_qnehvi,1921,13297542.000000002,1020.392313023584,0.80986387021560646,0.87950075225441693,false
d100_delay_median_cap1,borough,d100_median_borough_qnehvi,1922,13947283.999999996,544.3601808439396,0.84943528655417655,0.46919717292943763,false
d100_delay_median_cap1,borough,d100_median_borough_qnehvi,1923,14053434.666666664,669.4175962673702,0.85590020990111038,0.57698717637819774,false
d100_delay_median_cap1,borough,d100_median_borough_qnehvi,1924,13463488.666666666,1110.687314618054,0.81997056585274308,0.9573281925570909,false
d100_delay_median_cap1,borough,d100_median_borough_qnehvi,1925,13530092.000000002,850.7490613272497,0.82402692704360048,0.73328114085838036,false
d100_delay_median_cap1,borough,d100_median_borough_qnehvi,1926,13973632.000000002,612.9599848475189,0.851039966069567,0.52832499901710728,false
d100_delay_median_cap1,borough,d100_median_borough_qnehvi,1927,13961584.0,608.8549883433143,0.85030620340061969,0.5247868034942974,false
d100_delay_median_cap1,borough,d100_median_borough_qnehvi,1928,13921359.333333334,609.9460604293203,0.84785638942561603,0.5257272248480831,false
d100_delay_median_cap1,borough,d100_median_borough_qnehvi,1929,13315567.333333332,1490.784108251922,0.81096167206614811,1.2849427890840956,false
d100_delay_median_cap1,borough,d100_median_borough_qnehvi,1930,13507256.666666666,1351.1985519323616,0.82263618043561837,1.1646306304956695,false
d100_delay_median_cap1,borough,d100_median_borough_qnehvi,1931,13879865.333333334,710.0995938313094,0.84532926889230808,0.61205197155945057,false
d100_delay_median_cap1,borough,d100_median_borough_qnehvi,1932,14037254.0,617.6896659888961,0.85491475429365049,0.53240162529963853,false
d100_delay_median_cap1,borough,d100_median_borough_qnehvi,1933,14134513.333333332,652.2175808718544,0.8608381663127983,0.56216206814671876,false
d100_delay_median_cap1,borough,d100_median_borough_qnehvi,1934,14077044.666666668,600.4668976549449,0.85733813624688116,0.51755690576159219,false
d100_delay_median_cap1,borough,d100_median_borough_qnehvi,1935,13614641.333333338,1210.740334973334,0.82917625842510578,1.0435663046485539,false
d100_delay_median_cap1,borough,d100_median_borough_qnehvi,1936,14149794.666666666,667.5690378587857,0.86176884957406485,0.57539385928810838,false
d100_delay_median_cap1,borough,d100_median_borough_qnehvi,1937,14041983.999999998,645.4370560689777,0.85520282678901227,0.55631777023434115,false
d100_delay_median_cap1,borough,d100_median_borough_qnehvi,1938,13998173.333333332,587.7756769772875,0.8525346136663623,0.50661803647517833,false
d100_delay_median_cap1,borough,d100_median_borough_qnehvi,1939,13337926.0,926.7897268338912,0.81232338811258187,0.79882242499139011,false
d100_delay_median_cap1,borough,d100_median_borough_qnehvi,1940,14286409.999999998,653.9633937802776,0.87008917092248605,0.56366682641141397,false
d100_delay_median_cap1,borough,d100_median_borough_qnehvi,1941,14010469.999999998,645.0684720909996,0.85328352094993509,0.55600007881138258,false
d100_delay_median_cap1,borough,d100_median_borough_qnehvi,1942,13197823.333333334,1292.872314379702,0.8037906767397438,1.1143578391888336,false
d100_delay_median_cap1,borough,d100_median_borough_qnehvi,1943,13986535.333333332,608.6799686365065,0.85182582134056473,0.52463594978653016,false
d100_delay_median_cap1,borough,d100_median_borough_qnehvi,1944,14218612.666666666,732.3960186559002,0.86596009122011453,0.63126979803219718,false
d100_delay_median_cap1,borough,d100_median_borough_qnehvi,1945,14156152.666666668,686.0418101727212,0.8621560726027141,0.59131598741370039,false
d100_delay_median_cap1,borough,d100_median_borough_qnehvi,1946,13576017.999999998,1621.4426258412757,0.82682397089602955,1.3975605176200689,false
d100_delay_median_cap1,borough,d100_median_borough_qnehvi,1947,13743370.66666667,594.38835813986,0.83701629653918785,0.51231766590463546,false
d100_delay_median_cap1,borough,d100_median_borough_qnehvi,1948,14111086.666666666,607.4516600271468,0.85941140556762308,0.52357724096234148,false
d100_delay_median_cap1,borough,d100_median_borough_qnehvi,1949,13833749.333333336,585.8887247612713,0.84252065341744331,0.50499162683618681,false
d100_delay_median_cap1,borough,d100_median_borough_qnehvi,1950,14041330.666666668,680.1987093188944,0.85516303664870874,0.58627967781900014,false
d100_delay_median_cap1,borough,d100_median_borough_qnehvi,1951,13388746.666666668,914.0917390145468,0.81541853319981727,0.7878777229422943,false
d100_delay_median_cap1,borough,d100_median_borough_qnehvi,1952,14176363.333333332,742.4136008814514,0.86338696841235352,0.63990419383339237,false
d100_delay_median_cap1,borough,d100_median_borough_qnehvi,1953,14087804.666666666,713.7299396811441,0.8579934554963724,0.61518105423198877,false
d100_delay_median_cap1,borough,d100_median_borough_qnehvi,1954,13982344.0,655.6876138979263,0.85157055540986148,0.56515297332879988,false
d100_delay_median_cap1,borough,d100_median_borough_qnehvi,1955,13962764.66666667,661.2957273784009,0.85037810986845441,0.56998674163717733,false
d100_delay_median_cap1,borough,d100_median_borough_qnehvi,1956,14042490.0,613.914796194066,0.85523364384665579,0.52914797395217017,false
d100_delay_median_cap1,borough,d100_median_borough_qnehvi,1957,13825384.0,895.3643326340127,0.84201117721282004,0.77173611957148058,false
d100_delay_median_cap1,borough,d100_median_borough_qnehvi,1958,14013476.666666666,626.8728856700297,0.85346663679969992,0.54031686389423583,false
d100_delay_median_cap1,borough,d100_median_borough_qnehvi,1959,13569695.333333332,961.2399030459322,0.82643889978313156,0.82851586300250846,false
d100_delay_median_cap1,borough,d100_median_borough_qnehvi,1960,14115706.666666666,748.6256853774064,0.85969277870262784,0.64525853933122446,false
d100_delay_median_cap1,borough,d100_median_borough_qnehvi,1961,14124214.666666666,630.135089744256,0.86021094377462337,0.54312863628870611,false
d100_delay_median_cap1,borough,d100_median_borough_qnehvi,1962,13429731.333333336,1012.6487612861696,0.81791463366456219,0.87282639819348107,false
d100_delay_median_cap1,borough,d100_median_borough_qnehvi,1963,13725163.333333334,625.9776711686875,0.83590741029241844,0.53954525691786948,false
d100_delay_median_cap1,borough,d100_median_borough_qnehvi,1964,14115619.333333332,602.8817243589152,0.85968745981652606,0.51963830315708281,false
d100_delay_median_cap1,borough,d100_median_borough_qnehvi,1965,14082450.666666668,683.5327688080678,0.85766737935680226,0.58915338412917428,false
d100_delay_median_cap1,borough,d100_median_borough_qnehvi,1966,14046323.333333328,673.4686626913465,0.8554671064045597,0.58047888826375893,false
d100_delay_median_cap1,borough,d100_median_borough_qnehvi,1967,14021662.666666668,626.4532424518154,0.85396519101683199,0.53995516328027848,false
d100_delay_median_cap1,borough,d100_median_borough_qnehvi,1968,14136126.000000004,645.0123476342985,0.8609363829958544,0.5559517037881111,false
d100_delay_median_cap1,borough,d100_median_borough_qnehvi,1969,14219480.666666666,616.6198196808739,0.86601295526366107,0.53147949895598356,false
d100_delay_median_cap1,borough,d100_median_borough_qnehvi,1970,14158236.666666666,696.7177045281176,0.86228299502984596,0.60051779832183771,false
d100_delay_median_cap1,borough,d100_median_borough_qnehvi,1971,14248293.333333334,631.4070258224901,0.86776774105323784,0.54422494868086013,false
d100_delay_median_cap1,borough,d100_median_borough_qnehvi,1972,13375038.0,938.567996460773,0.81458363049056748,0.80897439974157481,false
d100_delay_median_cap1,borough,d100_median_borough_qnehvi,1973,13838904.0,614.9532888653252,0.84283458950400247,0.53004307583987154,false
d100_delay_median_cap1,borough,d100_median_borough_qnehvi,1974,13608986.0,618.0063638417757,0.82883183009837469,0.5326745948195869,false
d100_delay_median_cap1,borough,d100_median_borough_qnehvi,1975,14792685.333333332,836.9339004794737,0.90092299726783831,0.72137352042351932,false
d100_delay_median_cap1,borough,d100_median_borough_qnehvi,1976,13507162.666666668,1393.9449542884252,0.82263045552767677,1.2014747859724257,false
d100_delay_median_cap1,borough,d100_median_borough_qnehvi,1977,13249640.0,863.3340278657789,0.80694648148985015,0.74412842713882621,false
d100_delay_median_cap1,borough,d100_median_borough_qnehvi,1978,14184030.000000002,595.1531881715458,0.86385389352816233,0.51297689136099089,false
d100_delay_median_cap1,borough,d100_median_borough_qnehvi,1979,13958452.000000002,596.8811505274357,0.85011545434026603,0.51446626380380078,false
d100_delay_median_cap1,borough,d100_median_borough_qnehvi,1980,13427459.333333332,1281.2473340448755,0.81777626142154647,1.10433798817768,false
d100_delay_median_cap1,borough,d100_median_borough_qnehvi,1981,14054452.0,530.3671482187693,0.85596216883386911,0.45713624051836277,false
d100_delay_median_cap1,borough,d100_median_borough_qnehvi,1982,14349776.666666666,925.8580618206202,0.87394840851010402,0.7980194004393989,false
d100_delay_median_cap1,borough,d100_median_borough_qnehvi,1983,14251595.333333332,1369.0495650746584,0.8679688436705072,1.1800168493908627,false
d100_delay_median_cap1,borough,d100_median_borough_qnehvi,1984,13703542.666666666,720.4928663661581,0.83459064086365387,0.6210101839020139,false
d100_delay_median_cap1,borough,d100_median_borough_qnehvi,1985,13206942.666666666,1109.72356912851,0.80434607401445202,0.9564975170686365,false
d100_delay_median_cap1,borough,d100_median_borough_qnehvi,1986,13947709.333333334,553.9090989328446,0.84946119074755833,0.47742761580441601,false
d100_delay_median_cap1,borough,d100_median_borough_qnehvi,1987,13643839.333333336,752.2024188742271,0.83095451227702455,0.64834141222326569,false
d100_delay_median_cap1,borough,d100_median_borough_qnehvi,1988,13832758.666666666,686.5907742652282,0.84246031857204373,0.59178915280916489,false
d100_delay_median_cap1,borough,d100_median_borough_qnehvi,1989,14036950.0,667.9930020838344,0.85489623969775408,0.57575928428210343,false
d100_delay_median_cap1,borough,d100_median_borough_qnehvi,1990,13134151.333333334,942.4624142885464,0.79991284335186152,0.81233109242281476,false
d100_delay_median_cap1,borough,d100_median_borough_qnehvi,1991,13093712.0,1363.2749249862832,0.79744995547361508,1.1750395477815681,false
d100_delay_median_cap1,borough,d100_median_borough_qnehvi,1992,13248956.666666666,957.9759687370644,0.80690486425126706,0.82570259927705747,false
d100_delay_median_cap1,borough,d100_median_borough_qnehvi,1993,13564890.666666668,566.76265732283,0.82614627984316358,0.48850640788159339,false
d100_delay_median_cap1,borough,d100_median_borough_qnehvi,1994,13926263.999999998,616.0840832288652,0.84815509969318126,0.53101773478299064,false
d100_delay_median_cap1,borough,d100_median_borough_qnehvi,1995,13773368.666666668,619.9879533725843,0.83884327301188677,0.53438257464338768,false
d100_delay_median_cap1,borough,d100_median_borough_qnehvi,1996,13820550.666666668,714.7309619675416,0.84171681137894072,0.61604385949097917,false
d100_delay_median_cap1,borough,d100_median_borough_qnehvi,1997,13198918.666666668,829.598582367738,0.80385738612802837,0.71505103277346993,false
d100_delay_median_cap1,borough,d100_median_borough_qnehvi,1998,13847647.999999998,703.4944870260967,0.84336712774912814,0.60635887065133831,false
d100_delay_median_cap1,borough,d100_median_borough_qnehvi,1999,13608979.999999996,1197.5137082626395,0.82883146467871849,1.0321659559852305,false
d100_delay_median_cap1,borough,d100_median_borough_qnehvi,2000,13929131.333333334,772.5254519938514,0.84832972968649401,0.66585832477608276,false
d100_delay_median_cap1,borough,d100_median_borough_qnehvi,2001,13418578.666666664,911.125949855389,0.81723539972870407,0.78532143771433316,false
d100_delay_median_cap1,borough,d100_median_borough_qnehvi,2002,13643701.333333336,676.1899916055064,0.83094610762494014,0.58282446730878634,false
d100_delay_median_cap1,borough,d100_median_borough_qnehvi,2003,13784361.333333334,605.4459246708776,0.8395127624235883,0.52184844926904184,false
d100_delay_median_cap1,borough,d100_median_borough_qnehvi,2004,13826753.333333334,928.4161861515792,0.84209457409872213,0.80022430951674406,false
d100_delay_median_cap1,borough,d100_median_borough_qnehvi,2005,13954020.000000002,530.935668308653,0.8498455310211448,0.45762626169976778,false
d100_delay_median_cap1,borough,d100_median_borough_qnehvi,2006,13587802.666666666,814.7947250505404,0.8275416957023034,0.70229123099863888,false
d100_delay_median_cap1,borough,d100_median_borough_qnehvi,2007,13864953.333333334,852.2080892302595,0.84442107924096832,0.73453871220802613,false
d100_delay_median_cap1,borough,d100_median_borough_qnehvi,2008,13413340.666666666,1121.1479481950887,0.81691638836914693,0.96634446500704518,false
d100_delay_median_cap1,borough,d100_median_borough_qnehvi,2009,13957920.666666668,780.6152763669294,0.85008309439963115,0.67283113957576035,false
d100_delay_median_cap1,borough,d100_median_borough_qnehvi,2010,13759132.0,606.4340425863139,0.83797621337292216,0.52270013193937392,false
d100_delay_median_cap1,borough,d100_median_borough_qnehvi,2011,13951000.666666666,643.3156549149048,0.84966164372988384,0.55448928339939851,false
d100_delay_median_cap1,borough,d100_median_borough_qnehvi,2012,14097052.666666666,719.3948041989734,0.85855668899258941,0.62006373762861977,false
d100_delay_median_cap1,borough,d100_median_borough_qnehvi,2013,13821748.666666666,556.915712913074,0.84178977350355866,0.48001908893058548,false
d100_delay_median_cap1,borough,d100_median_borough_qnehvi,2014,13349800.666666664,936.5300521750536,0.81304659421369341,0.80721784639491945,false
d100_delay_median_cap1,borough,d100_median_borough_qnehvi,2015,13332402.666666668,991.5098886410412,0.81198699901827998,0.85460629387094766,false
d100_delay_median_cap1,borough,d100_median_borough_qnehvi,2016,13669836.666666666,1637.4009974315811,0.83253783504363943,1.4113154231003346,false
d100_delay_median_cap1,borough,d100_median_borough_qnehvi,2017,13842579.333333332,677.3910766526717,0.84305842934430275,0.58385971148793292,false
d100_delay_median_cap1,borough,d100_median_borough_qnehvi,2018,13803815.333333336,778.9023898500554,0.84069757475440665,0.6713547613623132,false
d100_delay_median_cap1,borough,d100_median_borough_qnehvi,2019,13849987.333333332,755.657113637513,0.84350960081272575,0.65131909698660517,false
d100_delay_median_cap1,borough,d100_median_borough_qnehvi,2020,13597526.666666666,1515.3838770286989,0.82813391915788459,1.3061459232789729,false
d100_delay_median_cap1,borough,d100_median_borough_qnehvi,2021,13847493.999999998,1245.960081701241,0.84335774864462787,1.0739230540537099,false
d100_delay_median_cap1,borough,d100_median_borough_qnehvi,2022,13463794.0,983.2509589663712,0.81998916165300739,0.84748772313204712,false
d100_delay_median_cap1,borough,d100_median_borough_qnehvi,2023,13259469.333333332,1333.304127440423,0.80754512009050061,1.1492069943108911,false
d100_delay_median_cap1,borough,d100_median_borough_qnehvi,2024,13427755.999999998,962.9340293579116,0.81779432939341901,0.82997607134275431,false
d100_delay_median_cap1,borough,d100_median_borough_qnehvi,2025,13347521.333333334,838.103169681907,0.81290777534665448,0.72238134175851232,false
d100_delay_median_cap1,borough,d100_median_borough_qnehvi,2026,13365545.999999998,1506.2736426955626,0.81400553659501229,1.2982935925166357,false
d100_delay_median_cap1,borough,d100_median_borough_qnehvi,2027,13139094.0,1357.7446414997885,0.80021386794391403,1.1702728630227031,false
d100_delay_median_cap1,borough,d100_median_borough_qnehvi,2028,13841284.666666668,629.9453034968406,0.8429795799030072,0.54296505494333624,false
d100_delay_median_cap1,borough,d100_median_borough_qnehvi,2029,13347229.333333334,1126.1923495268786,0.8128899915900698,0.9706923562145322,false
d100_delay_median_cap1,borough,d100_median_borough_qnehvi,2030,14004091.333333336,1036.3814316938367,0.85289503925358257,0.89328215938468358,false
d100_delay_median_cap1,borough,d100_median_borough_qnehvi,2031,13568341.333333332,606.4413634851804,0.82635643674746151,0.52270644199872873,false
d100_delay_median_cap1,borough,d100_median_borough_qnehvi,2032,14182640.0,1074.0236951744482,0.86376923797455674,0.92572693442386167,false
d100_delay_median_cap1,borough,d100_median_borough_qnehvi,2033,13853004.666666666,771.7377847465134,0.84369336629743441,0.66517941537259329,false
d100_delay_median_cap1,borough,d100_median_borough_qnehvi,2034,13295825.333333336,839.4646596057413,0.80975931959184921,0.72355484277073667,false
d100_delay_median_cap1,borough,d100_median_borough_qnehvi,2035,13627040.0,957.822671800884,0.82993137784282789,0.82557046894937047,false
d100_delay_median_cap1,borough,d100_median_borough_qnehvi,2036,13472370.0,1578.4962750766797,0.82051146814776943,1.3605440217861067,false
d100_delay_median_cap1,borough,d100_median_borough_qnehvi,2037,13382663.333333332,1220.220679387772,0.81504803827096894,1.0517376422191227,false
d100_delay_median_cap1,borough,d100_median_borough_qnehvi,2038,13351281.333333336,1143.3837612210034,0.81313677166432052,0.98551004870821179,false
d100_delay_median_cap1,borough,d100_median_borough_qnehvi,2039,13506451.333333332,752.8208949364604,0.82258713299736652,0.64887449166246058,false
d100_delay_median_cap1,borough,d100_median_borough_qnehvi,2040,13459146.0,917.904739909832,0.81970608322627558,0.79116424040518363,false
d100_delay_median_cap1,borough,d100_median_borough_qnehvi,2041,13472868.000000002,1440.5498836747606,0.82054179797920512,1.2416446989861654,false
d100_delay_median_cap1,borough,d100_median_borough_qnehvi,2042,13717148.0,702.4280408462209,0.83541925023438623,0.60543967496016304,false
d100_delay_median_cap1,borough,d100_median_borough_qnehvi,2043,14000307.333333334,604.5641434922711,0.85266458125729305,0.5210884207976294,false
d100_delay_median_cap1,borough,d100_median_borough_qnehvi,2044,13838646.666666664,693.6567523474896,0.84281891706098488,0.59787948978979866,false
d100_delay_median_cap1,borough,d100_median_borough_qnehvi,2045,13966623.333333334,962.8015745082764,0.85061311530935002,0.82986190531229032,false
d100_delay_median_cap1,borough,d100_median_borough_qnehvi,2046,13657060.666666666,716.0034528079256,0.83175973478978238,0.61714065004601404,false
d100_delay_median_cap1,borough,d100_median_borough_qnehvi,2047,13921269.333333334,833.3545163296786,0.84785090813077812,0.71828836286973086,false
d100_delay_median_cap1,borough,d100_median_borough_qnehvi,2048,13312894.666666666,594.6176837397362,0.81079889791055892,0.51251532717180515,false
d100_delay_median_cap1,borough,d100_median_borough_qnehvi,2049,13310984.0,982.9023526222236,0.81068253205126273,0.84718725091366098,false
d100_delay_median_cap1,borough,d100_median_borough_qnehvi,2050,13424218.666666666,598.0029148806055,0.81757889420520347,0.51543313956312675,false
d100_delay_median_cap1,borough,d100_median_borough_qnehvi,2051,13451273.333333334,713.1865209784909,0.8192266120356162,0.61471266854182582,false
d100_delay_median_cap1,borough,d100_median_borough_qnehvi,2052,13443765.333333334,628.9541788878335,0.81876935023959563,0.54211078073127705,false
d100_delay_median_cap1,borough,d100_median_borough_qnehvi,2053,13158795.999999998,934.8073764782748,0.80141378428717402,0.80573303065114166,true
d100_delay_median_cap1,borough,d100_median_borough_qnehvi,2054,13427179.333333332,1116.4645091719813,0.81775920850427353,0.96230769592187326,false
d100_delay_median_cap1,borough,d100_median_borough_qnehvi,2055,13235036.666666666,1525.3795581839452,0.80605709064969444,1.3147614420192939,false
d100_delay_median_cap1,borough,d100_median_borough_qnehvi,2056,13522869.333333332,604.6795104115474,0.82358704298232455,0.52118785832865921,false
d100_delay_median_cap1,borough,d100_median_borough_qnehvi,2057,13518898.666666666,732.9101196752016,0.82334521637451974,0.63171291410377017,false
d100_delay_median_cap1,borough,d100_median_borough_qnehvi,2058,13468099.333333332,659.5489881181022,0.8202513705571719,0.56848118492745192,false
d100_delay_median_cap1,borough,d100_median_borough_qnehvi,2059,13609714.666666666,606.7536071728464,0.82887620828546826,0.5229755723662195,false
d100_delay_median_cap1,borough,d100_median_borough_qnehvi,2060,13573718.666666668,622.9477709553275,0.82668393396347128,0.53693371282556879,false
d100_delay_median_cap1,borough,d100_median_borough_qnehvi,2061,13902570.666666666,651.7316515910886,0.84671209807441283,0.56174323397625192,false
d100_delay_median_cap1,borough,d100_median_borough_qnehvi,2062,13325512.666666666,806.5174169269916,0.81156737544681168,0.69515681943125718,false
d100_delay_median_cap1,borough,d100_median_borough_qnehvi,2063,13347218.0,1274.1055230897105,0.8128893013529418,1.0981822890143709,false
d100_delay_median_cap1,borough,d100_median_borough_qnehvi,2064,13522705.333333334,675.1708610799826,0.82357705484506483,0.58194605412161959,false
d100_delay_median_cap1,borough,d100_median_borough_qnehvi,2065,13456660.666666666,1186.486400644975,0.81955471828438542,1.02266125350826,false
d100_delay_median_cap1,borough,d100_median_borough_qnehvi,2066,13354777.999999998,928.4201087787388,0.81334973011931311,0.80022769052372877,false
d100_delay_median_cap1,borough,d100_median_borough_qnehvi,2067,13417526.666666668,797.3384501181716,0.81717132948237858,0.68724524648991059,false
d100_delay_median_cap1,borough,d100_median_borough_qnehvi,2068,13415540.666666666,1272.385912084629,0.81705037557629212,1.0967001148023046,false
d100_delay_median_cap1,borough,d100_median_borough_qnehvi,2069,13665901.999999998,695.2935254876977,0.8322982009537695,0.59929026404761065,false
d100_delay_median_cap1,borough,d100_median_borough_qnehvi,2070,13364808.666666668,638.1112899170698,0.81396063057952683,0.55000351564891492,false
d100_delay_median_cap1,borough,d100_median_borough_qnehvi,2071,17127708.0,1598.6087055775204,1.0431335271437983,1.3778794108608627,false
d100_delay_median_cap1,borough,d100_median_borough_qnehvi,2072,13441709.333333332,1162.8529749262038,0.81864413310419082,1.0022910337087625,false
d100_delay_median_cap1,borough,d100_median_borough_qnehvi,2073,13424603.999999998,668.9368959395538,0.8176023622675459,0.57657284916842999,false
d100_delay_median_cap1,borough,d100_median_borough_qnehvi,2074,13234436.666666668,1603.5794731309963,0.80602054868410977,1.3821638353383561,false
d100_delay_median_cap1,borough,d100_median_borough_qnehvi,2075,13529578.0,1518.9792786225871,0.82399562275974914,1.3092448866542568,false
d100_delay_median_cap1,borough,d100_median_borough_qnehvi,2076,13453025.333333334,662.900945901722,0.81933331457512448,0.57137031820941797,false
d100_delay_median_cap1,borough,d100_median_borough_qnehvi,2077,13268975.333333332,592.6922468542639,0.80812406663191938,0.51085574666774047,false
d100_delay_median_cap1,borough,d100_median_borough_qnehvi,2078,13546237.333333336,802.5976917304818,0.82501023073530932,0.69177831371834575,false
d100_delay_median_cap1,borough,d100_median_borough_qnehvi,2079,13923755.333333334,684.0301248124885,0.84800231367485235,0.58958206726843676,false
d100_delay_median_cap1,borough,d100_median_borough_qnehvi,2080,13751823.333333336,1307.881715424976,0.83753109162991268,1.1272948040617763,false
d100_delay_median_cap1,borough,d100_median_borough_qnehvi,2081,13316780.666666666,581.5111531442448,0.81103556804099786,0.50121849224757531,false
d100_delay_median_cap1,borough,d100_median_borough_qnehvi,2082,13871053.333333334,829.1236298478706,0.84479258922441613,0.71464165973804328,false
d100_delay_median_cap1,borough,d100_median_borough_qnehvi,2083,13066783.333333332,942.3315032918312,0.79580991145597513,0.81221825707642881,true
d100_delay_median_cap1,borough,d100_median_borough_qnehvi,2084,13995396.000000002,864.9124444395603,0.85236546496788779,0.74548890246414312,false
d100_delay_median_cap1,borough,d100_median_borough_qnehvi,2085,13306062.0,661.3298028471502,0.81038276612691351,0.5700161121057864,false
d100_delay_median_cap1,borough,d100_median_borough_qnehvi,2086,13588108.0,636.2368504324766,0.82756029150256782,0.54838789103501506,false
d100_delay_median_cap1,borough,d100_median_borough_qnehvi,2087,13454130.66666667,696.1713145890337,0.81940063299616883,0.600046851651312,false
d100_delay_median_cap1,borough,d100_median_borough_qnehvi,2088,13376574.666666668,1288.777107598415,0.81467721852464903,1.1108280816643901,false
d100_delay_median_cap1,borough,d100_median_borough_qnehvi,2089,13285353.333333334,1225.524347831857,0.8091215404858384,1.0563090020056927,false
d100_delay_median_cap1,borough,d100_median_borough_qnehvi,2090,13490966.666666668,653.4500574640756,0.82164406606998508,0.56322436945589127,false
d100_delay_median_cap1,borough,d100_median_borough_qnehvi,2091,13301078.0,880.6859832745498,0.81007922419945388,0.75908449613338591,false
d100_delay_median_cap1,borough,d100_median_borough_qnehvi,2092,13426753.999999998,1135.0446502892385,0.81773330431089208,0.97832236780939397,false
d100_delay_median_cap1,borough,d100_median_borough_qnehvi,2093,13650876.000000002,746.6415892395744,0.83138306832896902,0.64354839900235672,false
d100_delay_median_cap1,borough,d100_median_borough_qnehvi,2094,13617576.666666668,779.6182742023625,0.82935502984118425,0.67197179935676421,false
d100_delay_median_cap1,borough,d100_median_borough_qnehvi,2095,13199217.333333334,850.0452017836427,0.80387557590645298,0.73267446733665464,false
d100_delay_median_cap1,borough,d100_median_borough_qnehvi,2096,13779042.000000002,1186.1283355820824,0.83918879759758525,1.0223526285919895,false
d100_delay_median_cap1,borough,d100_median_borough_qnehvi,2097,13611656.0,770.7768962700306,0.82899444184522808,0.66435120241262413,false
d100_delay_median_cap1,borough,d100_median_borough_qnehvi,2098,13765171.333333334,1240.89707357307,0.83834402855762746,1.0695591251995205,false
d100_delay_median_cap1,borough,d100_median_borough_qnehvi,2099,13553471.333333334,1261.3292774093463,0.82545080503371271,1.0871701346268381,false
d100_delay_median_cap1,borough,d100_median_borough_qnehvi,2100,13399736.666666668,782.3825201493371,0.81608786020278279,0.67435436962777728,false
d100_delay_median_cap1,borough,d100_median_borough_qnehvi,2101,13279607.999999998,687.5992788829052,0.80877163086426973,0.5926584072700013,false
d100_delay_median_cap1,borough,d100_median_borough_qnehvi,2102,14632013.999999998,787.7860050375862,0.89113758671256182,0.67901176361571158,false
d100_delay_median_cap1,borough,d100_median_borough_qnehvi,2103,13335225.333333332,735.0319368170303,0.81215890866526541,0.6335417594885957,false
d100_delay_median_cap1,borough,d100_median_borough_qnehvi,2104,13508736.000000002,1233.1446843992612,0.8227262766818777,1.0628771539389468,false
d100_delay_median_cap1,borough,d100_median_borough_qnehvi,2105,14357316.666666668,680.3830653716564,0.87440761921095589,0.58643857874859096,false
d100_delay_median_cap1,borough,d100_median_borough_qnehvi,2106,13381872.666666666,830.4927360743666,0.81499988408076462,0.71582172542528011,false
d100_delay_median_cap1,borough,d100_median_borough_qnehvi,2107,13765639.333333332,656.2575843566552,0.8383725312907836,0.56564424461810381,false
d100_delay_median_cap1,borough,d100_median_borough_qnehvi,2108,13391941.333333332,741.2467155390966,0.8156130988654654,0.63889842720491319,false
d100_delay_median_cap1,borough,d100_median_borough_qnehvi,2109,13228152.666666666,1367.0652559286652,0.80563783249788246,1.1783065254651219,false
d100_delay_median_cap1,borough,d100_median_borough_qnehvi,2110,13983756.66666667,664.6898788969247,0.85165659143772232,0.57291224271720986,false
d100_delay_median_cap1,borough,d100_median_borough_qnehvi,2111,16832275.333333336,2156.8839284646406,1.0251407099137582,1.8590702942371826,false
d100_delay_median_cap1,borough,d100_median_borough_qnehvi,2112,13327951.333333334,572.8687609856356,0.81171589823582313,0.49376940594247432,false
d100_delay_median_cap1,borough,d100_median_borough_qnehvi,2113,13743318.0,628.8464203467013,0.83701308896665283,0.54201790104492698,false
d100_delay_median_cap1,borough,d100_median_borough_qnehvi,2114,13291574.666666668,1015.4603962991551,0.80950044006677113,0.87524981424378234,false
d100_delay_median_cap1,borough,d100_median_borough_qnehvi,2115,13350694.000000002,545.3383522009804,0.81310100114023132,0.47004028242112111,false
d100_delay_median_cap1,borough,d100_median_borough_qnehvi,2116,13423512.666666666,658.4779053044706,0.81753589649236513,0.5675579928097807,false
d100_delay_median_cap1,borough,d100_median_borough_qnehvi,2117,14367201.999999998,830.0123299989389,0.87500966839506089,0.71540765183874522,false
d100_delay_median_cap1,borough,d100_median_borough_qnehvi,2118,13599636.0,561.9993942628793,0.82826238446800804,0.48440083653325694,false
d100_delay_median_cap1,borough,d100_median_borough_qnehvi,2119,13210186.666666666,537.9930825219701,0.80454364424171498,0.46370921727514941,true
d100_delay_median_cap1,borough,d100_median_borough_qnehvi,2120,13725660.0,743.7546602675739,0.83593765891948579,0.6410600852722621,false
d100_delay_median_cap1,borough,d100_median_borough_qnehvi,2121,13918662.666666668,762.9028344308908,0.84769215359140337,0.65756435854636575,false
d100_delay_median_cap1,borough,d100_median_borough_qnehvi,2122,14606122.666666666,1209.094244992489,0.88956071969320005,1.0421474999810221,false
d100_delay_median_cap1,borough,d100_median_borough_qnehvi,2123,13875320.000000002,643.7807770454305,0.84505244320190953,0.55489018338508656,false
d100_delay_median_cap1,borough,d100_median_borough_qnehvi,2124,13819191.999999998,490.0646697012129,0.84163406412798247,0.42239856195934261,true
d100_delay_median_cap1,borough,d100_median_borough_qnehvi,2125,13641081.333333332,689.9781964771648,0.83078654104188532,0.59470885373750049,false
d100_delay_median_cap1,borough,d100_median_borough_qnehvi,2126,13588376.666666666,916.1086419145154,0.8275766541827132,0.78961614021093296,false
d100_delay_median_cap1,borough,d100_median_borough_qnehvi,2127,13499856.666666668,623.4661629598606,0.8221854961934032,0.53738052740083586,false
d100_delay_median_cap1,borough,d100_median_borough_qnehvi,2128,14604640.000000002,1124.2109280381096,0.88947042043602143,0.96898452123021939,false
d100_delay_median_cap1,borough,d100_median_borough_qnehvi,2129,14501414.66666667,1010.7884237876738,0.88318365947240651,0.87122292842161841,false
d100_delay_median_cap1,borough,d100_median_borough_qnehvi,2130,13666312.666666668,653.5095652207226,0.83232321189910341,0.5632756606270104,false
d100_delay_median_cap1,borough,d100_median_borough_qnehvi,2131,14166237.333333334,722.513867347752,0.86277026183983052,0.62275213340607449,false
d100_delay_median_cap1,borough,d100_median_borough_qnehvi,2132,13927264.0,927.9139590360678,0.84821600296915667,0.79979142784931367,false
d100_delay_median_cap1,borough,d100_median_borough_qnehvi,2133,14368331.333333334,736.716794478777,0.87507844849472904,0.63499397895559351,false
d100_delay_median_cap1,borough,d100_median_borough_qnehvi,2134,13607336.000000002,625.5570529072525,0.82873133969301604,0.5391827158906366,false
d100_delay_median_cap1,borough,d100_median_borough_qnehvi,2135,13955010.666666664,914.4661681723044,0.8499058658665436,0.7882004524667241,false
d100_delay_median_cap1,borough,d100_median_borough_qnehvi,2136,14092980.000000002,780.4912586600046,0.8583086502506353,0.67272424572215039,false
d100_delay_median_cap1,borough,d100_median_borough_qnehvi,2137,14186445.333333332,853.52790165375,0.86400099524073382,0.73567629037720605,false
d100_delay_median_cap1,borough,d100_median_borough_qnehvi,2138,13348027.999999998,747.7833692911931,0.8129386330064815,0.64453252677506812,false
d100_delay_median_cap1,borough,d100_median_borough_qnehvi,2139,13653831.333333334,843.7747612688604,0.83156305781056705,0.72726982337831658,false
d100_delay_median_cap1,borough,d100_median_borough_qnehvi,2140,14348036.000000002,947.2401484853802,0.87384239620772375,0.81644913679315667,false
d100_delay_median_cap1,borough,d100_median_borough_qnehvi,2141,13686687.333333334,782.7419534378153,0.83356409584600288,0.67466417385068955,false
d100_delay_median_cap1,borough,d100_median_borough_qnehvi,2142,13436702.0,745.9511393637406,0.818339170100292,0.64295328359680226,false
d100_delay_median_cap1,borough,d100_median_borough_qnehvi,2143,14222780.666666666,726.2453169964401,0.86621393607437869,0.62596835988204247,false
d100_delay_median_cap1,borough,d100_median_borough_qnehvi,2144,13914895.333333334,772.3827291494085,0.84746271064971335,0.66573530851317164,false
d100_delay_median_cap1,borough,d100_median_borough_qnehvi,2145,13457158.666666666,760.5047217015451,0.81958504811582111,0.65549736732884001,false
d100_delay_median_cap1,borough,d100_median_borough_qnehvi,2146,13643906.0,641.314613767108,0.83095857249542293,0.55276453775763212,false
d100_delay_median_cap1,borough,d100_median_borough_qnehvi,2147,14393158.0,1123.998426196507,0.87659047382626898,0.96880136076619039,false
d100_delay_median_cap1,borough,d100_median_borough_qnehvi,2148,13494397.333333332,718.1253894015464,0.82185300490876345,0.61896959838922117,false
d100_delay_median_cap1,borough,d100_median_borough_qnehvi,2149,13925345.333333336,833.6817016426462,0.84809914988365265,0.71857037178454619,false
d100_delay_median_cap1,borough,d100_median_borough_qnehvi,2150,14870810.666666668,1061.9789665455764,0.90568108600447994,0.91534529223135708,false
d100_delay_median_cap1,borough,d100_median_borough_qnehvi,2151,13971937.333333332,963.8298241974352,0.85093675531788127,0.83074817852660021,false
d100_delay_median_cap1,borough,d100_median_borough_qnehvi,2152,13837218.000000002,893.4511629478642,0.84273190658070873,0.77008711246246775,false
d100_delay_median_cap1,borough,d100_median_borough_qnehvi,2153,13651624.666666666,751.4168076292666,0.83142866458158204,0.64766427493782774,false
d100_delay_median_cap1,borough,d100_median_borough_qnehvi,2154,13824181.999999998,869.6301430551111,0.84193797147509797,0.74955520071857795,false
d100_delay_median_cap1,borough,d100_median_borough_qnehvi,2155,14205138.666666668,745.5690416436189,0.86513948047962719,0.64262394435346148,false
d100_delay_median_cap1,borough,d100_median_borough_qnehvi,2156,13916925.333333332,890.7904369293726,0.84758634429994273,0.76779376851530301,false
d100_delay_median_cap1,borough,d100_median_borough_qnehvi,2157,14067892.666666666,1002.104675010394,0.85678074946515759,0.86373819584912837,false
d100_delay_median_cap1,borough,d100_median_borough_qnehvi,2158,13814749.333333334,677.1607450606896,0.84136349117391773,0.58366118313189685,false
d100_delay_median_cap1,borough,d100_median_borough_qnehvi,2159,13906832.666666666,772.5244003581745,0.84697166783661859,0.66585741834592138,false
d100_delay_median_cap1,borough,d100_median_borough_qnehvi,2160,14205394.666666664,1034.3163597130686,0.86515507171827655,0.89150222402319168,false
d100_delay_median_cap1,borough,d100_median_borough_qnehvi,2161,14638651.333333334,1059.866204746363,0.89154182205630006,0.91352425186479791,false
d100_delay_median_cap1,borough,d100_median_borough_qnehvi,2162,14401137.333333334,1068.537678669445,0.87707644136636598,0.92099840444431569,false
d100_delay_median_cap1,borough,d100_median_borough_qnehvi,2163,13373649.333333332,694.5406126371179,0.81449905614133,0.59864131029716061,false
d100_delay_median_cap1,borough,d100_median_borough_qnehvi,2164,13566691.333333332,719.1926267068297,0.82625594634210242,0.61988947597047162,false
d100_delay_median_cap1,borough,d100_median_borough_qnehvi,2165,13283978.666666666,639.1146903152519,0.80903781878246472,0.55086837065982597,false
d100_delay_median_cap1,borough,d100_median_borough_qnehvi,2166,14511432.0,882.6936247629963,0.88379374788894027,0.760814930767996,false
d100_delay_median_cap1,borough,d100_median_borough_qnehvi,2167,14558906.666666666,1094.5449429733344,0.88668511061476296,0.94341469299079894,false
d100_delay_median_cap1,borough,d100_median_borough_qnehvi,2168,13942143.333333332,859.7284495338396,0.84912220311348097,0.74102069218749522,false
d100_delay_median_cap1,borough,d100_median_borough_qnehvi,2169,14004697.333333332,695.379787979738,0.85293194663882332,0.59936461577064148,false
d100_delay_median_cap1,borough,d100_median_borough_qnehvi,2170,14055946.0,860.8010404210158,0.85605315832817586,0.74194518415013788,false
d100_delay_median_cap1,borough,d100_median_borough_qnehvi,2171,13862589.333333332,908.780209289462,0.84427710389656307,0.78329958732797222,false
d100_delay_median_cap1,borough,d100_median_borough_qnehvi,2172,13474969.333333334,652.896413430535,0.82066977606312064,0.56274717030634336,false
d100_delay_median_cap1,borough,d100_median_borough_qnehvi,2173,13865576.666666666,758.0645507715128,0.84445904228299251,0.65339412513346007,false
d100_delay_median_cap1,borough,d100_median_borough_qnehvi,2174,13356946.666666668,1302.88374358557,0.81348180902381118,1.1229869315539183,false
d100_delay_median_cap1,borough,d100_median_borough_qnehvi,2175,13792069.999999998,890.4492204495116,0.83998224547698763,0.76749966579923068,false
d100_delay_median_cap1,borough,d100_median_borough_qnehvi,2176,13453024.0,665.1090809255174,0.81933323337075648,0.57327356305918831,false
d100_delay_median_cap1,borough,d100_median_borough_qnehvi,2177,13592600.0,728.831597776202,0.82783386901824785,0.62819753768190412,false
d100_delay_median_cap1,borough,d100_median_borough_qnehvi,2178,13620975.333333334,836.0091418853027,0.82956201977513133,0.72057644868077242,false
d100_delay_median_cap1,borough,d100_median_borough_qnehvi,2179,13844466.666666668,752.2690523166301,0.84317337412715976,0.64839884519484992,false
d100_delay_median_cap1,borough,d100_median_borough_qnehvi,2180,13581807.999999998,598.1950651465863,0.82717660086392508,0.51559875851313164,false
d100_delay_median_cap1,borough,d100_median_borough_qnehvi,2181,14212075.333333334,691.2100711822739,0.8655619462039742,0.59577063626565008,false
d100_delay_median_cap1,borough,d100_median_borough_qnehvi,2182,13376092.666666666,761.0588192380455,0.81464786314562898,0.65597495736353006,false
d100_delay_median_cap1,borough,d100_median_borough_qnehvi,2183,13501024.000000002,601.826737044003,0.82225659061755818,0.51872898413807267,false
d100_delay_median_cap1,borough,d100_median_borough_qnehvi,2184,13733517.333333332,675.4686086524915,0.83641619625991348,0.58220268993772795,false
d100_delay_median_cap1,borough,d100_median_borough_qnehvi,2185,13489810.0,641.3176318492297,0.82157362128077394,0.55276713911542597,false
d100_delay_median_cap1,borough,d100_median_borough_qnehvi,2186,14787472.66666667,553.0097197223627,0.90060552879127287,0.47665241916476581,false
d100_delay_median_cap1,borough,d100_median_borough_qnehvi,2187,13634002.666666668,656.3903138782052,0.83035542705234999,0.56575864739491777,false
d100_delay_median_cap1,borough,d100_median_borough_qnehvi,2188,13472618.000000002,609.6396724998792,0.8205265721602113,0.5254631416998804,false
d100_delay_median_cap1,borough,d100_median_borough_qnehvi,2189,14410242.666666666,822.2499087140454,0.87763098599521028,0.70871703365959637,false
d100_delay_median_cap1,borough,d100_median_borough_qnehvi,2190,13694552.0,706.7057101546249,0.83404307981045434,0.60912670133876134,false
d100_delay_median_cap1,borough,d100_median_borough_qnehvi,2191,13682652.666666666,827.3542288406018,0.83331837142853549,0.71311657032187403,false
d100_delay_median_cap1,borough,d100_median_borough_qnehvi,2192,13564377.333333332,665.4026514358372,0.8261150161614963,0.57352659856462129,false
d100_delay_median_cap1,borough,d100_median_borough_qnehvi,2193,13473504.666666666,712.7443046912258,0.82058057306490895,0.61433151165506295,false
d100_delay_median_cap1,borough,d100_median_borough_qnehvi,2194,13994233.999999998,855.3754105712219,0.8522946953612045,0.73726870288558588,false
d100_delay_median_cap1,borough,d100_median_borough_qnehvi,2195,13650389.333333336,655.2393783828016,0.83135342873466112,0.56476662832432689,false
d100_delay_median_cap1,borough,d100_median_borough_qnehvi,2196,13374037.333333332,741.9214445343914,0.81452268661240823,0.63947999240425435,false
d100_delay_median_cap1,borough,d100_median_borough_qnehvi,2197,13587632.0,831.8866319041263,0.82753130154320376,0.71702315786963611,false
d100_delay_median_cap1,borough,d100_median_borough_qnehvi,2198,13429962.666666668,666.7374824981994,0.81792872262240424,0.57467712166097962,false
d100_delay_median_cap1,borough,d100_median_borough_qnehvi,2199,13673205.333333332,562.3796924591325,0.83274299787930717,0.48472862472356054,false
d100_delay_median_cap1,borough,d100_median_borough_qnehvi,2200,13501849.333333334,519.341427116366,0.82230685612132948,0.44763290549717177,true
d100_delay_median_cap1,borough,d100_median_borough_qnehvi,2201,13433452.0,781.9278221854613,0.81814123445337317,0.67396245448281478,false
d100_delay_median_cap1,borough,d100_median_borough_qnehvi,2202,13913666.666666666,738.1340248869924,0.8473878808246319,0.63621552403608317,false
d100_delay_median_cap1,borough,d100_median_borough_qnehvi,2203,13522000.666666666,664.0095893546154,0.82353413833659417,0.57232588474824508,false
d100_delay_median_cap1,borough,d100_median_borough_qnehvi,2204,13737551.333333334,585.5707246900823,0.83666188007519704,0.50471753490286075,false
d100_delay_median_cap1,borough,d100_median_borough_qnehvi,2205,13703777.333333336,770.983083691197,0.83460493283241621,0.66452892032533928,false
d100_delay_median_cap1,borough,d100_median_borough_qnehvi,2206,13658946.666666668,657.5281742410818,0.83187459836827149,0.56673939669333717,false
d100_delay_median_cap1,borough,d100_median_borough_qnehvi,2207,13753132.000000002,618.6196835956854,0.83761079371707214,0.53320322991223845,false
d100_delay_median_cap1,borough,d100_median_borough_qnehvi,2208,13550494.0,648.1811006555383,0.82526947568004294,0.5586829284654421,false
d100_delay_median_cap1,borough,d100_median_borough_qnehvi,2209,13461378.666666668,615.9388339131021,0.81984205994043591,0.53089254089349569,false
d100_delay_median_cap1,borough,d100_median_borough_qnehvi,2210,13567559.333333332,626.7178807142542,0.82630881038564885,0.5401832613832529,false
d100_delay_median_cap1,borough,d100_median_borough_qnehvi,2211,13762430.666666666,1052.7412541772355,0.83817711297927178,0.90738308507498278,false
d100_delay_median_cap1,borough,d100_median_borough_qnehvi,2212,13193798.000000002,594.2145315723292,0.80354552075285246,0.5121678405923964,true
d100_delay_median_cap1,borough,d100_median_borough_qnehvi,2213,14016260.0,655.9973682851835,0.85363615091783063,0.56541995810821233,false
d100_delay_median_cap1,borough,d100_median_borough_qnehvi,2214,14065978.000000002,791.1615692402925,0.85666413999275748,0.68192124383980912,false
d100_delay_median_cap1,borough,d100_median_borough_qnehvi,2215,13345686.666666668,581.4632396505725,0.81279603813633217,0.50117719445143361,false
d100_delay_median_cap1,borough,d100_median_borough_qnehvi,2216,13518833.333333334,745.8318238454073,0.82334123736048948,0.64285044267298241,false
d100_delay_median_cap1,borough,d100_median_borough_qnehvi,2217,13565145.333333332,636.6138794235579,0.82616178987744504,0.54871286141850928,false
d100_delay_median_cap1,borough,d100_median_borough_qnehvi,2218,13514451.333333334,531.3930825062648,0.82307435920516692,0.4580205180321183,false
d100_delay_median_cap1,borough,d100_median_borough_qnehvi,2219,13591478.666666666,635.5414265459704,0.82776557614478763,0.54778848840966055,false
d100_delay_median_cap1,borough,d100_median_borough_qnehvi,2220,13732306.000000002,735.8299354143853,0.83634242209161602,0.63422957373191546,false
d100_delay_median_cap1,borough,d100_median_borough_qnehvi,2221,13815556.666666664,797.6488327729492,0.84141266041872143,0.68751277278825595,false
d100_delay_median_cap1,borough,d100_median_borough_qnehvi,2222,14253195.333333334,856.0058440550014,0.86806628891206761,0.73781208871489246,false
d100_delay_median_cap1,borough,d100_median_borough_qnehvi,2223,13483143.333333332,669.5092281113168,0.82116759944094053,0.57706615607517586,false
d100_delay_median_cap1,borough,d100_median_borough_qnehvi,2224,13643959.333333334,716.8539439639283,0.83096182067014157,0.61787370889205118,false
d100_delay_median_cap1,borough,d100_median_borough_qnehvi,2225,13603766.0,858.4678154519988,0.82851391499778504,0.73993412125870117,false
d100_delay_median_cap1,borough,d100_median_borough_qnehvi,2226,13266677.333333332,693.4473253061642,0.80798411090372868,0.59769897957031048,false
d100_delay_median_cap1,borough,d100_median_borough_qnehvi,2227,13404183.333333334,644.6417235012246,0.81635867676995177,0.55563225390625504,false
d100_delay_median_cap1,borough,d100_median_borough_qnehvi,2228,13581594.000000002,525.8606119181047,0.82716356756286669,0.45325194815756281,false
d100_delay_median_cap1,borough,d100_median_borough_qnehvi,2229,13406660.0,584.8832962667667,0.81650951388344983,0.50412502376012613,false
d100_delay_median_cap1,borough,d100_median_borough_qnehvi,2230,13473434.666666666,689.2243248668553,0.8205763098355906,0.59405907360890886,false
d100_delay_median_cap1,borough,d100_median_borough_qnehvi,2231,13633467.999999998,616.762810605302,0.83032286410079525,0.53160274628350157,false
d100_delay_median_cap1,borough,d100_median_borough_qnehvi,2232,13650724.000000002,654.2811057993636,0.83137381103102082,0.56394067006568305,false
d100_delay_median_cap1,borough,d100_median_borough_qnehvi,2233,13307009.333333332,656.2334924804377,0.81044046183035379,0.56562347924875889,false
d100_delay_median_cap1,borough,d100_median_borough_qnehvi,2234,13589760.000000002,715.4048701414736,0.82766090371447876,0.61662471720458467,false
d100_delay_median_cap1,borough,d100_median_borough_qnehvi,2235,13554289.999999998,712.3889029446726,0.82550066451564408,0.6140251823153996,false
d100_delay_median_cap1,borough,d100_median_borough_qnehvi,2236,13528924.666666666,605.2507982969705,0.82395583261944538,0.52168026513981469,false
d100_delay_median_cap1,borough,d100_median_borough_qnehvi,2237,13400660.000000002,673.3333568318978,0.81614409422759981,0.5803622648791541,false
d100_delay_median_cap1,borough,d100_median_borough_qnehvi,2238,13634408.0,804.8706572973139,0.8303801131802121,0.6937374375772406,false
d100_delay_median_cap1,borough,d100_median_borough_qnehvi,2239,13818714.666666668,793.1797712411858,0.84160499296425062,0.6836607808348768,false
d100_delay_median_cap1,borough,d100_median_borough_qnehvi,2240,13327006.0,605.5383092690671,0.81165832433893459,0.52192807778306272,false
d100_delay_median_cap1,borough,d100_median_borough_qnehvi,2241,13476622.666666664,944.451121472718,0.82077046947939925,0.81404520712376705,false
d100_delay_median_cap1,borough,d100_median_borough_qnehvi,2242,13548175.333333334,802.3926925022747,0.82512826128414885,0.69160161993780822,false
d100_delay_median_cap1,borough,d100_median_borough_qnehvi,2243,13812233.333333334,543.0531113725475,0.84121025853156439,0.46807057821810377,false
d100_delay_median_cap1,borough,d100_median_borough_qnehvi,2244,13479426.0,719.8290365429199,0.82094120166304918,0.62043801296201839,false
d100_delay_median_cap1,borough,d100_median_borough_qnehvi,2245,13400815.333333334,767.3372432464027,0.81615355453646798,0.6613864824875878,false
d100_delay_median_cap1,borough,d100_median_borough_qnehvi,2246,13284594.666666666,621.359374121971,0.80907533520046526,0.53556463527374343,false
d100_delay_median_cap1,borough,d100_median_borough_qnehvi,2247,13918485.333333334,615.7664795697804,0.84768135341046391,0.53074398452682081,false
d100_delay_median_cap1,borough,d100_median_borough_qnehvi,2248,13396562.666666666,610.0487276687095,0.81589455320483784,0.52581571621862966,false
d100_delay_median_cap1,borough,d100_median_borough_qnehvi,2249,13519692.666666666,614.0619037767704,0.82339357357564391,0.52927476952677377,false
d100_delay_median_cap1,borough,d100_median_borough_qnehvi,2250,13569822.666666666,983.8429703902896,0.82644665480027224,0.84799799206100135,false
d100_delay_median_cap1,borough,d100_median_borough_qnehvi,2251,13331056.666666666,641.7913734226249,0.8119050232088173,0.55317546840687337,false
d100_delay_median_cap1,borough,d100_median_borough_qnehvi,2252,13429299.333333332,895.0523925250717,0.81788832344934081,0.77146725086581669,false
d100_delay_median_cap1,borough,d100_median_borough_qnehvi,2253,13467893.999999998,626.0409495589503,0.82023886508450483,0.53959979808907133,false
d100_delay_median_cap1,borough,d100_median_borough_qnehvi,2254,14036176.000000002,618.3962061544978,0.85484910056214969,0.53301060931413324,false
d100_delay_median_cap1,borough,d100_median_borough_qnehvi,2255,13315122.666666668,670.2314520072943,0.81093459040943128,0.57768865827526217,false
d100_delay_median_cap1,borough,d100_median_borough_qnehvi,2256,13829503.333333334,593.5389784682931,0.84226205810765331,0.51158556507384889,false
d100_delay_median_cap1,borough,d100_median_borough_qnehvi,2257,13229456.666666668,708.4462697961942,0.80571725036975395,0.61062693168601667,false
d100_delay_median_cap1,borough,d100_median_borough_qnehvi,2258,13875912.0,1719.036290113405,0.8450884979412866,1.4816788513698242,false
d100_delay_median_cap1,borough,d100_median_borough_qnehvi,2259,13815997.333333334,1225.9114707753238,0.84143949846233457,1.0566426726102711,false
d100_delay_median_cap1,borough,d100_median_borough_qnehvi,2260,13644513.333333334,1039.925493964427,0.83099556108503181,0.89633687215862101,false
d100_delay_median_cap1,borough,d100_median_borough_qnehvi,2261,13471340.0,816.1876671110842,0.82044873777351512,0.70349184136629728,false
d100_delay_median_cap1,borough,d100_median_borough_qnehvi,2262,13300824.0,676.7883566909077,0.81006375476735626,0.58334021261185898,false
d100_delay_median_cap1,borough,d100_median_borough_qnehvi,2263,13926479.333333334,1153.4281705536184,0.84816821419860833,0.99416756744020773,false
d100_delay_median_cap1,borough,d100_median_borough_qnehvi,2264,13459689.333333336,760.6158674444507,0.81973917400622209,0.6555931665261171,false
d100_delay_median_cap1,borough,d100_median_borough_qnehvi,2265,13596188.666666668,518.4630209127956,0.82805243057463029,0.44687578599816652,true
d100_delay_median_cap1,borough,d100_median_borough_qnehvi,2266,13754527.333333332,515.994309444801,0.8376957740881491,0.44474794402455681,true
d100_delay_median_cap1,borough,d100_median_borough_qnehvi,2267,13997634.666666664,628.8961449979975,0.85250180710170353,0.54206075992152025,false
d100_delay_median_cap1,borough,d100_median_borough_qnehvi,2268,13877798.666666668,546.5122339082438,0.84520340212195944,0.47105207938530713,false
d100_delay_median_cap1,borough,d100_median_borough_qnehvi,2269,13279264.000000002,677.9003475974928,0.80875068013733464,0.58429866440178246,false
d100_delay_median_cap1,borough,d100_median_borough_qnehvi,2270,13390758.0,676.9808344404623,0.81554102998889499,0.58350611382785689,false
d100_delay_median_cap1,borough,d100_median_borough_qnehvi,2271,13451287.333333334,729.7737581512008,0.81922746468147978,0.62900960843937637,false
d100_delay_median_cap1,borough,d100_median_borough_qnehvi,2272,13706744.666666668,559.8294779539099,0.8347856531533262,0.48253053331584761,false
d100_delay_median_cap1,borough,d100_median_borough_qnehvi,2273,14156176.0,608.01826257831,0.86215749367915362,0.52406560937086133,false
d100_delay_median_cap1,borough,d100_median_borough_qnehvi,2274,13371220.000000002,653.2378816727096,0.81435110178289483,0.56304149002242754,false
d100_delay_median_cap1,borough,d100_median_borough_qnehvi,2275,14135284.666666666,698.7103269888114,0.86088514303966701,0.60223528769408352,false
d100_delay_median_cap1,borough,d100_median_borough_qnehvi,2276,13362372.666666666,666.8186581436343,0.81381227019925151,0.57474708890819759,false
d100_delay_median_cap1,borough,d100_median_borough_qnehvi,2277,13634061.999999998,928.4352695814548,0.8303590406467245,0.80024075798535454,false
d100_delay_median_cap1,borough,d100_median_borough_qnehvi,2278,13728402.0,578.1922746609255,0.83610465570220938,0.49835787081259908,false
d100_delay_median_cap1,borough,d100_median_borough_qnehvi,2279,13793828.666666668,617.4282759625627,0.84008935403833584,0.53217632692972949,false
d100_delay_median_cap1,borough,d100_median_borough_qnehvi,2280,13514472.0,735.0501504737754,0.82307561787287031,0.63355745827876109,false
d100_delay_median_cap1,borough,d100_median_borough_qnehvi,2281,13433579.999999998,651.5228119012595,0.81814903007269768,0.56156323000918851,false
d100_delay_median_cap1,borough,d100_median_borough_qnehvi,2282,13994136.666666664,812.8642761151052,0.85228876744234294,0.70062733048779213,false
d100_delay_median_cap1,borough,d100_median_borough_qnehvi,2283,13570942.666666666,826.0158803784575,0.82651486646936445,0.71196301549378394,false
d100_delay_median_cap1,borough,d100_median_borough_qnehvi,2284,13476682.666666666,595.8035744694118,0.82077412367595759,0.51353747500213387,false
d100_delay_median_cap1,borough,d100_median_borough_qnehvi,2285,13604569.333333334,640.0528305432966,0.82856284062948493,0.55167697635564961,false
d100_delay_median_cap1,borough,d100_median_borough_qnehvi,2286,13513032.666666668,1026.1046192025733,0.82298795775765032,0.88442432676336435,false
d100_delay_median_cap1,borough,d100_median_borough_qnehvi,2287,13789135.333333334,656.4641444848804,0.83980351466309311,0.56582228377602473,false
d100_delay_median_cap1,borough,d100_median_borough_qnehvi,2288,13938301.333333334,803.0433419531009,0.84888821272718507,0.69216243039683645,false
d100_delay_median_cap1,borough,d100_median_borough_qnehvi,2289,13388500.666666668,615.0284044735754,0.81540355099392736,0.53010781979483756,false
d100_delay_median_cap1,borough,d100_median_borough_qnehvi,2290,13954200.0,904.057778815918,0.84985649361082016,0.77922921057097372,false
d100_delay_median_cap1,borough,d100_median_borough_qnehvi,2291,13361604.000000002,678.1731918669396,0.81376545588111893,0.58453383546017246,false
d100_delay_median_cap1,borough,d100_median_borough_qnehvi,2292,13773579.333333336,828.293118812644,0.83885610330202554,0.71392582224013723,false
d100_delay_median_cap1,borough,d100_median_borough_qnehvi,2293,13655891.333333334,685.6782767220545,0.83168851855907577,0.5910026491620789,false
d100_delay_median_cap1,borough,d100_median_borough_qnehvi,2294,13437321.333333336,651.7140531820846,0.8183768895292125,0.56172806548295773,false
d100_delay_median_cap1,borough,d100_median_borough_qnehvi,2295,13428849.333333332,589.950016930603,0.81786091697515184,0.50849215253837299,false
d100_delay_median_cap1,borough,d100_median_borough_qnehvi,2296,13392379.333333334,602.5163286179068,0.81563977450034242,0.51932335975248656,false
d100_delay_median_cap1,borough,d100_median_borough_qnehvi,2297,13409743.333333334,583.2361665871312,0.81669729898437293,0.50270532295112313,false
d100_delay_median_cap1,borough,d100_median_borough_qnehvi,2298,13497969.333333332,960.5043243997196,0.82207055141054619,0.8278818500210019,false
d100_delay_median_cap1,borough,d100_median_borough_qnehvi,2299,13489948.666666668,682.1291374118078,0.82158206653504251,0.58794356036517459,false
d100_delay_median_cap1,borough,d100_median_borough_qnehvi,2300,13460753.333333334,709.2927310356362,0.81980397509185965,0.61135651704974536,false
d100_delay_median_cap1,borough,d100_median_borough_qnehvi,2301,13375863.333333334,622.8112512809314,0.814633895994339,0.53681604322457654,false
d100_delay_median_cap1,borough,d100_median_borough_qnehvi,2302,13830288.666666666,744.8095265546078,0.8423098874803856,0.6419692999744242,false
d100_delay_median_cap1,borough,d100_median_borough_qnehvi,2303,13628539.333333332,628.0302618165917,0.83002269215460656,0.5413144343174453,false
d100_delay_median_cap1,city,d100_median_city_qnehvi,0,26149500.666666668,2422.613923243864,1.5925902557113367,2.0881093876544687,false
d100_delay_median_cap1,city,d100_median_city_qnehvi,1,33667534.0,2675.729300858286,2.0504631146008423,2.3062756382011833,false
d100_delay_median_cap1,city,d100_median_city_qnehvi,2,36697582.66666666,3343.9400149801413,2.235003004764625,2.8822225737413083,false
d100_delay_median_cap1,city,d100_median_city_qnehvi,3,24932446.000000004,2479.3237202940063,1.5184676394706338,2.1369889298944571,false
d100_delay_median_cap1,city,d100_median_city_qnehvi,4,27612301.33333333,2814.293364213616,1.6816796084098005,2.4257073473595265,false
d100_delay_median_cap1,city,d100_median_city_qnehvi,5,28362384.0,3053.2879906999697,1.7273621000618899,2.6317025818362225,false
d100_delay_median_cap1,city,d100_median_city_qnehvi,6,33744833.33333333,3626.2632016365983,2.0551708972315281,3.1255637395596354,false
d100_delay_median_cap1,city,d100_median_city_qnehvi,7,24699784.666666668,2223.7077467268027,1.5042978020779145,1.9166673553674596,false
d100_delay_median_cap1,city,d100_median_city_qnehvi,8,28264536.0,2029.3957170450144,1.721402836314285,1.7491851290746931,false
d100_delay_median_cap1,city,d100_median_city_qnehvi,9,34417586.66666667,3521.8433817185387,2.0961437791546524,3.0355617775729997,false
d100_delay_median_cap1,city,d100_median_city_qnehvi,10,25671139.33333333,2232.458677455153,1.5634564834115514,1.9242099936843875,false
d100_delay_median_cap1,city,d100_median_city_qnehvi,11,28693693.333333336,2488.430138929617,1.7475399238229945,2.1448379718150403,false
d100_delay_median_cap1,city,d100_median_city_qnehvi,12,28697898.66666667,2628.699901315143,1.747796042399562,2.2657398641186601,false
d100_delay_median_cap1,city,d100_median_city_qnehvi,13,30779669.33333333,3225.4918277200027,1.8745826958282921,2.7801292234986197,false
d100_delay_median_cap1,city,d100_median_city_qnehvi,14,34715104.0,3587.2712694540915,2.1142635594140087,3.091955652504617,false
d100_delay_median_cap1,city,d100_median_city_qnehvi,15,26766097.33333333,3480.3582567773774,1.6301430126666228,2.9998047475293235,false
d100_delay_median_cap1,city,d100_median_city_qnehvi,16,22588556.666666668,2645.0195783348363,1.3757171005476954,2.2798061874652542,false
d100_delay_median_cap1,city,d100_median_city_qnehvi,17,36042283.33333333,3240.653326193531,2.1950931286203694,2.7931972848144282,false
d100_delay_median_cap1,city,d100_median_city_qnehvi,18,29555134.0,3160.542597281995,1.8000044824811119,2.7241479148396888,false
d100_delay_median_cap1,city,d100_median_city_qnehvi,19,29823681.33333333,2121.386880376157,1.8163598948354711,1.8284745320992619,false
d100_delay_median_cap1,city,d100_median_city_qnehvi,20,32634458.000000004,3389.548952706899,1.9875454018696574,2.9215340175146811,false
d100_delay_median_cap1,city,d100_median_city_qnehvi,21,27869652.0,2267.5584641692103,1.6973531070841594,1.9544633466594892,false
d100_delay_median_cap1,city,d100_median_city_qnehvi,22,28411114.000000004,2065.9803015947723,1.7303299167001538,1.780718265126144,false
d100_delay_median_cap1,city,d100_median_city_qnehvi,23,29151890.0,3735.881869453017,1.7754456018638354,3.2200467139756124,false
d100_delay_median_cap1,city,d100_median_city_qnehvi,24,25318689.333333336,1976.5564070876217,1.5419911237941508,1.7036416530380822,false
d100_delay_median_cap1,city,d100_median_city_qnehvi,25,28798474.0,2058.8421195247547,1.7539214096818427,1.7745656937864929,false
d100_delay_median_cap1,city,d100_median_city_qnehvi,26,31250200.666666664,2879.461735234697,1.9032395954771928,2.4818775385739231,false
d100_delay_median_cap1,city,d100_median_city_qnehvi,27,25287264.0,2610.439664103753,1.5400772180455433,2.2500009251255055,false
d100_delay_median_cap1,city,d100_median_city_qnehvi,28,32790096.666666664,2976.827014836256,1.9970243065380435,2.5657990220661788,false
d100_delay_median_cap1,city,d100_median_city_qnehvi,29,33711596.0,3755.491923879639,2.0531466347468541,3.2369490929918352,false
d100_delay_median_cap1,city,d100_median_city_qnehvi,30,35635122.666666664,4472.766448718073,2.1702957101721911,3.8551853106864216,false
d100_delay_median_cap1,city,d100_median_city_qnehvi,31,30164302.666666668,3016.07738845124,1.8371048499024556,2.5996298660269246,false
d100_delay_median_cap1,city,d100_median_city_qnehvi,32,30371262.0,2462.9807510658484,1.8497093512960645,2.1229025304314457,false
d100_delay_median_cap1,city,d100_median_city_qnehvi,33,27507960.000000004,2390.9960072388308,1.6753248793901978,2.0608571430459763,false
d100_delay_median_cap1,city,d100_median_city_qnehvi,34,31995682.66666667,4049.767983648599,1.9486418914576138,3.4905927285170311,false
d100_delay_median_cap1,city,d100_median_city_qnehvi,35,27277129.33333333,2976.5069003094013,1.6612665355946961,2.5655231076325014,false
d100_delay_median_cap1,city,d100_median_city_qnehvi,36,26554297.33333333,2821.691929814194,1.6172436988151104,2.4320843495460975,false
d100_delay_median_cap1,city,d100_median_city_qnehvi,37,29635964.666666664,3574.525045988249,1.8049273348803578,3.0809693749880864,false
d100_delay_median_cap1,city,d100_median_city_qnehvi,38,32133953.33333333,2666.577285469141,1.9570630280288652,2.2983872953386757,false
d100_delay_median_cap1,city,d100_median_city_qnehvi,39,30963163.33333334,3716.993533625621,1.8857580815500554,3.203766401632016,false
d100_delay_median_cap1,city,d100_median_city_qnehvi,40,29644734.666666664,1732.3023423303223,1.8054614566106588,1.4931131818281285,false
d100_delay_median_cap1,city,d100_median_city_qnehvi,41,40776149.33333333,3608.072282951144,2.4834010760472003,3.1098845478763417,false
d100_delay_median_cap1,city,d100_median_city_qnehvi,42,28585094.0,2675.2434848641665,1.7409258686542899,2.30585690167521,false
d100_delay_median_cap1,city,d100_median_city_qnehvi,43,27749384.0,2680.1307837318195,1.6900283918891941,2.3100693824786531,false
d100_delay_median_cap1,city,d100_median_city_qnehvi,44,24490867.33333333,2435.593249685908,1.4915740520699459,2.0992965822499552,false
d100_delay_median_cap1,city,d100_median_city_qnehvi,45,36373491.333333336,2780.5067298492168,2.2152647808495094,2.3965858320752891,false
d100_delay_median_cap1,city,d100_median_city_qnehvi,46,27059123.333333336,3048.6987200891235,1.6479892560124834,2.6277469787774561,false
d100_delay_median_cap1,city,d100_median_city_qnehvi,47,33671926.0,3385.401548457489,2.0507306017889242,2.9179592697331622,false
d100_delay_median_cap1,city,d100_median_city_qnehvi,48,30198832.666666668,3032.060529564216,1.8392078400218734,2.6134061209563613,false
d100_delay_median_cap1,city,d100_median_city_qnehvi,49,27667780.000000007,2361.884279520509,1.6850584409565281,2.0357650425853007,false
d100_delay_median_cap1,city,d100_median_city_qnehvi,50,36671741.33333333,4587.11682557722,2.2334291829090631,3.9537466592820296,false
d100_delay_median_cap1,city,d100_median_city_qnehvi,51,25577086.666666668,2210.017256368574,1.5577283678973637,1.9048671914352997,false
d100_delay_median_cap1,city,d100_median_city_qnehvi,52,25276780.0,2442.526222683889,1.539438708100221,2.1052722789396099,false
d100_delay_median_cap1,city,d100_median_city_qnehvi,53,36074805.33333333,3205.990860675928,2.1970738249616302,2.7633208695292226,false
d100_delay_median_cap1,city,d100_median_city_qnehvi,54,28229487.333333336,2091.345169909002,1.7192682576957281,1.802580857070899,false
d100_delay_median_cap1,city,d100_median_city_qnehvi,55,37159591.333333336,3083.5947156873945,2.2631408460934832,2.6578246792732618,false
d100_delay_median_cap1,city,d100_median_city_qnehvi,56,32174475.33333333,3108.9544902755306,1.9595309505779255,2.679682880812607,false
d100_delay_median_cap1,city,d100_median_city_qnehvi,57,25496335.333333336,2146.414126180613,1.5528103471580119,1.8500461190574697,false
d100_delay_median_cap1,city,d100_median_city_qnehvi,58,31783200.000000004,2600.03765242788,1.9357010009697024,2.2410351803064557,false
d100_delay_median_cap1,city,d100_median_city_qnehvi,59,24609844.0,2606.5549423853504,1.4988201208345355,2.2466525897548575,false
d100_delay_median_cap1,city,d100_median_city_qnehvi,60,28727122.666666664,2787.52798518469,1.7495758797366556,2.4026376214414999,false
d100_delay_median_cap1,city,d100_median_city_qnehvi,61,25630606.666666668,2577.764030144521,1.5609879112275475,2.2218370078941234,false
d100_delay_median_cap1,city,d100_median_city_qnehvi,62,25889501.33333334,2187.231056949398,1.5767554445600123,1.8852272164233346,false
d100_delay_median_cap1,city,d100_median_city_qnehvi,63,38930470.66666667,3690.4518048926334,2.370993198849968,3.1808894452997749,false
d100_delay_median_cap1,city,d100_median_city_qnehvi,64,25334360.0,1982.276102237546,1.5429455187308636,1.7085715962793426,false
d100_delay_median_cap1,city,d100_median_city_qnehvi,65,23024732.666666668,1890.196159477034,1.402281647849382,1.6292056721227359,false
d100_delay_median_cap1,city,d100_median_city_qnehvi,66,22445232.666666668,2601.859294088266,1.3669881994218493,2.2426052972018882,false
d100_delay_median_cap1,city,d100_median_city_qnehvi,67,22748443.333333336,2954.28924144046,1.3854547223324234,2.546373171437212,false
d100_delay_median_cap1,city,d100_median_city_qnehvi,68,22757429.33333333,2828.768917050738,1.3860019991703352,2.4381841755824105,false
d100_delay_median_cap1,city,d100_median_city_qnehvi,69,24490168.0,2151.058750548431,1.4915314603789478,1.8540494328548176,false
d100_delay_median_cap1,city,d100_median_city_qnehvi,70,25110076.0,2362.2311113431306,1.5292858883820788,2.0360639853007716,false
d100_delay_median_cap1,city,d100_median_city_qnehvi,71,24431388.666666668,1874.584632331552,1.4879516064193192,1.6157497202373219,false
d100_delay_median_cap1,city,d100_median_city_qnehvi,72,25077453.33333333,2329.342103452997,1.5272990611110373,2.0077161559305541,false
d100_delay_median_cap1,city,d100_median_city_qnehvi,73,24137911.333333336,2202.310029719106,1.4700778753949018,1.898224146844032,false
d100_delay_median_cap1,city,d100_median_city_qnehvi,74,23846083.333333336,2939.790860676036,1.4523045941736601,2.5338766672730459,false
d100_delay_median_cap1,city,d100_median_city_qnehvi,75,26166126.0,2196.563538490168,1.5936027929755139,1.8932711074157964,false
d100_delay_median_cap1,city,d100_median_city_qnehvi,76,24347640.0,2295.1152291995163,1.482851038260778,1.978215187264831,false
d100_delay_median_cap1,city,d100_median_city_qnehvi,77,22215235.33333334,2934.85851794232,1.3529806083563278,2.5296253620747287,false
d100_delay_median_cap1,city,d100_median_city_qnehvi,78,22753082.666666664,2969.3689455881754,1.3857372729307635,2.559370732250259,false
d100_delay_median_cap1,city,d100_median_city_qnehvi,79,24796761.33333333,2072.6322535923846,1.5102039987710532,1.7864517430357578,false
d100_delay_median_cap1,city,d100_median_city_qnehvi,80,23930972.66666666,2189.511096817004,1.4574746326689962,1.8871924377927383,false
d100_delay_median_cap1,city,d100_median_city_qnehvi,81,22848898.0,2961.9464259123883,1.3915727406194034,2.5529730834683564,false
d100_delay_median_cap1,city,d100_median_city_qnehvi,82,24256278.0,2504.021287773218,1.4772867931611469,2.158276359150423,false
d100_delay_median_cap1,city,d100_median_city_qnehvi,83,25322781.33333333,2004.848196772913,1.5422403399994402,1.7280270291265267,false
d100_delay_median_cap1,city,d100_median_city_qnehvi,84,25149353.33333333,2351.7259387987247,1.5316780066536422,2.0270093236403071,false
d100_delay_median_cap1,city,d100_median_city_qnehvi,85,25612664.000000004,2339.3901648198,1.5598951440478197,2.0163768224389242,false
d100_delay_median_cap1,city,d100_median_city_qnehvi,86,23992579.333333336,2068.356375731453,1.4612266804908984,1.7827662607489558,false
d100_delay_median_cap1,city,d100_median_city_qnehvi,87,25023140.666666668,1938.7958404890985,1.5239912417840977,1.671094909687433,false
d100_delay_median_cap1,city,d100_median_city_qnehvi,88,25487346.666666668,1875.7809127238625,1.5522629079113641,1.6167808231685334,false
d100_delay_median_cap1,city,d100_median_city_qnehvi,89,23123050.0,1928.1868377445696,1.408269495534511,1.661950754272508,false
d100_delay_median_cap1,city,d100_median_city_qnehvi,90,24539736.666666664,2000.4361564000865,1.4945503545646617,1.724224185085709,false
d100_delay_median_cap1,city,d100_median_city_qnehvi,91,23227480.000000004,1764.793058333231,1.4146296246445842,1.5211177138116836,false
d100_delay_median_cap1,city,d100_median_city_qnehvi,92,24346240.0,2223.08719307122,1.4827657736744129,1.9161324852004336,false
d100_delay_median_cap1,city,d100_median_city_qnehvi,93,24234853.333333336,2806.5304405910883,1.475981960774474,2.4190162962034507,false
d100_delay_median_cap1,city,d100_median_city_qnehvi,94,22673945.33333334,2922.9862216414544,1.3809175500788355,2.5193923434657801,false
d100_delay_median_cap1,city,d100_median_city_qnehvi,95,25166444.666666668,2272.1826455948044,1.532718924844424,1.9584490401917347,false
d100_delay_median_cap1,city,d100_median_city_qnehvi,96,25578697.33333333,2009.661272101592,1.5578264627738669,1.7321755348710348,false
d100_delay_median_cap1,city,d100_median_city_qnehvi,97,24019171.33333333,2122.57962291506,1.4628462204056265,1.8295025856692682,false
d100_delay_median_cap1,city,d100_median_city_qnehvi,98,23644960.000000004,2148.640685799558,1.4400555242986415,1.8519652445103054,false
d100_delay_median_cap1,city,d100_median_city_qnehvi,99,23245691.333333336,2135.8053566746926,1.4157387545044571,1.8409021646765285,false
d100_delay_median_cap1,city,d100_median_city_qnehvi,100,23757444.000000004,2060.5334672404656,1.4469061683934168,1.7760235071875792,false
d100_delay_median_cap1,city,d100_median_city_qnehvi,101,22927864.0,2408.0929258800893,1.3963820287100481,2.0755933896976817,false
d100_delay_median_cap1,city,d100_median_city_qnehvi,102,25430072.0,1835.384629546764,1.548774693080986,1.5819622921103527,false
d100_delay_median_cap1,city,d100_median_city_qnehvi,103,24377419.33333333,2113.917932540543,1.4846646972171302,1.8220368657662933,false
d100_delay_median_cap1,city,d100_median_city_qnehvi,104,22589378.000000004,2937.314910757267,1.3757671224383627,2.5317425863040812,false
d100_delay_median_cap1,city,d100_median_city_qnehvi,105,25569232.0,2040.958070530862,1.5572499929656716,1.7591510004937962,false
d100_delay_median_cap1,city,d100_median_city_qnehvi,106,25094731.33333333,2398.955501783804,1.5283513479133342,2.0677176234225154,false
d100_delay_median_cap1,city,d100_median_city_qnehvi,107,25148442.666666664,2049.605930961024,1.5316225440703208,1.7666048000340748,false
d100_delay_median_cap1,city,d100_median_city_qnehvi,108,23949561.333333336,1841.11185254353,1.4586067433650043,1.5868987237844197,false
d100_delay_median_cap1,city,d100_median_city_qnehvi,109,23687248.666666664,2129.599834797754,1.4426310426352571,1.835553475658354,false
d100_delay_median_cap1,city,d100_median_city_qnehvi,110,24010845.333333336,1738.14897781487,1.4623391397298584,1.4981525380063223,false
d100_delay_median_cap1,city,d100_median_city_qnehvi,111,23052442.666666668,1654.0021687507783,1.4039692776266497,1.4256243731749132,false
d100_delay_median_cap1,city,d100_median_city_qnehvi,112,24794922.666666668,1969.63957968061,1.5100920179476274,1.6976798726228077,false
d100_delay_median_cap1,city,d100_median_city_qnehvi,113,25816814.666666668,2167.162291144417,1.5723285884403069,1.8679294630033807,false
d100_delay_median_cap1,city,d100_median_city_qnehvi,114,24146505.33333333,3008.976360723351,1.4706012781486311,2.5935093189111269,false
d100_delay_median_cap1,city,d100_median_city_qnehvi,115,25168682.0,2335.9091218121475,1.5328551857738719,2.0133764274880961,false
d100_delay_median_cap1,city,d100_median_city_qnehvi,116,25383507.33333333,1939.26356768965,1.5459387523363004,1.6714980550458254,false
d100_delay_median_cap1,city,d100_median_city_qnehvi,117,22783206.666666664,1795.112493683057,1.3875719232162353,1.5472507666167226,false
d100_delay_median_cap1,city,d100_median_city_qnehvi,118,25096182.0,2174.200858246356,1.5284396982656818,1.8739961737987663,false
d100_delay_median_cap1,city,d100_median_city_qnehvi,119,22764669.33333333,2488.938581102037,1.3864429388883943,2.1452762103899627,false
d100_delay_median_cap1,city,d100_median_city_qnehvi,120,24819776.000000004,2170.0503200444987,1.511605667366527,1.8704187247880251,false
d100_delay_median_cap1,city,d100_median_city_qnehvi,121,24982711.33333333,2049.460886473283,1.5215289629386104,1.7664797826907936,false
d100_delay_median_cap1,city,d100_median_city_qnehvi,122,26032936.0,2261.771597213758,1.585491085648399,1.949475506418479,false
d100_delay_median_cap1,city,d100_median_city_qnehvi,123,22622694.666666664,2971.5653565861576,1.3777962165829305,2.5612638718793308,false
d100_delay_median_cap1,city,d100_median_city_qnehvi,124,24733514.000000004,2584.687008464756,1.5063520289743684,2.2278040899299003,false
d100_delay_median_cap1,city,d100_median_city_qnehvi,125,25681563.333333336,2022.6536364752685,1.5640913391603153,1.7433739671743442,false
d100_delay_median_cap1,city,d100_median_city_qnehvi,126,23602430.0,2220.379995944393,1.437465307971423,1.913799086683847,false
d100_delay_median_cap1,city,d100_median_city_qnehvi,127,24453738.0,1754.7320970277497,1.4893127540351769,1.5124459285349467,false
d100_delay_median_cap1,city,d100_median_city_qnehvi,128,22940893.33333333,1566.4481593952469,1.3971755577938185,1.3501594602112845,false
d100_delay_median_cap1,city,d100_median_city_qnehvi,129,22185673.33333333,1533.95291813916,1.3511801857119534,1.3221510278028408,false
d100_delay_median_cap1,city,d100_median_city_qnehvi,130,23837976.000000004,1983.6168871042248,1.4518108310142384,1.7097272511032813,false
d100_delay_median_cap1,city,d100_median_city_qnehvi,131,22609830.0,1657.1174370633194,1.3770127162386041,1.4283094980914617,false
d100_delay_median_cap1,city,d100_median_city_qnehvi,132,23651678.666666668,1822.955763077477,1.4404647131088257,1.5712495522456076,false
d100_delay_median_cap1,city,d100_median_city_qnehvi,133,23203616.0,1781.1546529169004,1.4131762288667156,1.5352201669179593,false
d100_delay_median_cap1,city,d100_median_city_qnehvi,134,22623116.666666675,1734.3181559858876,1.377821917765393,1.494850660250737,false
d100_delay_median_cap1,city,d100_median_city_qnehvi,135,22633296.0,1588.428782318817,1.3784418725126342,1.3691050894066057,false
d100_delay_median_cap1,city,d100_median_city_qnehvi,136,22509384.666666657,1591.1053816462454,1.3708952663821989,1.3714121149416976,false
d100_delay_median_cap1,city,d100_median_city_qnehvi,137,22947750.666666664,1779.9591063106386,1.3975931918582714,1.5341896964546462,false
d100_delay_median_cap1,city,d100_median_city_qnehvi,138,23424160.666666668,1967.137813548592,1.4266081215655375,1.6955235400368098,false
d100_delay_median_cap1,city,d100_median_city_qnehvi,139,23600177.33333333,2017.007697200104,1.4373281131917428,1.7385075959009504,false
d100_delay_median_cap1,city,d100_median_city_qnehvi,140,22874262.66666667,1776.4752078280908,1.3931175319134184,1.5311868403011148,false
d100_delay_median_cap1,city,d100_median_city_qnehvi,141,22668528.0,2186.7516333057874,1.3805876167317865,1.8848139896184848,false
d100_delay_median_cap1,city,d100_median_city_qnehvi,142,23210585.33333333,1635.634068262492,1.4136006840980773,1.4097924642211275,false
d100_delay_median_cap1,city,d100_median_city_qnehvi,143,23072157.33333333,1754.4142690545957,1.4051699654114054,1.5121719849370692,false
d100_delay_median_cap1,city,d100_median_city_qnehvi,144,23267488.0,2027.534638327617,1.4170662429097929,1.7475810204283764,false
d100_delay_median_cap1,city,d100_median_city_qnehvi,145,22801670.0,2393.0703299165066,1.3886964007016545,2.0626450518063124,false
d100_delay_median_cap1,city,d100_median_city_qnehvi,146,23433905.33333333,2086.2114970810744,1.4272016036888218,1.7981560206071552,false
d100_delay_median_cap1,city,d100_median_city_qnehvi,147,23768101.33333334,1728.0643648952746,1.447555234906575,1.4894603668327693,false
d100_delay_median_cap1,city,d100_median_city_qnehvi,148,24042781.33333333,2051.875676416756,1.4642841467513967,1.7685611484015249,false
d100_delay_median_cap1,city,d100_median_city_qnehvi,149,22360888.66666667,1584.138177598317,1.3618513735130113,1.3654069136842464,false
d100_delay_median_cap1,city,d100_median_city_qnehvi,150,22608386.666666668,1601.502488991509,1.3769248125102802,1.380373632599875,false
d100_delay_median_cap1,city,d100_median_city_qnehvi,151,22959970.666666668,1813.8879247355576,1.3983374298906863,1.5634337636109321,false
d100_delay_median_cap1,city,d100_median_city_qnehvi,152,23005172.000000004,2059.044010455243,1.4010903391691261,1.7747397084502368,false
d100_delay_median_cap1,city,d100_median_city_qnehvi,153,23181872.666666664,1828.2810919795072,1.4118519886360983,1.5758395817034527,false
d100_delay_median_cap1,city,d100_median_city_qnehvi,154,23565350.0,2866.8840570090315,1.4352070144982685,2.4710365342661702,false
d100_delay_median_cap1,city,d100_median_city_qnehvi,155,23127116.666666664,2418.244041557179,1.4085171688568097,2.0843428812023435,false
d100_delay_median_cap1,city,d100_median_city_qnehvi,156,23527219.333333336,1812.519776771992,1.4328847319831564,1.5622545238736336,false
d100_delay_median_cap1,city,d100_median_city_qnehvi,157,22264384.666666668,1561.938291412249,1.3559739637683166,1.3462722961931031,false
d100_delay_median_cap1,city,d100_median_city_qnehvi,158,22784028.0,2344.380090639164,1.3876219451069027,2.0206777598879926,false
d100_delay_median_cap1,city,d100_median_city_qnehvi,159,23543392.0,1944.454980569144,1.4338697003644085,1.6759726590530319,false
d100_delay_median_cap1,city,d100_median_city_qnehvi,160,23364019.33333333,1907.6379723883056,1.4229453173440307,1.6442391914665746,false
d100_delay_median_cap1,city,d100_median_city_qnehvi,161,23420552.0,1707.3525608980635,1.4263883419436356,1.4716083632811978,false
d100_delay_median_cap1,city,d100_median_city_qnehvi,162,22984566.000000004,1590.6581650730818,1.3998353662643845,1.3710266481878834,false
d100_delay_median_cap1,city,d100_median_city_qnehvi,163,22152240.0,1628.974708687614,1.3491439861851882,1.4040526015419557,false
d100_delay_median_cap1,city,d100_median_city_qnehvi,164,22677721.333333336,1599.5536312024371,1.381147520848917,1.3786938650539529,false
d100_delay_median_cap1,city,d100_median_city_qnehvi,165,23086889.333333336,1736.8944712245411,1.4060671924730699,1.4970712485102922,false
d100_delay_median_cap1,city,d100_median_city_qnehvi,166,22858826.0,1657.0112922819503,1.3921773883432838,1.4282180093435846,false
d100_delay_median_cap1,city,d100_median_city_qnehvi,167,22908484.66666667,1680.347826176731,1.3952017638238363,1.4483323309172673,false
d100_delay_median_cap1,city,d100_median_city_qnehvi,168,23092264.000000004,1802.8817574136465,1.406394527280344,1.5539472824648959,false
d100_delay_median_cap1,city,d100_median_city_qnehvi,169,22846624.0,1729.1356478462249,1.3914342465698362,1.4903837314536241,false
d100_delay_median_cap1,city,d100_median_city_qnehvi,170,22999227.33333333,1915.6828089528567,1.4007282894945461,1.6511732301887212,false
d100_delay_median_cap1,city,d100_median_city_qnehvi,171,23246609.33333334,1836.8184307008407,1.4157946637118024,1.5831981199164806,false
d100_delay_median_cap1,city,d100_median_city_qnehvi,172,22444286.0,1567.738765637385,1.366930544320593,1.3512718648681383,false
d100_delay_median_cap1,city,d100_median_city_qnehvi,173,23213483.33333334,1628.9572264357475,1.4137771817918536,1.4040375331673005,false
d100_delay_median_cap1,city,d100_median_city_qnehvi,174,23240905.33333333,1764.102397495852,1.4154472714256403,1.5205224165732838,false
d100_delay_median_cap1,city,d100_median_city_qnehvi,175,22521678.0,1562.5827642749814,1.3716439706548527,1.3468277829018387,false
d100_delay_median_cap1,city,d100_median_city_qnehvi,176,23044989.333333336,1698.963371272562,1.403515345209716,1.4643775183480663,false
d100_delay_median_cap1,city,d100_median_city_qnehvi,177,22965536.666666664,1652.8156511095049,1.3986764175247635,1.4246016849943535,false
d100_delay_median_cap1,city,d100_median_city_qnehvi,178,21901493.333333336,1511.5011139597582,1.3338726927453683,1.30279927611555,false
d100_delay_median_cap1,city,d100_median_city_qnehvi,179,23524053.333333336,1711.9881666718345,1.4326919122114197,1.4756039037347568,false
d100_delay_median_cap1,city,d100_median_city_qnehvi,180,23467265.33333333,1866.0257780004613,1.4292333369753489,1.6083726372011662,false
d100_delay_median_cap1,city,d100_median_city_qnehvi,181,23386159.333333336,1733.9470095304189,1.4242937158741182,1.4945307601666078,false
d100_delay_median_cap1,city,d100_median_city_qnehvi,182,22672160.000000007,1635.4212206087543,1.3808088174301283,1.409609005693276,false
d100_delay_median_cap1,city,d100_median_city_qnehvi,183,22333694.0,1488.6164737199867,1.3601951292239622,1.2830744525853617,false
d100_delay_median_cap1,city,d100_median_city_qnehvi,184,22708240.000000004,1562.9254782600055,1.3830062076273077,1.3471231763537392,false
d100_delay_median_cap1,city,d100_median_city_qnehvi,185,23209286.666666664,1742.7300527755324,1.4135215910436778,1.50210107703647,false
d100_delay_median_cap1,city,d100_median_city_qnehvi,186,23862908.000000004,2015.3282638823491,1.4533292714908481,1.737060051806905,false
d100_delay_median_cap1,city,d100_median_city_qnehvi,187,22822044.666666668,1672.341353808718,1.389937284648554,1.4414313592216792,false
d100_delay_median_cap1,city,d100_median_city_qnehvi,188,22876186.0,1556.8092147647824,1.3932346692142104,1.3418514212881849,false
d100_delay_median_cap1,city,d100_median_city_qnehvi,189,23631568.0,1772.3877092366092,1.4392399076267837,1.5276637266514299,false
d100_delay_median_cap1,city,d100_median_city_qnehvi,190,23053428.0,1739.7431000759284,1.4040292876545772,1.4995265504424138,false
d100_delay_median_cap1,city,d100_median_city_qnehvi,191,22233412.666666668,1748.707107899182,1.3540876675048177,1.5072528450480687,false
d100_delay_median_cap1,city,d100_median_city_qnehvi,192,21350433.33333333,1527.388814452341,1.3003113334865657,1.3164932684716999,false
d100_delay_median_cap1,city,d100_median_city_qnehvi,193,20945743.333333336,1600.4701752477115,1.2756643867322295,1.3794838564788239,false
d100_delay_median_cap1,city,d100_median_city_qnehvi,194,21947766.0,1541.9308628468268,1.3366908497334691,1.3290274108197273,false
d100_delay_median_cap1,city,d100_median_city_qnehvi,195,21539524.666666664,1589.3582601567691,1.311827615145053,1.3699062287794224,false
d100_delay_median_cap1,city,d100_median_city_qnehvi,196,21103924.0,1598.7885212613992,1.2852981075281442,1.3780343983369738,false
d100_delay_median_cap1,city,d100_median_city_qnehvi,197,21137013.33333334,1512.0799036623218,1.2873133563279748,1.3032981489238851,false
d100_delay_median_cap1,city,d100_median_city_qnehvi,198,20843800.000000004,1498.3299744571484,1.2694557037684151,1.2914467532155407,false
d100_delay_median_cap1,city,d100_median_city_qnehvi,199,21346336.0,1632.7855657091643,1.3000617924638045,1.4073372711483503,false
d100_delay_median_cap1,city,d100_median_city_qnehvi,200,21375589.33333333,1542.7316196781155,1.3018434162969936,1.329717602451419,false
d100_delay_median_cap1,city,d100_median_city_qnehvi,201,21365524.0,1555.478993260411,1.3012304045232133,1.3407048712810674,false
d100_delay_median_cap1,city,d100_median_city_qnehvi,202,21383834.666666668,1600.8403976114223,1.3023455841085001,1.3798029600659729,false
d100_delay_median_cap1,city,d100_median_city_qnehvi,203,21391172.0,1672.0699037129343,1.302792451745421,1.4411973898352048,false
d100_delay_median_cap1,city,d100_median_city_qnehvi,204,21576475.33333333,1522.8192743922204,1.3140780317945144,1.3125546716506167,false
d100_delay_median_cap1,city,d100_median_city_qnehvi,205,21474085.999999996,1563.8931281602993,1.3078421859696148,1.3479572171480152,false
d100_delay_median_cap1,city,d100_median_city_qnehvi,206,21895247.333333336,1528.497233487613,1.3334922908836284,1.317448641579565,false
d100_delay_median_cap1,city,d100_median_city_qnehvi,207,21049774.666666664,1966.8736281356128,1.2820002357362801,1.6952958322557103,false
d100_delay_median_cap1,city,d100_median_city_qnehvi,208,20873592.000000004,1489.2201228043402,1.2712701341662631,1.2835947522946112,false
d100_delay_median_cap1,city,d100_median_city_qnehvi,209,21256845.333333336,1528.9929791591696,1.2946115176946149,1.3178759367340818,false
d100_delay_median_cap1,city,d100_median_city_qnehvi,210,21850624.666666664,1512.5187491298466,1.3307746243008862,1.3036764004197903,false
d100_delay_median_cap1,city,d100_median_city_qnehvi,211,21823476.666666668,1538.6772554625763,1.3291212221647164,1.3262230481197483,false
d100_delay_median_cap1,city,d100_median_city_qnehvi,212,21971816.0,1662.687875146694,1.3381555735206687,1.4331107930661344,false
d100_delay_median_cap1,city,d100_median_city_qnehvi,213,21922246.0,1516.5476779416456,1.3351365981305863,1.3071490313633312,false
d100_delay_median_cap1,city,d100_median_city_qnehvi,214,21135384.0,1610.4171910462765,1.2872141245903188,1.388057429374137,false
d100_delay_median_cap1,city,d100_median_city_qnehvi,215,21341224.000000004,1657.015618906641,1.2997504549170202,1.4282217385657885,false
d100_delay_median_cap1,city,d100_median_city_qnehvi,216,21025298.66666667,1593.141661155349,1.2805095671535156,1.3731672333772236,false
d100_delay_median_cap1,city,d100_median_city_qnehvi,217,21584016.666666664,1529.2968597406664,1.3145373236997344,1.3181378587385995,false
d100_delay_median_cap1,city,d100_median_city_qnehvi,218,21238508.0,1575.668892022102,1.2934947140219684,1.3581070321188249,false
d100_delay_median_cap1,city,d100_median_city_qnehvi,219,21806400.0,1509.871754390856,1.3280811972219826,1.3013948917937039,false
d100_delay_median_cap1,city,d100_median_city_qnehvi,220,21166896.000000004,1544.45937007045,1.2891333086228445,1.3312067921977266,false
d100_delay_median_cap1,city,d100_median_city_qnehvi,221,21527944.000000004,1569.8659905968589,1.3111223146070785,1.3531053713814594,false
d100_delay_median_cap1,city,d100_median_city_qnehvi,222,21912235.333333336,1518.4638246576626,1.3345269157358921,1.3088006044462106,false
d100_delay_median_cap1,city,d100_median_city_qnehvi,223,21950714.000000004,1705.5215536779797,1.3368703925910441,1.4700301739839117,false
d100_delay_median_cap1,city,d100_median_city_qnehvi,224,21868978.66666667,1531.5621507772714,1.3318924430281323,1.3200903677347384,false
d100_delay_median_cap1,city,d100_median_city_qnehvi,225,21706474.666666664,1661.695781412145,1.3219954170690849,1.4322556835413893,false
d100_delay_median_cap1,city,d100_median_city_qnehvi,226,21106122.666666668,1498.4898636427724,1.2854320135309214,1.2915845655620659,false
d100_delay_median_cap1,city,d100_median_city_qnehvi,227,21830584.0,1522.720814636645,1.3295540820481628,1.3124698068118774,false
d100_delay_median_cap1,city,d100_median_city_qnehvi,228,21865633.33333333,1501.0759442887454,1.3316887012689034,1.2938135708617866,false
d100_delay_median_cap1,city,d100_median_city_qnehvi,229,21710337.333333336,1604.75236589552,1.3222306661230849,1.3831747799089353,false
d100_delay_median_cap1,city,d100_median_city_qnehvi,230,21889555.333333336,1520.6636980810345,1.3331456294367783,1.3106967284232589,false
d100_delay_median_cap1,city,d100_median_city_qnehvi,231,21890738.66666667,1525.5349537238276,1.333217698313349,1.3148953811841417,false
d100_delay_median_cap1,city,d100_median_city_qnehvi,232,21075518.666666668,1520.7272597832089,1.2835681296729817,1.3107515137878321,false
d100_delay_median_cap1,city,d100_median_city_qnehvi,233,21639060.0,1585.2349926134214,1.3178896430203202,1.3663522850071737,false
d100_delay_median_cap1,city,d100_median_city_qnehvi,234,21865190.666666668,1526.988106318516,1.3316617414187388,1.3161478884637998,false
d100_delay_median_cap1,city,d100_median_city_qnehvi,235,21933052.0,1508.556645735007,1.3357947189307722,1.3002613679153356,false
d100_delay_median_cap1,city,d100_median_city_qnehvi,236,21929353.33333333,1512.4171070647508,1.3355694580140323,1.3035887926717,false
d100_delay_median_cap1,city,d100_median_city_qnehvi,237,21547351.33333333,1654.0351096358525,1.3123042847850175,1.4256527657184799,false
d100_delay_median_cap1,city,d100_median_city_qnehvi,238,21732197.33333333,1652.657778694905,1.3235620117358986,1.4244656109514304,false
d100_delay_median_cap1,city,d100_median_city_qnehvi,239,21453503.33333333,1601.6903989595996,1.3065886341413124,1.3805355967348283,false
d100_delay_median_cap1,city,d100_median_city_qnehvi,240,21848143.33333333,1535.7447446592,1.3306235029721001,1.3236954463094981,false
d100_delay_median_cap1,city,d100_median_city_qnehvi,241,21843904.666666668,1522.1483778162938,1.3303653542863341,1.3119764097059885,false
d100_delay_median_cap1,city,d100_median_city_qnehvi,242,21859965.33333333,1527.1002431416505,1.3313435015006769,1.3162445418970368,false
d100_delay_median_cap1,city,d100_median_city_qnehvi,243,21818602.666666664,1473.5825964633962,1.3288243795976136,1.2701163910753801,false
d100_delay_median_cap1,city,d100_median_city_qnehvi,244,21870492.0,1528.0070608792455,1.3319846099857744,1.3170261499826652,false
d100_delay_median_cap1,city,d100_median_city_qnehvi,245,21931998.0,1510.209475597189,1.3357305268778947,1.3016859818491964,false
d100_delay_median_cap1,city,d100_median_city_qnehvi,246,21919327.33333333,1522.3530257948678,1.334958841769107,1.3121528007359933,false
d100_delay_median_cap1,city,d100_median_city_qnehvi,247,21514388.666666664,1556.4092215669166,1.3102967504001446,1.3415066575008361,false
d100_delay_median_cap1,city,d100_median_city_qnehvi,248,21845898.0,1529.1985324560142,1.3304867548164441,1.3180531080797451,false
d100_delay_median_cap1,city,d100_median_city_qnehvi,249,21873922.666666668,1512.7576165438766,1.3321935488245529,1.3038822860067822,false
d100_delay_median_cap1,city,d100_median_city_qnehvi,250,21625576.666666664,1597.5478167019114,1.3170684638492569,1.3769650051443088,false
d100_delay_median_cap1,city,d100_median_city_qnehvi,251,21879722.666666668,1515.4121619799855,1.3325467878252082,1.3061703027608802,false
d100_delay_median_cap1,city,d100_median_city_qnehvi,252,21607968.0,1509.819269641653,1.3159960383637048,1.3013496539221356,false
d100_delay_median_cap1,city,d100_median_city_qnehvi,253,21910576.666666668,1542.3928033266182,1.3344258975021419,1.329425568463888,false
d100_delay_median_cap1,city,d100_median_city_qnehvi,254,21491780.000000004,1524.6072767043224,1.3089198085347176,1.3140957939801907,false
d100_delay_median_cap1,city,d100_median_city_qnehvi,255,21800927.33333333,2077.044485465615,1.3277478938936631,1.7902547521353933,false
d100_delay_median_cap1,city,d100_median_city_qnehvi,256,20791180.66666667,1438.4232933995306,1.2662510139887926,1.2398117395225059,false
d100_delay_median_cap1,city,d100_median_city_qnehvi,257,19887566.666666668,1523.7099825588332,1.2112179611718878,1.3133223945083612,false
d100_delay_median_cap1,city,d100_median_city_qnehvi,258,21546314.0,1473.6022365346848,1.3122411077867397,1.2701333193266537,false
d100_delay_median_cap1,city,d100_median_city_qnehvi,259,20658697.33333333,1504.2427060065197,1.2581823449766993,1.296543079186619,false
d100_delay_median_cap1,city,d100_median_city_qnehvi,260,20508834.666666668,1400.4351949311636,1.2490552176303453,1.2070688809638768,false
d100_delay_median_cap1,city,d100_median_city_qnehvi,261,20132185.33333333,1584.356868107649,1.2261160393365322,1.3655954083102966,false
d100_delay_median_cap1,city,d100_median_city_qnehvi,262,20691438.666666664,1508.401260870358,1.2601763994364903,1.3001274379517289,false
d100_delay_median_cap1,city,d100_median_city_qnehvi,263,21021054.0,1465.6078368157796,1.2802510530480933,1.2632427533385922,false
d100_delay_median_cap1,city,d100_median_city_qnehvi,264,21102825.33333333,1404.583629570988,1.2852311951289395,1.2106445168637523,false
d100_delay_median_cap1,city,d100_median_city_qnehvi,265,20015329.333333336,1487.4318144537754,1.2189991261191941,1.2820533661831024,false
d100_delay_median_cap1,city,d100_median_city_qnehvi,266,20971691.333333336,1514.8278010191575,1.27724470493723,1.3056666279506368,false
d100_delay_median_cap1,city,d100_median_city_qnehvi,267,20189477.33333333,1743.595805810426,1.2296053098236941,1.5028472904641268,false
d100_delay_median_cap1,city,d100_median_city_qnehvi,268,21374782.0,1544.697435059324,1.3017942470521902,1.3314119861551175,false
d100_delay_median_cap1,city,d100_median_city_qnehvi,269,20276901.33333333,1590.0803824357072,1.2349297178225356,1.370528643393331,false
d100_delay_median_cap1,city,d100_median_city_qnehvi,270,20376702.666666668,1480.3756258211165,1.2410079459692123,1.2759714669652584,false
d100_delay_median_cap1,city,d100_median_city_qnehvi,271,20773750.666666664,1563.8886205757908,1.2651894698885475,1.3479533319521786,false
d100_delay_median_cap1,city,d100_median_city_qnehvi,272,20460102.666666668,1456.7050845879326,1.24608727918553,1.2555692564084509,false
d100_delay_median_cap1,city,d100_median_city_qnehvi,273,21070135.333333336,1521.0091956211083,1.283240267037316,1.310994521088412,false
d100_delay_median_cap1,city,d100_median_city_qnehvi,274,20361212.666666668,1642.7865859404037,1.2400645542243589,1.4159573917670789,false
d100_delay_median_cap1,city,d100_median_city_qnehvi,275,19561939.333333336,1845.398141635356,1.1913861898248737,1.5905931797623081,false
d100_delay_median_cap1,city,d100_median_city_qnehvi,276,20042349.33333333,1531.797590806801,1.2206447326360392,1.320293299176341,false
d100_delay_median_cap1,city,d100_median_city_qnehvi,277,20392691.999999996,1522.037038890467,1.2419817487498686,1.3118804439996914,false
d100_delay_median_cap1,city,d100_median_city_qnehvi,278,20076508.66666666,1678.2697981134834,1.2227251479411625,1.4465412283957122,false
d100_delay_median_cap1,city,d100_median_city_qnehvi,279,20848148.666666668,1410.8575770353968,1.269720551814538,1.216052183546581,false
d100_delay_median_cap1,city,d100_median_city_qnehvi,280,19721198.666666668,1485.1624535556125,1.2010856049544734,1.2800973492750989,false
d100_delay_median_cap1,city,d100_median_city_qnehvi,281,21042560.666666668,1578.7291048536867,1.2815608795033964,1.3607447033880862,false
d100_delay_median_cap1,city,d100_median_city_qnehvi,282,20311179.33333334,1498.2570827331697,1.2370173603164083,1.2913839260800812,false
d100_delay_median_cap1,city,d100_median_city_qnehvi,283,21519604.66666667,1488.5395534016272,1.3106144218876308,1.2830081531072124,false
d100_delay_median_cap1,city,d100_median_city_qnehvi,284,20476915.33333333,1490.1794001845433,1.2471112256634058,1.2844215766118281,false
d100_delay_median_cap1,city,d100_median_city_qnehvi,285,21296694.666666664,1544.1295461904656,1.2970384726400355,1.3309225090383423,false
d100_delay_median_cap1,city,d100_median_city_qnehvi,286,20568482.666666664,1524.7437439370185,1.2526879762357042,1.3142134183804162,false
d100_delay_median_cap1,city,d100_median_city_qnehvi,287,19742434.666666668,1567.3996928844276,1.2023789469230795,1.3509796098820031,false
d100_delay_median_cap1,city,d100_median_city_qnehvi,288,21099683.33333333,1492.9176796739218,1.2850398370358258,1.286781765766581,false
d100_delay_median_cap1,city,d100_median_city_qnehvi,289,21231067.333333336,1379.5608007760711,1.2930415530465302,1.1890767370326294,false
d100_delay_median_cap1,city,d100_median_city_qnehvi,290,20547652.0,1636.0431392559965,1.2514193203949604,1.4101450523795449,false
d100_delay_median_cap1,city,d100_median_city_qnehvi,291,20396140.0,1504.9684464537777,1.2421917432454308,1.2971686123870929,false
d100_delay_median_cap1,city,d100_median_city_qnehvi,292,21636905.333333336,1501.870197604959,1.317758416761686,1.2944981569569334,false
d100_delay_median_cap1,city,d100_median_city_qnehvi,293,20366730.66666667,1485.3901618729333,1.2404006185011895,1.2802936165674159,false
d100_delay_median_cap1,city,d100_median_city_qnehvi,294,20768640.0,1657.5208234351735,1.2648782135461312,1.4286571865373334,false
d100_delay_median_cap1,city,d100_median_city_qnehvi,295,21131397.33333333,1502.8235887467315,1.2869713235300981,1.2953199077832371,false
d100_delay_median_cap1,city,d100_median_city_qnehvi,296,20970117.333333336,1476.4928150759513,1.2771488431808451,1.272624778708547,false
d100_delay_median_cap1,city,d100_median_city_qnehvi,297,21157470.66666667,1641.0064246188983,1.2885592749456878,1.4144230277764691,false
d100_delay_median_cap1,city,d100_median_city_qnehvi,298,20701431.33333333,2012.591799498724,1.2607849855722166,1.7347014271355916,false
d100_delay_median_cap1,city,d100_median_city_qnehvi,299,21030225.33333333,1588.9912150800542,1.280809617293152,1.3695898637725896,false
d100_delay_median_cap1,city,d100_median_city_qnehvi,300,21282874.666666664,1474.5660264426283,1.2961967893660604,1.270964033100398,false
d100_delay_median_cap1,city,d100_median_city_qnehvi,301,20742521.33333333,1499.1953937810142,1.2632875011820308,1.2921926790096114,false
d100_delay_median_cap1,city,d100_median_city_qnehvi,302,20647001.33333334,1493.8115551280073,1.2574700202608964,1.287552218585811,false
d100_delay_median_cap1,city,d100_median_city_qnehvi,303,19756626.0,1656.6388166299212,1.2032432456135329,1.427896963592872,false
d100_delay_median_cap1,city,d100_median_city_qnehvi,304,20440012.0,1457.524897585486,1.2448636917690075,1.2562758730095895,false
d100_delay_median_cap1,city,d100_median_city_qnehvi,305,20604092.0,1452.98532652235,1.254856701290991,1.2523631071900292,false
d100_delay_median_cap1,city,d100_median_city_qnehvi,306,20931389.333333336,1557.1518315085082,1.274790181108884,1.342146730925464,false
d100_delay_median_cap1,city,d100_median_city_qnehvi,307,20668137.333333336,1472.326657703563,1.2587572719019045,1.269033867157902,false
d100_delay_median_cap1,city,d100_median_city_qnehvi,308,20426621.333333336,1689.2488628269548,1.244048156301518,1.4560043491496655,false
d100_delay_median_cap1,city,d100_median_city_qnehvi,309,20449796.666666664,1495.1513796307402,1.2454596100233313,1.2887070456488952,false
d100_delay_median_cap1,city,d100_median_city_qnehvi,310,20160533.333333336,1458.5500287422185,1.2278425254038732,1.2571594582855643,false
d100_delay_median_cap1,city,d100_median_city_qnehvi,311,19908549.333333336,1398.9635072657725,1.21249587431058,1.2058003978596092,false
d100_delay_median_cap1,city,d100_median_city_qnehvi,312,20506484.0,1496.3891497239458,1.2489120543296202,1.2897739095542755,false
d100_delay_median_cap1,city,d100_median_city_qnehvi,313,20459196.0,1526.3270329510058,1.2460320602153125,1.3155780933794972,false
d100_delay_median_cap1,city,d100_median_city_qnehvi,314,19941105.33333333,1977.787457182921,1.2144786413632227,1.7047027248151425,false
d100_delay_median_cap1,city,d100_median_city_qnehvi,315,20564161.333333336,1543.2136061513045,1.2524247928791241,1.3301330382209124,false
d100_delay_median_cap1,city,d100_median_city_qnehvi,316,20502722.0,1577.6505554861244,1.2486829362054019,1.3598150756674463,false
d100_delay_median_cap1,city,d100_median_city_qnehvi,317,20503595.333333336,1936.352781429207,1.2487361250664204,1.6689891781432491,false
d100_delay_median_cap1,city,d100_median_city_qnehvi,318,21361341.333333336,1522.374459254292,1.3009756664209018,1.312171274751768,false
d100_delay_median_cap1,city,d100_median_city_qnehvi,319,20252793.33333334,1539.9604900690786,1.2334614616453301,1.3273290989860014,false
d100_delay_median_cap1,city,d100_median_city_qnehvi,320,19947990.666666664,1367.633322682338,1.2148979807194031,1.1787961559051099,false
d100_delay_median_cap1,city,d100_median_city_qnehvi,321,18270867.33333333,1466.5797020243288,1.1127556755052339,1.2640804274087509,false
d100_delay_median_cap1,city,d100_median_city_qnehvi,322,21220957.333333336,1346.8601190383374,1.2924258209264226,1.1608912305166619,false
d100_delay_median_cap1,city,d100_median_city_qnehvi,323,18670896.000000004,1414.005252475716,1.1371187317891596,1.2187652409484053,false
d100_delay_median_cap1,city,d100_median_city_qnehvi,324,20884060.66666666,1428.3585887311283,1.271907710261353,1.2311367277509562,false
d100_delay_median_cap1,city,d100_median_city_qnehvi,325,18676070.666666664,1407.1233633872048,1.1374338859412378,1.2128335747127574,false
d100_delay_median_cap1,city,d100_median_city_qnehvi,326,20435830.666666664,1350.212134925417,1.2446090348710639,1.1637804138794019,false
d100_delay_median_cap1,city,d100_median_city_qnehvi,327,18386200.0,1588.2244073499098,1.1197798127321708,1.3689289336902195,false
d100_delay_median_cap1,city,d100_median_city_qnehvi,328,19461030.000000004,1371.813357424966,1.1852404808484172,1.1823990286959651,false
d100_delay_median_cap1,city,d100_median_city_qnehvi,329,18517856.000000004,1510.676608575144,1.1277980944339405,1.3020886150327968,false
d100_delay_median_cap1,city,d100_median_city_qnehvi,330,18380593.333333336,1445.68602123847,1.1194383483648709,1.2460716598651427,false
d100_delay_median_cap1,city,d100_median_city_qnehvi,331,18491981.33333333,1369.1412539933629,1.1262222424691775,1.1800958782819517,false
d100_delay_median_cap1,city,d100_median_city_qnehvi,332,19895660.0,1464.387355371708,1.2117108716854459,1.2621907909370012,false
d100_delay_median_cap1,city,d100_median_city_qnehvi,333,20129419.33333333,1373.479941445889,1.2259475808751854,1.1838354976710732,false
d100_delay_median_cap1,city,d100_median_city_qnehvi,334,18393793.333333336,1498.4903758546498,1.1202422716077414,1.2915850070498405,false
d100_delay_median_cap1,city,d100_median_city_qnehvi,335,19007991.33333333,1282.8947626491286,1.1576489419050551,1.1057579466370226,false
d100_delay_median_cap1,city,d100_median_city_qnehvi,336,19276212.666666668,1400.2277592175187,1.173984499791447,1.2068900871177586,false
d100_delay_median_cap1,city,d100_median_city_qnehvi,337,20276658.666666664,1344.734471174699,1.2349149386275657,1.1590590833402898,false
d100_delay_median_cap1,city,d100_median_city_qnehvi,338,18028608.000000004,1331.0044622119103,1.0980012884697068,1.1472248573694466,false
d100_delay_median_cap1,city,d100_median_city_qnehvi,339,18017850.0,1464.8155055412162,1.0973460910267672,1.2625598238975146,false
d100_delay_median_cap1,city,d100_median_city_qnehvi,340,18320313.33333333,1340.227109196416,1.1157670988890955,1.155174079308031,false
d100_delay_median_cap1,city,d100_median_city_qnehvi,341,19936754.666666664,1427.9339162692531,1.2142136715105476,1.2307706923105541,false
d100_delay_median_cap1,city,d100_median_city_qnehvi,342,19982474.666666668,1400.491512382746,1.2169981692881264,1.2071174223340926,false
d100_delay_median_cap1,city,d100_median_city_qnehvi,343,18664122.666666668,1550.3500227755987,1.1367062135998884,1.3362840878803022,false
d100_delay_median_cap1,city,d100_median_city_qnehvi,344,19847674.666666668,1345.435656502336,1.2087884076866917,1.1596634518907538,false
d100_delay_median_cap1,city,d100_median_city_qnehvi,345,18271089.33333333,1432.2125670623425,1.1127691960325006,1.2344585646544817,false
d100_delay_median_cap1,city,d100_median_city_qnehvi,346,20605170.666666664,1356.296357039378,1.2549223956246762,1.1690245517054265,false
d100_delay_median_cap1,city,d100_median_city_qnehvi,347,18437878.0,1467.327401983675,1.1229271722280085,1.264724888042482,false
d100_delay_median_cap1,city,d100_median_city_qnehvi,348,18605715.33333333,1541.0185311492148,1.1331490156589221,1.3282410501189321,false
d100_delay_median_cap1,city,d100_median_city_qnehvi,349,18293433.333333336,1467.005726288743,1.1141300188308869,1.2644476280003751,false
d100_delay_median_cap1,city,d100_median_city_qnehvi,350,20238466.0,1373.1639086608352,1.2325888801093432,1.1835631013891292,false
d100_delay_median_cap1,city,d100_median_city_qnehvi,351,19900692.000000004,1421.6378211646113,1.2120173369701526,1.2253439360422815,false
d100_delay_median_cap1,city,d100_median_city_qnehvi,352,19224565.333333336,1315.590100874198,1.1708390079960724,1.1339388474505088,false
d100_delay_median_cap1,city,d100_median_city_qnehvi,353,18265396.666666664,1602.832196192206,1.1124224939834668,1.3815197393162477,false
d100_delay_median_cap1,city,d100_median_city_qnehvi,354,20660217.333333336,1439.538852283725,1.2582749179561821,1.2407732666384108,false
d100_delay_median_cap1,city,d100_median_city_qnehvi,355,19085164.000000004,1489.3247274069115,1.162349010120785,1.2836849135252248,false
d100_delay_median_cap1,city,d100_median_city_qnehvi,356,19882711.333333336,1434.2808102077129,1.2109222554659373,1.2362412333192505,false
d100_delay_median_cap1,city,d100_median_city_qnehvi,357,17978988.0,1317.797649723462,1.0949792679158252,1.1358415870623086,false
d100_delay_median_cap1,city,d100_median_city_qnehvi,358,19313850.0,1429.929599646338,1.1762767366904112,1.2324908199604838,false
d100_delay_median_cap1,city,d100_median_city_qnehvi,359,18339890.0,1567.08169804617,1.1169593820217671,1.3507055224590669,false
d100_delay_median_cap1,city,d100_median_city_qnehvi,360,19188036.666666668,1327.0889952992254,1.1686142925290723,1.1438500219740981,false
d100_delay_median_cap1,city,d100_median_city_qnehvi,361,20879662.666666664,1354.7325111198202,1.2716398576536152,1.1676766351785117,false
d100_delay_median_cap1,city,d100_median_city_qnehvi,362,20098450.666666664,1261.1892565707851,1.2240614876226068,1.0870494472879839,false
d100_delay_median_cap1,city,d100_median_city_qnehvi,363,19395395.33333333,1489.802907921022,1.1812431146308873,1.284097068846767,false
d100_delay_median_cap1,city,d100_median_city_qnehvi,364,19002970.000000004,1541.36366897513,1.1573431262552929,1.3285385327377732,false
d100_delay_median_cap1,city,d100_median_city_qnehvi,365,18369636.000000004,1568.583139725269,1.1187710108689206,1.3519996512655854,false
d100_delay_median_cap1,city,d100_median_city_qnehvi,366,20246674.0,1315.4437601992356,1.2330887741985463,1.1338127128921904,false
d100_delay_median_cap1,city,d100_median_city_qnehvi,367,19555156.66666667,1360.858696168379,1.1909731032050273,1.1729569418702506,false
d100_delay_median_cap1,city,d100_median_city_qnehvi,368,19837502.666666664,1476.3303486039194,1.2081688995634738,1.2724847449366885,false
d100_delay_median_cap1,city,d100_median_city_qnehvi,369,18858242.666666668,1608.31753405448,1.1485287575321619,1.3862476843572527,false
d100_delay_median_cap1,city,d100_median_city_qnehvi,370,18289606.0,1320.784904363545,1.1138969216926387,1.1384163739061481,false
d100_delay_median_cap1,city,d100_median_city_qnehvi,371,19546804.000000004,1329.6711555261254,1.1904643984418997,1.1460756481700372,false
d100_delay_median_cap1,city,d100_median_city_qnehvi,372,19892874.0,1494.2487969349618,1.2115411951585793,1.2879290878479817,false
d100_delay_median_cap1,city,d100_median_city_qnehvi,373,18886494.000000004,1297.363556412343,1.1502493562828249,1.1182289490510393,false
d100_delay_median_cap1,city,d100_median_city_qnehvi,374,18464483.33333333,1362.7120084780945,1.1245475241864162,1.1745543564624159,false
d100_delay_median_cap1,city,d100_median_city_qnehvi,375,19914418.666666668,1360.6805733519968,1.2128533359383695,1.1728034135174765,false
d100_delay_median_cap1,city,d100_median_city_qnehvi,376,19031168.0,1492.2134626067254,1.1590604768312367,1.286174784086648,false
d100_delay_median_cap1,city,d100_median_city_qnehvi,377,19484936.666666664,1342.30152296098,1.1866964751660598,1.1569620665783531,false
d100_delay_median_cap1,city,d100_median_city_qnehvi,378,18893971.333333336,1447.7312907730775,1.150704750378382,1.2478345270205411,false
d100_delay_median_cap1,city,d100_median_city_qnehvi,379,19109348.0,1434.2035031626262,1.163821894946965,1.2361746005120053,false
d100_delay_median_cap1,city,d100_median_city_qnehvi,380,20399215.33333333,1292.2102953870424,1.2423790411201459,1.1137872290474014,false
d100_delay_median_cap1,city,d100_median_city_qnehvi,381,19717856.000000004,1441.103733122218,1.2008820256039809,1.2421220751869242,false
d100_delay_median_cap1,city,d100_median_city_qnehvi,382,17454831.333333332,1280.758986667739,1.0630564097916713,1.1039170697916132,false
d100_delay_median_cap1,city,d100_median_city_qnehvi,383,17677765.333333336,1402.573513119638,1.0766338207178898,1.2089119489989055,false
d100_delay_median_cap1,city,d100_median_city_qnehvi,384,18414512.666666668,1100.8283651215954,1.1215041468837601,0.94883052613222307,false
d100_delay_median_cap1,city,d100_median_city_qnehvi,385,15889020.666666666,1113.3832994436525,0.96769341063501924,0.95965192692074386,false
d100_delay_median_cap1,city,d100_median_city_qnehvi,386,18662350.000000004,1007.0342491988532,1.136598252392677,0.8679871147714957,false
d100_delay_median_cap1,city,d100_median_city_qnehvi,387,18665114.0,1203.698182315742,1.1367665890474716,1.0374965033762473,false
d100_delay_median_cap1,city,d100_median_city_qnehvi,388,16770341.33333333,1193.720377455481,1.0213687264195201,1.0288963926458516,false
d100_delay_median_cap1,city,d100_median_city_qnehvi,389,15829180.666666668,1131.0299236266867,0.96404895860067341,0.97486197804092578,false
d100_delay_median_cap1,city,d100_median_city_qnehvi,390,15736730.666666666,1061.4052462346303,0.95841845073678134,0.91485078885395954,false
d100_delay_median_cap1,city,d100_median_city_qnehvi,391,19111240.000000004,1133.6884212797129,1.16393712394511,0.97715340130613559,false
d100_delay_median_cap1,city,d100_median_city_qnehvi,392,15862518.666666664,1148.194695085131,0.96607935201512907,0.9896567086727589,false
d100_delay_median_cap1,city,d100_median_city_qnehvi,393,16181429.333333334,1174.845236959192,0.98550205635851129,1.0126274536764828,false
d100_delay_median_cap1,city,d100_median_city_qnehvi,394,18357648.000000004,1093.6095682777564,1.1180409023965319,0.94260847097412859,false
d100_delay_median_cap1,city,d100_median_city_qnehvi,395,15942629.999999998,1109.2708328251383,0.97095839465785683,0.95610729272618888,false
d100_delay_median_cap1,city,d100_median_city_qnehvi,396,18475702.0,1118.5388364738922,1.1252307777384885,0.96409560866794886,false
d100_delay_median_cap1,city,d100_median_city_qnehvi,397,17638199.333333336,1157.6468106154723,1.0742241217006616,0.99780371508708365,false
d100_delay_median_cap1,city,d100_median_city_qnehvi,398,15875280.0,1141.3914211114477,0.96685655902093837,0.98379280270122405,false
d100_delay_median_cap1,city,d100_median_city_qnehvi,399,16522539.33333333,1170.107418720388,1.0062767728263546,1.0085438138333662,false
d100_delay_median_cap1,city,d100_median_city_qnehvi,400,15511228.666666666,1033.003660991932,0.94468464019785925,0.8903707773256937,false
d100_delay_median_cap1,city,d100_median_city_qnehvi,401,16451972.666666666,1246.632461673249,1.0019790316517168,1.0745025945732083,false
d100_delay_median_cap1,city,d100_median_city_qnehvi,402,16483389.999999996,1112.8373443557623,1.0038924501741162,0.95918135505895308,false
d100_delay_median_cap1,city,d100_median_city_qnehvi,403,17403666.666666668,1270.5233422030185,1.059940313977501,1.0950947208855779,false
d100_delay_median_cap1,city,d100_median_city_qnehvi,404,16331524.666666662,1166.8923177029396,0.99464335386707559,1.0057726406999259,false
d100_delay_median_cap1,city,d100_median_city_qnehvi,405,16936545.333333332,1102.24233526731,1.0314910944996749,0.95004926111380716,false
d100_delay_median_cap1,city,d100_median_city_qnehvi,406,18233678.0,1055.023647660665,1.1104907232739067,0.9093503350826474,false
d100_delay_median_cap1,city,d100_median_city_qnehvi,407,15544382.666666668,1094.9210164029505,0.94670382740953574,0.94373883975281248,false
d100_delay_median_cap1,city,d100_median_city_qnehvi,408,15204121.999999998,1040.596250973133,0.92598083812408649,0.89691501380689431,false
d100_delay_median_cap1,city,d100_median_city_qnehvi,409,17768482.66666667,1154.472517034903,1.0821588035056091,0.99506771486799683,false
d100_delay_median_cap1,city,d100_median_city_qnehvi,410,15457170.666666668,1044.5631467670155,0.94139233090520102,0.90033417699570395,false
d100_delay_median_cap1,city,d100_median_city_qnehvi,411,17189544.666666664,1172.0969023162338,1.0468995827191747,1.0102585977422722,false
d100_delay_median_cap1,city,d100_median_city_qnehvi,412,17911221.333333336,1107.7858913766718,1.0908520559139172,0.95482738586653193,false
d100_delay_median_cap1,city,d100_median_city_qnehvi,413,15944358.666666668,1104.5340451741074,0.97106367612092581,0.9520245411715379,false
d100_delay_median_cap1,city,d100_median_city_qnehvi,414,17335517.333333336,1200.8184725161482,1.0557897963219864,1.0350144120250175,false
d100_delay_median_cap1,city,d100_median_city_qnehvi,415,15612897.333333336,1118.2455888023055,0.95087659506187305,0.96384285142500858,false
d100_delay_median_cap1,city,d100_median_city_qnehvi,416,16543047.999999998,1182.532892066486,1.0075258178122348,1.0192536290833738,false
d100_delay_median_cap1,city,d100_median_city_qnehvi,417,18252918.666666664,1113.7359357035089,1.1116625429058504,0.95995587262070403,false
d100_delay_median_cap1,city,d100_median_city_qnehvi,418,16947435.333333336,1323.752830321591,1.0321543311750432,1.1409745008926233,false
d100_delay_median_cap1,city,d100_median_city_qnehvi,419,15059464.000000002,1023.357563423885,0.91717069202809032,0.88205657311312147,false
d100_delay_median_cap1,city,d100_median_city_qnehvi,420,15467468.666666666,1053.3429270301826,0.94201951284119179,0.90790168142270522,false
d100_delay_median_cap1,city,d100_median_city_qnehvi,421,17017266.666666668,1095.865179363903,1.0364072881407478,0.94455263658743194,false
d100_delay_median_cap1,city,d100_median_city_qnehvi,422,16151512.0,1182.5196762617247,0.98367999275007412,1.0192422380624095,false
d100_delay_median_cap1,city,d100_median_city_qnehvi,423,18210712.0,1203.4315032345658,1.1090920186378641,1.037266646242367,false
d100_delay_median_cap1,city,d100_median_city_qnehvi,424,17452540.0,1289.1257935337346,1.0629168600853207,1.111128622484328,false
d100_delay_median_cap1,city,d100_median_city_qnehvi,425,18154820.0,1095.7072985548732,1.1056880127370674,0.94441655530914714,false
d100_delay_median_cap1,city,d100_median_city_qnehvi,426,15095226.666666668,1001.4256150858596,0.91934875558569329,0.86315289771738923,false
d100_delay_median_cap1,city,d100_median_city_qnehvi,427,16293937.999999996,1186.103477112445,0.99235420273409403,1.0223312024772815,false
d100_delay_median_cap1,city,d100_median_city_qnehvi,428,16309776.0,1273.9881625556134,0.99331878881898694,1.0980811331386298,false
d100_delay_median_cap1,city,d100_median_city_qnehvi,429,17938334.666666668,1165.5599663781134,1.0925033467365204,1.0046242549491753,false
d100_delay_median_cap1,city,d100_median_city_qnehvi,430,15813310.666666666,1053.9853297436837,0.96308242361094953,0.90845538381987456,false
d100_delay_median_cap1,city,d100_median_city_qnehvi,431,16173194.666666668,1128.3489426315457,0.98500053818194888,0.97255117584072182,false
d100_delay_median_cap1,city,d100_median_city_qnehvi,432,17437216.666666664,1198.6623539298662,1.0619836188864631,1.0331560013976719,false
d100_delay_median_cap1,city,d100_median_city_qnehvi,433,16464804.666666666,1195.3010708487104,1.0027605424890285,1.0302588304167803,false
d100_delay_median_cap1,city,d100_median_city_qnehvi,434,16136204.0,1083.7665186294223,0.9827476854014483,0.93412450901195432,false
d100_delay_median_cap1,city,d100_median_city_qnehvi,435,16446836.66666667,1088.457660243357,1.0016662324263093,0.93816791714599035,false
d100_delay_median_cap1,city,d100_median_city_qnehvi,436,15940270.66666667,1095.0679075919577,0.97081470352874011,0.94386544881246781,false
d100_delay_median_cap1,city,d100_median_city_qnehvi,437,16106119.333333332,1202.199192661384,0.98091543064483133,1.0362044880290098,false
d100_delay_median_cap1,city,d100_median_city_qnehvi,438,15563046.666666668,1046.1445749799918,0.94784052615233383,0.90169724812550067,false
d100_delay_median_cap1,city,d100_median_city_qnehvi,439,15741917.999999996,1089.9811854624995,0.95873437633035563,0.93948108028845267,false
d100_delay_median_cap1,city,d100_median_city_qnehvi,440,17753284.000000004,947.509296429498,1.0812331549151566,0.8166811218995691,false
d100_delay_median_cap1,city,d100_median_city_qnehvi,441,16467737.33333334,1257.236582701156,1.0029391514963715,1.0836425423188019,false
d100_delay_median_cap1,city,d100_median_city_qnehvi,442,16989413.333333332,1085.694238317007,1.0347109288939229,0.93578605711823348,false
d100_delay_median_cap1,city,d100_median_city_qnehvi,443,15860523.333333332,1124.34355336231,0.96595782967846677,0.96909883419682397,false
d100_delay_median_cap1,city,d100_median_city_qnehvi,444,18352920.666666668,1135.4932245663194,1.1177529923099059,0.97870900480096978,false
d100_delay_median_cap1,city,d100_median_city_qnehvi,445,16748890.0,1296.437147418468,1.020062269945488,1.1174304547889704,false
d100_delay_median_cap1,city,d100_median_city_qnehvi,446,18332836.666666668,1324.9101698048155,1.1165298109152231,1.1419720397148174,false
d100_delay_median_cap1,city,d100_median_city_qnehvi,447,17982128.666666664,1236.7380698480188,1.095170544804571,1.065974379550102,false
d100_delay_median_cap1,city,d100_median_city_qnehvi,448,14049370.000000002,833.7671701969991,0.8556526583853642,0.71864403919352993,false
d100_delay_median_cap1,city,d100_median_city_qnehvi,449,13939949.333333332,835.3424087208516,0.84898858132599186,0.72000177528094056,false
d100_delay_median_cap1,city,d100_median_city_qnehvi,450,16147963.33333333,896.8990698308555,0.98346386732473046,0.77305894658801944,false
d100_delay_median_cap1,city,d100_median_city_qnehvi,451,14405582.666666666,857.2153529529395,0.87734717672916673,0.7388545936142511,false
d100_delay_median_cap1,city,d100_median_city_qnehvi,452,14033323.333333334,832.2243658523016,0.85467536381688458,0.71731425890762979,false
d100_delay_median_cap1,city,d100_median_city_qnehvi,453,14092069.33333333,855.2055375753813,0.85825318766731373,0.73712228525216927,false
d100_delay_median_cap1,city,d100_median_city_qnehvi,454,14117387.333333334,842.8800888924482,0.85979513680845021,0.72649868367250658,false
d100_delay_median_cap1,city,d100_median_city_qnehvi,455,14080627.999999998,856.2761417125089,0.85755637298579157,0.73804506478701326,false
d100_delay_median_cap1,city,d100_median_city_qnehvi,456,14011309.333333332,805.9863441088494,0.85333463909957019,0.69469907495680705,false
d100_delay_median_cap1,city,d100_median_city_qnehvi,457,14037172.666666668,839.9162503715704,0.85490980082720458,0.72394407974673958,false
d100_delay_median_cap1,city,d100_median_city_qnehvi,458,14958563.333333334,889.2502814089733,0.91102551088002526,0.7664662713149698,false
d100_delay_median_cap1,city,d100_median_city_qnehvi,459,14082221.333333334,810.3099409510558,0.85765341220551206,0.69842568738482269,false
d100_delay_median_cap1,city,d100_median_city_qnehvi,460,15646928.666666668,879.3484569729436,0.95294921474767169,0.75793164994529871,false
d100_delay_median_cap1,city,d100_median_city_qnehvi,461,13929883.333333332,851.1237759584727,0.84837552895002699,0.73360411643927714,false
d100_delay_median_cap1,city,d100_median_city_qnehvi,462,14017062.666666666,905.9202337771776,0.85368503594734657,0.78083450543507771,false
d100_delay_median_cap1,city,d100_median_city_qnehvi,463,16254426.666666672,771.7500568455755,0.98994783309595302,0.66518999299084769,false
d100_delay_median_cap1,city,d100_median_city_qnehvi,464,15882343.999999998,910.8837774753224,0.96728677976242594,0.78511270349738027,false
d100_delay_median_cap1,city,d100_median_city_qnehvi,465,14035162.666666668,853.7957361735488,0.85478738524249476,0.73590714341151087,false
d100_delay_median_cap1,city,d100_median_city_qnehvi,466,14199536.000000002,874.786237561529,0.86479825972543112,0.75399936296795045,false
d100_delay_median_cap1,city,d100_median_city_qnehvi,467,15104140.666666666,1007.0891002171624,0.91989164738773455,0.86803439218749445,false
d100_delay_median_cap1,city,d100_median_city_qnehvi,468,15539253.33333333,857.4539004447565,0.94639143420596739,0.73906020345256895,false
d100_delay_median_cap1,city,d100_median_city_qnehvi,469,13949576.666666666,852.2178421895159,0.84957491746489555,0.73454711851890608,false
d100_delay_median_cap1,city,d100_median_city_qnehvi,470,14151028.000000004,863.3465000018632,0.86184396361443416,0.74413917717381606,false
d100_delay_median_cap1,city,d100_median_city_qnehvi,471,14116285.999999998,832.8683641216184,0.85972806200050922,0.71786933655285068,false
d100_delay_median_cap1,city,d100_median_city_qnehvi,472,14167285.999999998,899.607145172814,0.86283412907523616,0.77539310205941503,false
d100_delay_median_cap1,city,d100_median_city_qnehvi,473,14008083.333333332,827.3328458291173,0.85313816513127483,0.71309813978839587,false
d100_delay_median_cap1,city,d100_median_city_qnehvi,474,14745841.333333332,867.0664018869016,0.89807004420806391,0.74734545035369682,false
d100_delay_median_cap1,city,d100_median_city_qnehvi,475,13972311.333333334,865.9759635376972,0.85095953314309591,0.7464055752329497,false
d100_delay_median_cap1,city,d100_median_city_qnehvi,476,14048932.0,813.5394401015875,0.85562598275048696,0.70120927061653215,false
d100_delay_median_cap1,city,d100_median_city_qnehvi,477,14042057.333333334,824.5994762883198,0.85520729302925058,0.71074218263678102,false
d100_delay_median_cap1,city,d100_median_city_qnehvi,478,14910742.666666668,869.7907655367964,0.90811307562071508,0.74969364511066927,false
d100_delay_median_cap1,city,d100_median_city_qnehvi,479,14100209.33333333,856.535696203506,0.8587489403337506,0.73826878106473248,false
d100_delay_median_cap1,city,d100_median_city_qnehvi,480,14147431.999999996,830.0230759513615,0.86162495543402751,0.71541691403439178,false
d100_delay_median_cap1,city,d100_median_city_qnehvi,481,14003732.666666668,855.0078909728055,0.85287319527859951,0.73695192887705019,false
d100_delay_median_cap1,city,d100_median_city_qnehvi,482,14097147.333333334,845.2020956605442,0.85856245450271529,0.72850007732592292,false
d100_delay_median_cap1,city,d100_median_city_qnehvi,483,14186972.666666664,862.5904753482956,0.86403311156826446,0.74348754128529648,false
d100_delay_median_cap1,city,d100_median_city_qnehvi,484,14135125.333333334,855.804088056449,0.86087543911769515,0.73763819035223932,false
d100_delay_median_cap1,city,d100_median_city_qnehvi,485,14077497.333333332,902.3137449691592,0.85736570512980581,0.777725985722448,false
d100_delay_median_cap1,city,d100_median_city_qnehvi,486,14016869.333333334,843.0605420344843,0.85367326131399135,0.7266542205891825,false
d100_delay_median_cap1,city,d100_median_city_qnehvi,487,14518064.66666667,907.4741020412516,0.88419769901739087,0.78217382198001284,false
d100_delay_median_cap1,city,d100_median_city_qnehvi,488,14109568.666666666,853.7800222087548,0.85931895439469297,0.73589359916614494,false
d100_delay_median_cap1,city,d100_median_city_qnehvi,489,14026081.333333332,842.7868404592384,0.85423430229227337,0.72641831059824113,false
d100_delay_median_cap1,city,d100_median_city_qnehvi,490,15065495.333333336,1002.3506946227536,0.91753801998658757,0.86395024608841209,false
d100_delay_median_cap1,city,d100_median_city_qnehvi,491,15037274.666666668,996.6075481498578,0.9158192889363882,0.85900008958610352,false
d100_delay_median_cap1,city,d100_median_city_qnehvi,492,14080680.0,829.9042151353653,0.85755953995614254,0.71531446502948659,false
d100_delay_median_cap1,city,d100_median_city_qnehvi,493,15247958.0,882.5620136723538,0.92865059412972828,0.76070149199376402,false
d100_delay_median_cap1,city,d100_median_city_qnehvi,494,13941710.666666668,1040.3082501711954,0.84909585229607598,0.89666677896748892,false
d100_delay_median_cap1,city,d100_median_city_qnehvi,495,15030378.0,986.7318695578156,0.91539925934308031,0.85048800395015134,false
d100_delay_median_cap1,city,d100_median_city_qnehvi,496,14044679.333333334,824.6828291087904,0.85536698141885725,0.71081402644368841,false
d100_delay_median_cap1,city,d100_median_city_qnehvi,497,14101706.0,848.1226103766405,0.85884009223679347,0.73101733941913272,false
d100_delay_median_cap1,city,d100_median_city_qnehvi,498,14127528.0,864.5214487647827,0.86041273662902085,0.74515189385901537,false
d100_delay_median_cap1,city,d100_median_city_qnehvi,499,15025931.999999998,985.9287164794022,0.91512848337809505,0.84979574693525206,false
d100_delay_median_cap1,city,d100_median_city_qnehvi,500,14089248.0,802.1387935258265,0.85808135922469642,0.69138277828452177,false
d100_delay_median_cap1,city,d100_median_city_qnehvi,501,14706105.33333333,980.8123648461116,0.8956499916339199,0.84538584002705175,false
d100_delay_median_cap1,city,d100_median_city_qnehvi,502,14116263.333333332,863.451967647085,0.85972668152625398,0.74423008228171139,false
d100_delay_median_cap1,city,d100_median_city_qnehvi,503,15050612.666666668,997.8402035315376,0.9166316168313432,0.86006254499822377,false
d100_delay_median_cap1,city,d100_median_city_qnehvi,504,13953636.0,811.636464508599,0.84982214416317026,0.69956905004235337,false
d100_delay_median_cap1,city,d100_median_city_qnehvi,505,13972516.000000002,857.3336693725157,0.85097199801357892,0.73895657339074816,false
d100_delay_median_cap1,city,d100_median_city_qnehvi,506,15115854.666666668,1005.6292716793316,0.92060506836250622,0.8667761307513806,false
d100_delay_median_cap1,city,d100_median_city_qnehvi,507,13990804.666666666,878.3418364237318,0.85208583772679414,0.75706401940852697,false
d100_delay_median_cap1,city,d100_median_city_qnehvi,508,15062599.333333334,1002.7811784934632,0.91736164409936383,0.86432129052229301,false
d100_delay_median_cap1,city,d100_median_city_qnehvi,509,14246975.333333334,809.7769277588627,0.86768747053550288,0.69796627045516535,false
d100_delay_median_cap1,city,d100_median_city_qnehvi,510,14190339.333333334,989.8576713644808,0.86423815259738079,0.85318220793941335,false
d100_delay_median_cap1,city,d100_median_city_qnehvi,511,15043837.333333336,995.665497865166,0.91621897683552034,0.85818811371812298,false
d100_delay_median_cap1,city,d100_median_city_qnehvi,512,13974339.33333333,814.2107692992253,0.85108304498677312,0.7017879054482502,false
d100_delay_median_cap1,city,d100_median_city_qnehvi,513,14297219.333333332,740.8395960414845,0.87074749473359236,0.63854752108788626,false
d100_delay_median_cap1,city,d100_median_city_qnehvi,514,13836846.0,822.5609513151906,0.84270925056204593,0.708985128781638,false
d100_delay_median_cap1,city,d100_median_city_qnehvi,515,14009135.333333334,822.0775185976319,0.85320223537760054,0.70856844645923045,false
d100_delay_median_cap1,city,d100_median_city_qnehvi,516,14038110.666666664,814.7329430709432,0.85496692810006925,0.70223797961989165,false
d100_delay_median_cap1,city,d100_median_city_qnehvi,517,13988823.999999998,804.6736335842669,0.85196520863817948,0.69356761808563416,false
d100_delay_median_cap1,city,d100_median_city_qnehvi,518,14018095.333333332,824.8175504036857,0.85374792873033667,0.71093014597800153,false
d100_delay_median_cap1,city,d100_median_city_qnehvi,519,13954130.666666666,816.2977119150487,0.84985227098368565,0.70358669163774001,false
d100_delay_median_cap1,city,d100_median_city_qnehvi,520,13831696.666666668,810.4699120595667,0.84239563929295858,0.69856357034266015,false
d100_delay_median_cap1,city,d100_median_city_qnehvi,521,14063324.666666664,832.785725635574,0.85650254330050357,0.71779810844801928,false
d100_delay_median_cap1,city,d100_median_city_qnehvi,522,14172471.333333334,833.3324918050581,0.86314993286225883,0.71826937940060387,false
d100_delay_median_cap1,city,d100_median_city_qnehvi,523,13938475.999999998,788.479384646957,0.84889885049938851,0.67960940422928362,false
d100_delay_median_cap1,city,d100_median_city_qnehvi,524,13850677.333333334,811.7978548191243,0.84355162407314865,0.69970815624464633,false
d100_delay_median_cap1,city,d100_median_city_qnehvi,525,13961112.000000002,817.6508117272716,0.85027745705435964,0.70475296101034945,false
d100_delay_median_cap1,city,d100_median_city_qnehvi,526,14256291.33333333,857.1388921260071,0.86825484545448584,0.73878869018284876,false
d100_delay_median_cap1,city,d100_median_city_qnehvi,527,14051345.333333334,755.8753792940242,0.85577296265650671,0.65150722542175998,false
d100_delay_median_cap1,city,d100_median_city_qnehvi,528,13989415.33333333,815.5655094515256,0.85200122277537271,0.70295558866954633,false
d100_delay_median_cap1,city,d100_median_city_qnehvi,529,14025786.0,789.2281173795452,0.85421631552476884,0.68025475503518817,false
d100_delay_median_cap1,city,d100_median_city_qnehvi,530,13899376.0,788.3317603288585,0.84651753240876493,0.67948216326797739,false
d100_delay_median_cap1,city,d100_median_city_qnehvi,531,14045309.333333334,813.2925941529024,0.85540535048272159,0.70099650813803394,false
d100_delay_median_cap1,city,d100_median_city_qnehvi,532,13898625.333333332,793.6301080473966,0.84647181434959962,0.68404893699283176,false
d100_delay_median_cap1,city,d100_median_city_qnehvi,533,13997706.666666664,835.3756179540464,0.85250619213757373,0.72003039912022648,false
d100_delay_median_cap1,city,d100_median_city_qnehvi,534,14037011.333333334,835.9045737588872,0.85489997509868076,0.72048631888983761,false
d100_delay_median_cap1,city,d100_median_city_qnehvi,535,14444659.999999998,856.6129816931889,0.87972711434553519,0.7383353952928553,false
d100_delay_median_cap1,city,d100_median_city_qnehvi,536,14028776.666666668,845.5107680109087,0.85439845692211835,0.72876612947163277,false
d100_delay_median_cap1,city,d100_median_city_qnehvi,537,14208973.33333333,749.4074320938565,0.86537302424189921,0.64593234568630464,false
d100_delay_median_cap1,city,d100_median_city_qnehvi,538,14047965.333333334,797.104088521181,0.85556710958371129,0.68704324457533117,false
d100_delay_median_cap1,city,d100_median_city_qnehvi,539,13989094.0,820.792010011906,0.85198165252269287,0.70746043559542326,false
d100_delay_median_cap1,city,d100_median_city_qnehvi,540,13961473.333333332,792.2558460540281,0.8502994634380785,0.68286442742574127,false
d100_delay_median_cap1,city,d100_median_city_qnehvi,541,14211110.000000002,822.9469795106565,0.86550315424156621,0.70931785579650297,false
d100_delay_median_cap1,city,d100_median_city_qnehvi,542,14133504.000000002,838.8444624749452,0.86077669460624773,0.72302027990102546,false
d100_delay_median_cap1,city,d100_median_city_qnehvi,543,14006873.333333338,852.1550239362884,0.85306447216734527,0.73449297395091628,false
d100_delay_median_cap1,city,d100_median_city_qnehvi,544,13906589.333333332,1016.4704497491574,0.84695684803946458,0.87612040368056654,false
d100_delay_median_cap1,city,d100_median_city_qnehvi,545,13972884.666666664,755.1700835007716,0.85099445102132154,0.65089931396181411,false
d100_delay_median_cap1,city,d100_median_city_qnehvi,546,14084649.333333332,817.1335193393857,0.85780128535957934,0.7043070942211993,false
d100_delay_median_cap1,city,d100_median_city_qnehvi,547,13986163.333333334,813.5159599160746,0.85180316532190203,0.70118903247816311,false
d100_delay_median_cap1,city,d100_median_city_qnehvi,548,14228772.666666664,812.8401055774668,0.8665788685040211,0.70060649731827096,false
d100_delay_median_cap1,city,d100_median_city_qnehvi,549,14009118.666666664,798.1902011302257,0.85320122032300094,0.68797939123627305,false
d100_delay_median_cap1,city,d100_median_city_qnehvi,550,13963726.666666664,782.4924109774557,0.85043669881994222,0.67444908718372376,false
d100_delay_median_cap1,city,d100_median_city_qnehvi,551,14020346.666666666,812.9606380951543,0.85388504230564866,0.70071038720319478,false
d100_delay_median_cap1,city,d100_median_city_qnehvi,552,14069461.333333334,796.7876887231641,0.85687628640407054,0.68677053195605975,false
d100_delay_median_cap1,city,d100_median_city_qnehvi,553,14223910.0,734.5435123552461,0.86628271617404651,0.63312077466141115,false
d100_delay_median_cap1,city,d100_median_city_qnehvi,554,14062694.666666668,773.8396577268464,0.85646417423663934,0.6669910704034594,false
d100_delay_median_cap1,city,d100_median_city_qnehvi,555,14265458.666666668,895.0244795057965,0.86881316608644132,0.7714431919610828,false
d100_delay_median_cap1,city,d100_median_city_qnehvi,556,14143891.33333333,803.762892857807,0.861409317234892,0.69278262868125795,false
d100_delay_median_cap1,city,d100_median_city_qnehvi,557,14184668.000000002,829.6488729772909,0.86389274981823438,0.7150943794631387,false
d100_delay_median_cap1,city,d100_median_city_qnehvi,558,13949867.333333336,782.9406105722613,0.84959262001711233,0.6748354012276071,false
d100_delay_median_cap1,city,d100_median_city_qnehvi,559,13926400.000000002,820.361651127404,0.84816338253871426,0.70708949889017003,false
d100_delay_median_cap1,city,d100_median_city_qnehvi,560,15007415.333333332,970.7554906333522,0.91400075771795752,0.83671757751413567,false
d100_delay_median_cap1,city,d100_median_city_qnehvi,561,14082668.000000002,810.3722651052941,0.85768061566878084,0.69847940607697334,false
d100_delay_median_cap1,city,d100_median_city_qnehvi,562,13987204.000000002,840.2185906705814,0.85186654533110029,0.72420467414462275,false
d100_delay_median_cap1,city,d100_median_city_qnehvi,563,13958721.333333336,808.6014830130789,0.85013185762259535,0.69695312627036932,false
d100_delay_median_cap1,city,d100_median_city_qnehvi,564,14117464.000000004,739.6586805035199,0.85979980605960837,0.63752966149532309,false
d100_delay_median_cap1,city,d100_median_city_qnehvi,565,13904554.0,814.5116847997585,0.84683288957176339,0.70204727177795112,false
d100_delay_median_cap1,city,d100_median_city_qnehvi,566,14666056.000000002,987.8007952044786,0.89321085603330408,0.85140933675356945,false
d100_delay_median_cap1,city,d100_median_city_qnehvi,567,14302432.666666664,843.7594770690127,0.87106500381234198,0.72725664955772618,false
d100_delay_median_cap1,city,d100_median_city_qnehvi,568,14166108.666666666,812.6848259658912,0.8627624256183215,0.7004726580748275,false
d100_delay_median_cap1,city,d100_median_city_qnehvi,569,13847071.999999998,834.019595554372,0.84333204746216639,0.71886161069898347,false
d100_delay_median_cap1,city,d100_median_city_qnehvi,570,14008250.0,773.5434510622226,0.85314831567727067,0.6667357627330327,false
d100_delay_median_cap1,city,d100_median_city_qnehvi,571,14010192.666666666,820.9606405299587,0.85326663044139794,0.70760578230725923,false
d100_delay_median_cap1,city,d100_median_city_qnehvi,572,14389714.666666666,908.0196479490814,0.87638076354599492,0.78264404115963804,false
d100_delay_median_cap1,city,d100_median_city_qnehvi,573,13991943.999999998,838.7424010669238,0.85215522685922163,0.72293231071115072,false
d100_delay_median_cap1,city,d100_median_city_qnehvi,574,14121217.333333334,871.0659638618813,0.86002839635543449,0.75079276931208794,false
d100_delay_median_cap1,city,d100_median_city_qnehvi,575,14064159.999999998,736.2362984738697,0.85655341783703465,0.63457982785667066,false
d100_delay_median_cap1,city,d100_median_city_qnehvi,576,14044936.0,742.9655326698307,0.85538261325969078,0.64037991715752662,false
d100_delay_median_cap1,city,d100_median_city_qnehvi,577,13950755.999999998,788.446809716029,0.84964674272836194,0.6795813271104244,false
d100_delay_median_cap1,city,d100_median_city_qnehvi,578,14126465.333333334,706.7700681534777,0.86034801674775152,0.60918217305065314,false
d100_delay_median_cap1,city,d100_median_city_qnehvi,579,13905493.333333334,794.377036165554,0.84689009804899618,0.68469273235802119,false
d100_delay_median_cap1,city,d100_median_city_qnehvi,580,14198120.666666668,707.1755051008614,0.86471206128883449,0.60953162893704571,false
d100_delay_median_cap1,city,d100_median_city_qnehvi,581,13820118.666666668,852.6360054302909,0.84169050116371946,0.73490754350460297,false
d100_delay_median_cap1,city,d100_median_city_qnehvi,582,14098329.333333334,754.4981634602427,0.85863444217491791,0.65032016986835384,false
d100_delay_median_cap1,city,d100_median_city_qnehvi,583,14175692.66666667,706.1705669706375,0.86334612261526644,0.60866544851778914,false
d100_delay_median_cap1,city,d100_median_city_qnehvi,584,13980309.333333332,758.7780202300249,0.85144663754434413,0.65400908167268812,false
d100_delay_median_cap1,city,d100_median_city_qnehvi,585,13865252.0,783.6226191613503,0.84443926901939281,0.67542324088446459,false
d100_delay_median_cap1,city,d100_median_city_qnehvi,586,14088409.333333336,749.8427171496498,0.85803028167724549,0.64630752837744143,false
d100_delay_median_cap1,city,d100_median_city_qnehvi,587,13851348.0,834.1842585321693,0.84359246987023595,0.71900353769215331,false
d100_delay_median_cap1,city,d100_median_city_qnehvi,588,14109460.0,730.908535404545,0.85931233623870396,0.62998770033130769,false
d100_delay_median_cap1,city,d100_median_city_qnehvi,589,14192202.666666666,739.9669475723312,0.86435163570161389,0.63779536431908435,false
d100_delay_median_cap1,city,d100_median_city_qnehvi,590,13828802.0,826.2652409361282,0.84221934461010273,0.71217794537443357,false
d100_delay_median_cap1,city,d100_median_city_qnehvi,591,13974958.666666666,757.731444406061,0.85112076441569373,0.65310701272065896,false
d100_delay_median_cap1,city,d100_median_city_qnehvi,592,13880044.000000002,796.1934584382059,0.84534015027761555,0.68625835053724404,false
d100_delay_median_cap1,city,d100_median_city_qnehvi,593,14070087.999999998,741.4602325938845,0.85691445245701459,0.63908246270567926,false
d100_delay_median_cap1,city,d100_median_city_qnehvi,594,13996693.333333334,787.0235517765045,0.85244447681791924,0.67835458675528126,false
d100_delay_median_cap1,city,d100_median_city_qnehvi,595,13822131.33333333,1319.655284578927,0.84181307915716519,1.1374427273609398,false
d100_delay_median_cap1,city,d100_median_city_qnehvi,596,14030104.0,741.0471909184516,0.85447929587042903,0.63872645212071211,false
d100_delay_median_cap1,city,d100_median_city_qnehvi,597,13826208.000000002,789.5249578976457,0.84206136151222366,0.68051060903921878,false
d100_delay_median_cap1,city,d100_median_city_qnehvi,598,14045002.666666666,734.7484753907543,0.85538667347808905,0.63329743724658849,false
d100_delay_median_cap1,city,d100_median_city_qnehvi,599,14138743.33333333,713.8623889971138,0.86109578717017254,0.61529521549285315,false
d100_delay_median_cap1,city,d100_median_city_qnehvi,600,13967954.666666666,764.3854401663801,0.8506941978707645,0.658842252198657,false
d100_delay_median_cap1,city,d100_median_city_qnehvi,601,14101396.0,739.0611128898736,0.85882121222124108,0.63701460355239581,false
d100_delay_median_cap1,city,d100_median_city_qnehvi,602,14045697.333333334,735.080920815544,0.85542898095379993,0.63358397997868687,false
d100_delay_median_cap1,city,d100_median_city_qnehvi,603,14039293.333333332,749.1979822436472,0.85503895637445571,0.64575181580728891,false
d100_delay_median_cap1,city,d100_median_city_qnehvi,604,13958922.666666668,768.3219775222074,0.85014411948215818,0.66223524871728867,false
d100_delay_median_cap1,city,d100_median_city_qnehvi,605,13966197.999999998,757.6338492225317,0.85058721111596824,0.65302289307742489,false
d100_delay_median_cap1,city,d100_median_city_qnehvi,606,13862102.666666666,810.5833181569053,0.84424746430225528,0.69866131779395568,false
d100_delay_median_cap1,city,d100_median_city_qnehvi,607,13966465.333333328,758.0346431128562,0.85060349259174539,0.65336834700092117,false
d100_delay_median_cap1,city,d100_median_city_qnehvi,608,14053800.0,726.9493144844289,0.85592245989793336,0.62657515230135896,false
d100_delay_median_cap1,city,d100_median_city_qnehvi,609,14115924.0,744.5820107653008,0.85970601501460653,0.64177319862664728,false
d100_delay_median_cap1,city,d100_median_city_qnehvi,610,14177372.000000002,718.6787062782296,0.86344839951672059,0.61944651555438091,false
d100_delay_median_cap1,city,d100_median_city_qnehvi,611,14137953.333333332,733.0954454470018,0.8610476735821524,0.63187265085759525,false
d100_delay_median_cap1,city,d100_median_city_qnehvi,612,14236036.666666664,695.48787383069,0.86702126990070372,0.59945777757322172,false
d100_delay_median_cap1,city,d100_median_city_qnehvi,613,14178200.0,725.5336673011998,0.86349882742922757,0.62535497184068145,false
d100_delay_median_cap1,city,d100_median_city_qnehvi,614,13930698.666666666,786.5944615817518,0.84842518542103873,0.67798474356433058,false
d100_delay_median_cap1,city,d100_median_city_qnehvi,615,13920670.66666667,779.8811532018018,0.84781444736956135,0.67219838110851571,false
d100_delay_median_cap1,city,d100_median_city_qnehvi,616,14052430.666666666,724.4603929707158,0.85583906301203161,0.62442989080176314,false
d100_delay_median_cap1,city,d100_median_city_qnehvi,617,14059461.333333332,758.4849318656817,0.85626725364432021,0.65375646174050428,false
d100_delay_median_cap1,city,d100_median_city_qnehvi,618,14167443.333333332,848.4307843320048,0.86284371119065628,0.73128296198616782,false
d100_delay_median_cap1,city,d100_median_city_qnehvi,619,13900714.666666664,808.648338739507,0.84659906159420328,0.69699351235140394,false
d100_delay_median_cap1,city,d100_median_city_qnehvi,620,14208199.33333333,711.6231104687279,0.86532588510629449,0.61336512730511783,false
d100_delay_median_cap1,city,d100_median_city_qnehvi,621,13811219.333333332,817.3958139956742,0.84114850260972573,0.70453317231349177,false
d100_delay_median_cap1,city,d100_median_city_qnehvi,622,14235402.666666668,695.2359264042184,0.86698265722373558,0.5992406180079427,false
d100_delay_median_cap1,city,d100_median_city_qnehvi,623,14317933.333333334,684.3801060266352,0.87200904519213918,0.58988372452044491,false
d100_delay_median_cap1,city,d100_median_city_qnehvi,624,13829502.0,837.8340671575229,0.8422619769032853,0.722149395800464,false
d100_delay_median_cap1,city,d100_median_city_qnehvi,625,14184716.666666666,707.8296334723525,0.86389571377766483,0.61009543796172627,false
d100_delay_median_cap1,city,d100_median_city_qnehvi,626,13930698.666666668,804.465512895498,0.84842518542103884,0.69338823384293091,false
d100_delay_median_cap1,city,d100_median_city_qnehvi,627,13915953.999999998,1577.704934638644,0.84752718691787876,1.3598619463709369,false
d100_delay_median_cap1,city,d100_median_city_qnehvi,628,13958091.999999998,1538.6484456633098,0.85009352916091474,1.3261982162587043,false
d100_delay_median_cap1,city,d100_median_city_qnehvi,629,14112974.66666667,715.9652179906961,0.85952639095266425,0.61710769453460301,false
d100_delay_median_cap1,city,d100_median_city_qnehvi,630,14051133.333333332,753.6584369457191,0.85576005116200005,0.64959638932651187,false
d100_delay_median_cap1,city,d100_median_city_qnehvi,631,13882404.666666668,779.0737590284759,0.8454839226111005,0.67150246859159179,false
d100_delay_median_cap1,city,d100_median_city_qnehvi,632,14095978.666666668,784.0934271507303,0.85849127887419241,0.67582904164907465,false
d100_delay_median_cap1,city,d100_median_city_qnehvi,633,13894936.666666666,1321.5130403685662,0.84624716246561948,1.1390439718956535,false
d100_delay_median_cap1,city,d100_median_city_qnehvi,634,14272862.666666666,811.3534404383531,0.8692640939417603,0.69932510476805987,false
d100_delay_median_cap1,city,d100_median_city_qnehvi,635,13848981.333333334,755.1516868338126,0.84344833211709513,0.65088345743073006,false
d100_delay_median_cap1,city,d100_median_city_qnehvi,636,14373240.000000002,777.6827612427026,0.87537740237539852,0.67030353404126497,false
d100_delay_median_cap1,city,d100_median_city_qnehvi,637,13960018.666666664,779.7449191656142,0.85021086947262658,0.67208095770598675,false
d100_delay_median_cap1,city,d100_median_city_qnehvi,638,13996785.333333334,806.3905736272236,0.85245007991930888,0.6950474901310062,false
d100_delay_median_cap1,city,d100_median_city_qnehvi,639,14599804.666666668,812.5937134058236,0.88917593279559004,0.70039412596115269,false
d100_delay_median_cap1,city,d100_median_city_qnehvi,640,14100735.333333332,740.4812968161829,0.85878097545691379,0.63823869434138603,false
d100_delay_median_cap1,city,d100_median_city_qnehvi,641,13754342.000000004,840.5920134340922,0.83768448668100204,0.72452653623357122,false
d100_delay_median_cap1,city,d100_median_city_qnehvi,642,14165522.666666666,698.5529517791069,0.86272673629859997,0.60209964220405499,false
d100_delay_median_cap1,city,d100_median_city_qnehvi,643,14084668.000000002,741.7466472507579,0.85780242222073089,0.63932933040838702,false
d100_delay_median_cap1,city,d100_median_city_qnehvi,644,13839722.666666666,825.1753734853683,0.84288444898593395,0.71123856232482918,false
d100_delay_median_cap1,city,d100_median_city_qnehvi,645,14091686.666666668,729.2098587749028,0.85822988201370765,0.6285235699624887,false
d100_delay_median_cap1,city,d100_median_city_qnehvi,646,13784275.333333336,868.6729447260792,0.83950752474185431,0.74873016838572382,false
d100_delay_median_cap1,city,d100_median_city_qnehvi,647,14049000.000000002,740.9640950808075,0.85563012417325335,0.63865482981350286,false
d100_delay_median_cap1,city,d100_median_city_qnehvi,648,14220819.999999998,682.7601569389229,0.86609452505128348,0.58848745131937075,false
d100_delay_median_cap1,city,d100_median_city_qnehvi,649,13785595.33333333,854.0781649817669,0.83958791706614133,0.73615057561510144,false
d100_delay_median_cap1,city,d100_median_city_qnehvi,650,14106029.999999998,712.3213123208423,0.8591034380021092,0.61396692432605038,false
d100_delay_median_cap1,city,d100_median_city_qnehvi,651,14233397.333333336,677.6993742518008,0.86686052585431372,0.58412544062651173,false
d100_delay_median_cap1,city,d100_median_city_qnehvi,652,14146802.666666668,743.0638262112409,0.86158662697234756,0.64046463873226689,false
d100_delay_median_cap1,city,d100_median_city_qnehvi,653,13988850.000000002,754.4831229115382,0.85196679212335513,0.650307206056562,false
d100_delay_median_cap1,city,d100_median_city_qnehvi,654,13897407.333333332,780.617367313225,0.8463976341594619,0.67283294181281805,false
d100_delay_median_cap1,city,d100_median_city_qnehvi,655,13857594.666666666,788.6781845800563,0.84397291233415983,0.67978075468780541,false
d100_delay_median_cap1,city,d100_median_city_qnehvi,656,13942344.0,757.0437768887823,0.84913442437086006,0.65251429549706941,false
d100_delay_median_cap1,city,d100_median_city_qnehvi,657,14044668.0,731.0496445086217,0.85536629118172958,0.63010932567246458,false
d100_delay_median_cap1,city,d100_median_city_qnehvi,658,14127852.666666668,712.9581775758771,0.86043250989262077,0.61451585385417307,false
d100_delay_median_cap1,city,d100_median_city_qnehvi,659,13619805.999999998,855.7186014211492,0.82949080354442439,0.73756450735885115,false
d100_delay_median_cap1,city,d100_median_city_qnehvi,660,13823269.333333332,828.9931392466021,0.84188238708522478,0.71452918674063526,false
d100_delay_median_cap1,city,d100_median_city_qnehvi,661,14079008.0,691.2311681540225,0.85745770967871193,0.59578882025457902,false
d100_delay_median_cap1,city,d100_median_city_qnehvi,662,13929975.333333334,733.3043095836517,0.84838113205141696,0.63205267589596337,false
d100_delay_median_cap1,city,d100_median_city_qnehvi,663,14090978.666666666,760.3215105545123,0.85818676249431713,0.65533945322111886,false
d100_delay_median_cap1,city,d100_median_city_qnehvi,664,14106641.333333332,743.0425340171903,0.8591406702048221,0.64044628647652591,false
d100_delay_median_cap1,city,d100_median_city_qnehvi,665,13933168.666666666,806.5021161703602,0.84857561651269708,0.69514363133997548,false
d100_delay_median_cap1,city,d100_median_city_qnehvi,666,13836322.000000002,774.4409645541671,0.84267733724543503,0.66750935126486355,false
d100_delay_median_cap1,city,d100_median_city_qnehvi,667,13941941.999999996,793.7512748873833,0.84910994125391781,0.68415337361544881,false
d100_delay_median_cap1,city,d100_median_city_qnehvi,668,14013562.666666666,763.1817870960581,0.85347187448143391,0.65780479457839647,false
d100_delay_median_cap1,city,d100_median_city_qnehvi,669,13969813.333333332,760.112700077786,0.85080739675971018,0.65515947443353351,false
d100_delay_median_cap1,city,d100_median_city_qnehvi,670,14065122.0,743.9478642926199,0.85661200678852278,0.64122661248262802,false
d100_delay_median_cap1,city,d100_median_city_qnehvi,671,14046064.666666666,712.3467205103057,0.85545135275717454,0.61398882425753865,false
d100_delay_median_cap1,city,d100_median_city_qnehvi,672,13892522.66666667,809.8698996852054,0.84610014195741612,0.69804640520149108,false
d100_delay_median_cap1,city,d100_median_city_qnehvi,673,13787159.999999998,820.9901890266665,0.83968321039195015,0.70763125086944911,false
d100_delay_median_cap1,city,d100_median_city_qnehvi,674,14065798.666666668,711.3182084816646,0.85665321800526595,0.61310232492649996,false
d100_delay_median_cap1,city,d100_median_city_qnehvi,675,14074524.666666666,798.5390321743566,0.8571846599914239,0.68828005712899609,false
d100_delay_median_cap1,city,d100_median_city_qnehvi,676,13955018.0,761.6438397480692,0.84990631249056758,0.65647920065513776,false
d100_delay_median_cap1,city,d100_median_city_qnehvi,677,13759787.333333334,818.7949920413163,0.83801612531977776,0.70573915762715356,false
d100_delay_median_cap1,city,d100_median_city_qnehvi,678,14203181.333333332,718.7693462905563,0.86502027246745206,0.61952464036775723,false
d100_delay_median_cap1,city,d100_median_city_qnehvi,679,13884953.333333332,818.8410775475763,0.84563914476046875,0.7057788798368434,false
d100_delay_median_cap1,city,d100_median_city_qnehvi,680,14065970.666666666,826.9974605675939,0.85666369336873349,0.71280906314009096,false
d100_delay_median_cap1,city,d100_median_city_qnehvi,681,13995394.666666668,771.701422022503,0.85236538376351956,0.66514807346349347,false
d100_delay_median_cap1,city,d100_median_city_qnehvi,682,13841268.000000002,836.0537470714086,0.84297856484840761,0.72061489496680775,false
d100_delay_median_cap1,city,d100_median_city_qnehvi,683,14715524.000000002,923.4251221491676,0.89622361928923711,0.79592239104024776,false
d100_delay_median_cap1,city,d100_median_city_qnehvi,684,13815930.666666666,827.5093878464279,0.84143543824393607,0.71325030561231229,false
d100_delay_median_cap1,city,d100_median_city_qnehvi,685,13917577.333333332,814.5899816692197,0.84762605323587836,0.70211475773870502,false
d100_delay_median_cap1,city,d100_median_city_qnehvi,686,13843846.666666668,837.5058755995605,0.84313561409605509,0.72186651957881143,false
d100_delay_median_cap1,city,d100_median_city_qnehvi,687,13757239.999999998,880.4743333994617,0.83786098437477718,0.75890206999984999,false
d100_delay_median_cap1,city,d100_median_city_qnehvi,688,14137313.999999998,799.5197697636289,0.86100873608771222,0.68912537851815203,false
d100_delay_median_cap1,city,d100_median_city_qnehvi,689,13595895.333333332,848.1590199219156,0.82803456561367739,0.73104872168461044,false
d100_delay_median_cap1,city,d100_median_city_qnehvi,690,13674290.0,827.6938491267424,0.83280905763264823,0.71340929724006941,false
d100_delay_median_cap1,city,d100_median_city_qnehvi,691,14070157.333333334,744.6880101843325,0.85691867508414921,0.64186456208321874,false
d100_delay_median_cap1,city,d100_median_city_qnehvi,692,14253956.666666668,686.9785050531609,0.86811265660617654,0.5921233473295533,false
d100_delay_median_cap1,city,d100_median_city_qnehvi,693,13778229.333333332,796.9063616154139,0.8391393035353093,0.68687281898495445,false
d100_delay_median_cap1,city,d100_median_city_qnehvi,694,13972741.33333333,748.2036109557354,0.85098572155176488,0.64489474320435336,false
d100_delay_median_cap1,city,d100_median_city_qnehvi,695,13925840.666666664,795.0939308302925,0.84812931730635199,0.68531064116513118,false
d100_delay_median_cap1,city,d100_median_city_qnehvi,696,14071889.333333336,803.67521718794,0.85702415955813793,0.69270705890616435,false
d100_delay_median_cap1,city,d100_median_city_qnehvi,697,13958565.333333334,760.58590288448,0.85012235671154324,0.65556733934896305,false
d100_delay_median_cap1,city,d100_median_city_qnehvi,698,14057347.333333334,758.7884011846077,0.85613850411890913,0.65401802926789054,false
d100_delay_median_cap1,city,d100_median_city_qnehvi,699,13812095.333333332,796.832779481613,0.84120185387947988,0.68680939676861219,false
d100_delay_median_cap1,city,d100_median_city_qnehvi,700,13968598.666666668,761.4846587513802,0.85073341958049253,0.65634199871374166,false
d100_delay_median_cap1,city,d100_median_city_qnehvi,701,14243843.999999996,679.1634982894345,0.86749676207733262,0.58538740445753767,false
d100_delay_median_cap1,city,d100_median_city_qnehvi,702,14183594.666666666,680.2816029902764,0.86382738030202089,0.58635112587423066,false
d100_delay_median_cap1,city,d100_median_city_qnehvi,703,14199421.333333334,800.1708048249187,0.8647912761497859,0.68968652134414199,false
d100_delay_median_cap1,city,d100_median_city_qnehvi,704,14094040.0,708.2501612369801,0.85837320772316872,0.61045790098757757,false
d100_delay_median_cap1,city,d100_median_city_qnehvi,705,14177011.999999998,687.8275368020745,0.86342647433736919,0.59285514827741093,false
d100_delay_median_cap1,city,d100_median_city_qnehvi,706,14039261.333333336,728.2432140441367,0.85503700746962441,0.62769039554807893,false
d100_delay_median_cap1,city,d100_median_city_qnehvi,707,13803216.0,801.9661469510033,0.8406610733910056,0.69123397003646558,false
d100_delay_median_cap1,city,d100_median_city_qnehvi,708,14093966.66666667,708.7436408229339,0.85836874148293074,0.61088324294824203,false
d100_delay_median_cap1,city,d100_median_city_qnehvi,709,14265253.333333334,666.9275699335268,0.86880066061377437,0.5748409626074773,false
d100_delay_median_cap1,city,d100_median_city_qnehvi,710,14119471.333333334,719.4600010785707,0.85992205923558207,0.62011993239206387,false
d100_delay_median_cap1,city,d100_median_city_qnehvi,711,14269633.999999998,655.6885875299736,0.86906745756472892,0.56515381252575092,false
d100_delay_median_cap1,city,d100_median_city_qnehvi,712,13664094.0,842.8164929665934,0.83218808783080689,0.72644386880971723,false
d100_delay_median_cap1,city,d100_median_city_qnehvi,713,13999863.333333334,783.2540094316644,0.85263754020276006,0.67510552726548756,false
d100_delay_median_cap1,city,d100_median_city_qnehvi,714,14174664.0,679.9930476108734,0.86328347344538003,0.5861024130311282,false
d100_delay_median_cap1,city,d100_median_city_qnehvi,715,14094188.0,732.8459557130725,0.85838222140801324,0.63165760963681183,false
d100_delay_median_cap1,city,d100_median_city_qnehvi,716,13886159.333333334,781.5930601572338,0.84571259411129485,0.6736739150143235,false
d100_delay_median_cap1,city,d100_median_city_qnehvi,717,13787636.0,808.4986420872661,0.83971220035131455,0.69686448519530397,false
d100_delay_median_cap1,city,d100_median_city_qnehvi,718,13700315.999999996,804.7195032548324,0.83439412629317433,0.69360715426133157,false
d100_delay_median_cap1,city,d100_median_city_qnehvi,719,13810792.0,787.2521357324865,0.84112247660979234,0.67855160878168563,false
d100_delay_median_cap1,city,d100_median_city_qnehvi,720,14256278.000000002,664.436940735189,0.86825403341080654,0.57269422921330437,false
d100_delay_median_cap1,city,d100_median_city_qnehvi,721,14132081.333333334,707.9756407512123,0.86069004954562711,0.61022128515790042,false
d100_delay_median_cap1,city,d100_median_city_qnehvi,722,14178515.333333332,707.1961426846402,0.86351803226225188,0.60954941696840048,false
d100_delay_median_cap1,city,d100_median_city_qnehvi,723,13952564.0,752.9151453921282,0.84975685585132499,0.64895572840405702,false
d100_delay_median_cap1,city,d100_median_city_qnehvi,724,13752312.0,837.3548997813988,0.83756085303077243,0.72173638987874356,false
d100_delay_median_cap1,city,d100_median_city_qnehvi,725,14156627.999999998,736.0051128401651,0.86218502195989399,0.63438056338146986,false
d100_delay_median_cap1,city,d100_median_city_qnehvi,726,14235362.666666666,723.3185827237496,0.86698022109269646,0.62344573700295325,false
d100_delay_median_cap1,city,d100_median_city_qnehvi,727,14031250.666666664,671.5129627651802,0.8545491316268804,0.57879322331480365,false
d100_delay_median_cap1,city,d100_median_city_qnehvi,728,14389041.333333334,736.5708697961361,0.87633975534017194,0.63486820295109303,false
d100_delay_median_cap1,city,d100_median_city_qnehvi,729,13972512.000000002,721.5279482632998,0.85097175440047512,0.62190234596121585,false
d100_delay_median_cap1,city,d100_median_city_qnehvi,730,13813469.333333334,815.7315721342239,0.8412855349806696,0.70309872210213953,false
d100_delay_median_cap1,city,d100_median_city_qnehvi,731,14203126.666666668,670.2096192448901,0.8650169430883653,0.57766984009061562,false
d100_delay_median_cap1,city,d100_median_city_qnehvi,732,14189715.333333332,653.7015887672836,0.86420014895317221,0.56344117035449026,false
d100_delay_median_cap1,city,d100_median_city_qnehvi,733,14265227.999999998,731.1103750141368,0.86879911773078278,0.63016167076033291,false
d100_delay_median_cap1,city,d100_median_city_qnehvi,734,14695539.333333334,759.0491474761461,0.89500648761996804,0.6542427727872494,false
d100_delay_median_cap1,city,d100_median_city_qnehvi,735,14192744.000000002,678.1505775106695,0.86438460467500877,0.58451434360091636,false
d100_delay_median_cap1,city,d100_median_city_qnehvi,736,13943644.666666666,738.0428213364693,0.84921363923181148,0.63613691349553936,false
d100_delay_median_cap1,city,d100_median_city_qnehvi,737,14293268.0,709.2125299458581,0.87050684558912295,0.61128738979555985,false
d100_delay_median_cap1,city,d100_median_city_qnehvi,738,14239616.666666666,700.4364201042167,0.86723930362869428,0.60372304899342299,false
d100_delay_median_cap1,city,d100_median_city_qnehvi,739,14079056.666666666,748.1505064671592,0.85746067363814271,0.6448489711644676,false
d100_delay_median_cap1,city,d100_median_city_qnehvi,740,13834094.66666667,1301.955528231098,0.84254168534874685,1.1221868803460713,false
d100_delay_median_cap1,city,d100_median_city_qnehvi,741,14136433.33333333,761.7505095832029,0.86095510060267033,0.65657114195952193,false
d100_delay_median_cap1,city,d100_median_city_qnehvi,742,14202536.666666666,738.1685785692332,0.86498101015553985,0.6362453066884376,false
d100_delay_median_cap1,city,d100_median_city_qnehvi,743,14216466.0,696.5485813250446,0.86582935218768819,0.6003720269528966,false
d100_delay_median_cap1,city,d100_median_city_qnehvi,744,13719835.333333332,854.4788294441744,0.83558291763802317,0.73649591798155323,false
d100_delay_median_cap1,city,d100_median_city_qnehvi,745,14365656.666666668,759.2598794557364,0.87491555253258768,0.65442440776451061,false
d100_delay_median_cap1,city,d100_median_city_qnehvi,746,13793563.333333334,799.118666367056,0.84007319436911043,0.68877965782375328,false
d100_delay_median_cap1,city,d100_median_city_qnehvi,747,14045767.333333332,770.0922585189978,0.85543324418311795,0.66376109661765692,false
d100_delay_median_cap1,city,d100_median_city_qnehvi,748,14092958.666666666,684.0325060767984,0.85830735098074773,0.58958411973759517,false
d100_delay_median_cap1,city,d100_median_city_qnehvi,749,14358277.333333334,802.988996467091,0.87446612695807602,0.69211558871132273,false
d100_delay_median_cap1,city,d100_median_city_qnehvi,750,14755490.666666666,779.2599273129101,0.89865772021903889,0.67166293152738232,false
d100_delay_median_cap1,city,d100_median_city_qnehvi,751,14547093.333333334,777.1718006241073,0.885965639914578,0.66986312475682497,false
d100_delay_median_cap1,city,d100_median_city_qnehvi,752,14523913.333333332,775.5341143968956,0.88455390197747663,0.66845156348729573,false
d100_delay_median_cap1,city,d100_median_city_qnehvi,753,14951326.0,816.603967416243,0.9105847335707018,0.70385066064284185,false
d100_delay_median_cap1,city,d100_median_city_qnehvi,754,14093341.999999998,799.853532325742,0.8583306972365381,0.68941305652268636,false
d100_delay_median_cap1,city,d100_median_city_qnehvi,755,14217648.000000002,677.1235565052573,0.86590133985989082,0.58362912941877065,false
d100_delay_median_cap1,city,d100_median_city_qnehvi,756,14182805.333333332,672.6753290311458,0.8637793073161848,0.57979509484231717,false
d100_delay_median_cap1,city,d100_median_city_qnehvi,757,13652773.333333332,845.9317597270889,0.83149862214458548,0.72912899238852036,false
d100_delay_median_cap1,city,d100_median_city_qnehvi,758,13858067.333333332,735.2578851716142,0.84400169928260416,0.63373650982656937,false
d100_delay_median_cap1,city,d100_median_city_qnehvi,759,13862877.333333332,763.7939809166553,0.84429464404004395,0.65833245920196193,false
d100_delay_median_cap1,city,d100_median_city_qnehvi,760,14235328.000000002,683.301695723965,0.8669781097791297,0.58895421666319059,false
d100_delay_median_cap1,city,d100_median_city_qnehvi,761,13680132.666666666,815.3204978120866,0.83316489517307812,0.70274440722644127,false
d100_delay_median_cap1,city,d100_median_city_qnehvi,762,14021712.666666668,751.799958858613,0.85396823618063067,0.6479945222261857,false
d100_delay_median_cap1,city,d100_median_city_qnehvi,763,14059322.666666664,747.4338040523338,0.85625880839005153,0.6442312280621959,false
d100_delay_median_cap1,city,d100_median_city_qnehvi,764,14339265.333333336,724.1504575524232,0.87330823387523859,0.6241627499873339,false
d100_delay_median_cap1,city,d100_median_city_qnehvi,765,14542266.666666666,772.5188095338203,0.88567168010253838,0.66585259947952802,false
d100_delay_median_cap1,city,d100_median_city_qnehvi,766,14295005.333333334,743.9026576613105,0.8706126548805837,0.64118764779646176,false
d100_delay_median_cap1,city,d100_median_city_qnehvi,767,14654250.666666666,776.7886029427582,0.89249187255932649,0.66953283743036507,false
d100_delay_median_cap1,city,d100_median_city_qnehvi,768,14180656.000000002,708.5576144210572,0.86364840587502256,0.61072290230445092,false
d100_delay_median_cap1,city,d100_median_city_qnehvi,769,14052824.666666666,719.2960930775873,0.85586305890276582,0.61997865613162406,false
d100_delay_median_cap1,city,d100_median_city_qnehvi,770,13631046.666666664,888.3988184077654,0.8301753969685679,0.7657323748121041,false
d100_delay_median_cap1,city,d100_median_city_qnehvi,771,14268247.333333332,694.2519735387186,0.86898300502204362,0.59839252529463549,false
d100_delay_median_cap1,city,d100_median_city_qnehvi,772,13846679.333333334,767.2309591630872,0.84330813277580063,0.66129487367200213,false
d100_delay_median_cap1,city,d100_median_city_qnehvi,773,13599666.666666668,893.025796773937,0.82826425216847144,0.76972047909491137,false
d100_delay_median_cap1,city,d100_median_city_qnehvi,774,13798671.999999998,825.0788844239635,0.84038432890497472,0.71115539607494005,false
d100_delay_median_cap1,city,d100_median_city_qnehvi,775,14110322.666666666,672.6866930841688,0.85936487546477824,0.5798048897937832,false
d100_delay_median_cap1,city,d100_median_city_qnehvi,776,14367972.000000002,678.6386450691833,0.87505656391756204,0.58493502080456172,false
d100_delay_median_cap1,city,d100_median_city_qnehvi,777,14026692.666666668,723.3558329748255,0.85427153449498627,0.62347784389304328,false
d100_delay_median_cap1,city,d100_median_city_qnehvi,778,14126620.666666668,725.4008963919389,0.86035747705661947,0.62524053339080088,false
d100_delay_median_cap1,city,d100_median_city_qnehvi,779,14325861.333333334,693.7309484953457,0.87249188636406938,0.59794344123966847,false
d100_delay_median_cap1,city,d100_median_city_qnehvi,780,13701635.333333334,840.9555323375029,0.83447447801527763,0.7248398619465618,false
d100_delay_median_cap1,city,d100_median_city_qnehvi,781,13938904.000000002,779.8046627860297,0.84892491710150608,0.67213245217377815,false
d100_delay_median_cap1,city,d100_median_city_qnehvi,782,14207054.666666666,671.5479135700774,0.86525617115639519,0.57882334825675652,false
d100_delay_median_cap1,city,d100_median_city_qnehvi,783,14303818.666666668,704.5396602539056,0.87114941575284344,0.60725973067190264,false
d100_delay_median_cap1,city,d100_median_city_qnehvi,784,13610916.666666666,911.1512538649212,0.82894941402319045,0.78534324785062537,false
d100_delay_median_cap1,city,d100_median_city_qnehvi,785,13961442.0,757.2756796287723,0.85029755513543126,0.65271417806347842,false
d100_delay_median_cap1,city,d100_median_city_qnehvi,786,13712071.333333332,833.5174403598589,0.83511006460335291,0.71842879102199642,false
d100_delay_median_cap1,city,d100_median_city_qnehvi,787,14257287.333333334,713.8078336381639,0.86831550511735744,0.61524819291278887,false
d100_delay_median_cap1,city,d100_median_city_qnehvi,788,13920005.333333334,798.1391170265517,0.84777392638994586,0.68793536061487759,false
d100_delay_median_cap1,city,d100_median_city_qnehvi,789,13960054.666666668,852.9221115065271,0.85021306199056201,0.73515414523421496,false
d100_delay_median_cap1,city,d100_median_city_qnehvi,790,14116236.0,787.0843864617788,0.85972501683671088,0.67840702163819744,false
d100_delay_median_cap1,city,d100_median_city_qnehvi,791,13653198.66666667,864.5224697444164,0.83152452633796703,0.74515277386599355,false
d100_delay_median_cap1,city,d100_median_city_qnehvi,792,14111806.666666666,706.6956982807437,0.85945525592632521,0.60911807186311995,false
d100_delay_median_cap1,city,d100_median_city_qnehvi,793,14226339.999999998,857.4252470361337,0.86643071113466563,0.73903550638839377,false
d100_delay_median_cap1,city,d100_median_city_qnehvi,794,13676395.333333334,865.7671514119222,0.83293727932966788,0.74622559502400965,false
d100_delay_median_cap1,city,d100_median_city_qnehvi,795,14129064.0,694.6042568541071,0.86050628406091845,0.59869616678324378,false
d100_delay_median_cap1,city,d100_median_city_qnehvi,796,14193592.666666668,907.7716355287932,0.86443629125521948,0.78243027327112313,false
d100_delay_median_cap1,city,d100_median_city_qnehvi,797,14006977.333333332,742.3195344836972,0.85307080610804631,0.63982311573575212,false
d100_delay_median_cap1,city,d100_median_city_qnehvi,798,13679741.333333332,1200.1590321688466,0.83314106169108015,1.0344460244802309,false
d100_delay_median_cap1,city,d100_median_city_qnehvi,799,14078581.333333332,708.0742746397611,0.8574317242809627,0.61030630008605047,false
d100_delay_median_cap1,city,d100_median_city_qnehvi,800,13945410.66666667,817.043091415105,0.8493211944171839,0.70422915221162652,false
d100_delay_median_cap1,city,d100_median_city_qnehvi,801,14321136.666666664,746.1494241144842,0.87220413868617908,0.64312419000722276,false
d100_delay_median_cap1,city,d100_median_city_qnehvi,802,14370977.333333332,687.8308624075685,0.87523959856295885,0.59285801469701871,false
d100_delay_median_cap1,city,d100_median_city_qnehvi,803,13865909.333333334,828.8428308710916,0.84447930277280037,0.71439963232549086,false
d100_delay_median_cap1,city,d100_median_city_qnehvi,804,14215886.666666666,733.6690885926005,0.8657940688898067,0.63236708772431816,false
d100_delay_median_cap1,city,d100_median_city_qnehvi,805,14114820.666666666,704.8889317235444,0.85963881840011391,0.60756077617799631,false
d100_delay_median_cap1,city,d100_median_city_qnehvi,806,13759672.0,835.6685758090791,0.83800910114194849,0.72028290656328708,false
d100_delay_median_cap1,city,d100_median_city_qnehvi,807,13706666.666666668,834.5750657506494,0.83478090269779992,0.71934038386225163,false
d100_delay_median_cap1,city,d100_median_city_qnehvi,808,14145694.000000002,736.421773543605,0.86151910554038347,0.63473969329398772,false
d100_delay_median_cap1,city,d100_median_city_qnehvi,809,13719008.666666668,789.5742229958346,0.83553257092988387,0.68055307181590186,false
d100_delay_median_cap1,city,d100_median_city_qnehvi,810,13674930.000000002,1199.7686249064586,0.83284803572927257,1.0341095230419375,false
d100_delay_median_cap1,city,d100_median_city_qnehvi,811,14490944.666666666,785.4315954394058,0.88254600217294754,0.67698244118130513,false
d100_delay_median_cap1,city,d100_median_city_qnehvi,812,13624058.666666666,834.0382424665373,0.82974980487605421,0.71887768292244802,false
d100_delay_median_cap1,city,d100_median_city_qnehvi,813,14233622.666666666,723.7840903043029,0.86687424939250013,0.62384696921731964,false
d100_delay_median_cap1,city,d100_median_city_qnehvi,814,13782062.0,749.3285976895388,0.83937272549102959,0.64586439641128979,false
d100_delay_median_cap1,city,d100_median_city_qnehvi,815,13713641.333333332,860.4552569669373,0.83520568274663376,0.74164714504880647,false
d100_delay_median_cap1,city,d100_median_city_qnehvi,816,13963129.333333334,753.9504535544202,0.85040031926309323,0.64984808548665085,false
d100_delay_median_cap1,city,d100_median_city_qnehvi,817,14057165.999999998,713.9096507819266,0.85612746032486542,0.61533595156540599,false
d100_delay_median_cap1,city,d100_median_city_qnehvi,818,14443606.666666666,756.3423907657832,0.87966296289484147,0.65190975387623862,false
d100_delay_median_cap1,city,d100_median_city_qnehvi,819,13943676.000000002,734.5220931963543,0.84921554753445894,0.63310231297161057,false
d100_delay_median_cap1,city,d100_median_city_qnehvi,820,13786332.0,827.2179743713789,0.83963278247944317,0.71299912930761911,false
d100_delay_median_cap1,city,d100_median_city_qnehvi,821,14175942.000000002,772.4650187848415,0.86336130783207621,0.66580623593524479,false
d100_delay_median_cap1,city,d100_median_city_qnehvi,822,13923785.333333334,801.4378034465001,0.84800414077313147,0.69077857802328735,false
d100_delay_median_cap1,city,d100_median_city_qnehvi,823,13847212.0,756.709474119469,0.84334057392080308,0.65222615187491639,false
d100_delay_median_cap1,city,d100_median_city_qnehvi,824,14548200.0,761.175564966291,0.88603303953999013,0.65607558332327509,false
d100_delay_median_cap1,city,d100_median_city_qnehvi,825,13719625.333333332,813.4541859124855,0.83557012795006846,0.70113578797412968,false
d100_delay_median_cap1,city,d100_median_city_qnehvi,826,13604744.666666666,835.8200029510988,0.82857351900387244,0.72041342527027663,false
d100_delay_median_cap1,city,d100_median_city_qnehvi,827,14088744.0,808.2730705945496,0.85805066397360508,0.6966700596836658,false
d100_delay_median_cap1,city,d100_median_city_qnehvi,828,14215261.333333334,686.1288803599571,0.86575598404123055,0.59139103530870674,false
d100_delay_median_cap1,city,d100_median_city_qnehvi,829,14068766.66666667,755.2441178029064,0.85683397892836,0.65096312591295202,false
d100_delay_median_cap1,city,d100_median_city_qnehvi,830,13609816.0,882.5030196843907,0.82888237981743385,0.76065064365226842,false
d100_delay_median_cap1,city,d100_median_city_qnehvi,831,13904228.666666666,797.1111023222504,0.84681307570597952,0.68704928993968561,false
d100_delay_median_cap1,city,d100_median_city_qnehvi,832,14013770.666666666,699.9820086141353,0.85348454236283688,0.60333138076713533,false
d100_delay_median_cap1,city,d100_median_city_qnehvi,833,13568088.000000002,864.5428607804906,0.82634100791754772,0.74517034939193338,false
d100_delay_median_cap1,city,d100_median_city_qnehvi,834,14126997.333333332,746.5287368942445,0.86038041729057002,0.64345112884327715,false
d100_delay_median_cap1,city,d100_median_city_qnehvi,835,14146491.33333333,681.3661810290581,0.86156766575242716,0.5872859498520403,false
d100_delay_median_cap1,city,d100_median_city_qnehvi,836,14085534.000000002,671.5914118287649,0.85785516445772525,0.57886084045534436,false
d100_delay_median_cap1,city,d100_median_city_qnehvi,837,14095480.666666666,651.2294499581315,0.85846094904275672,0.56131037427284991,false
d100_delay_median_cap1,city,d100_median_city_qnehvi,838,13711965.333333334,808.665429214529,0.8351036088560998,0.69700824304414477,false
d100_delay_median_cap1,city,d100_median_city_qnehvi,839,13978674.666666666,718.4016898879263,0.85134708098921696,0.61920774844436943,false
d100_delay_median_cap1,city,d100_median_city_qnehvi,840,13603587.333333332,882.3082876346134,0.82850303361247735,0.76048279940052221,false
d100_delay_median_cap1,city,d100_median_city_qnehvi,841,14137244.666666668,706.5202099442622,0.86100451346057827,0.60896681423213084,false
d100_delay_median_cap1,city,d100_median_city_qnehvi,842,14135745.333333332,694.4593502069856,0.8609131991487996,0.59857126824811813,false
d100_delay_median_cap1,city,d100_median_city_qnehvi,843,13599279.333333336,880.8597595832617,0.82824066229957705,0.75923427812633659,false
d100_delay_median_cap1,city,d100_median_city_qnehvi,844,14056095.999999998,706.3094953135922,0.85606229381957211,0.60878519420832256,false
d100_delay_median_cap1,city,d100_median_city_qnehvi,845,14228859.999999998,673.8122287792398,0.86658418739012277,0.58077501616367999,false
d100_delay_median_cap1,city,d100_median_city_qnehvi,846,14185083.999999998,651.2879215128906,0.86391808558103977,0.56136077231656289,false
d100_delay_median_cap1,city,d100_median_city_qnehvi,847,13543160.666666666,907.505935149258,0.82482285165622604,0.78220125970379906,false
d100_delay_median_cap1,city,d100_median_city_qnehvi,848,13691171.333333332,808.3248977422825,0.83383718613547475,0.69671473075266177,false
d100_delay_median_cap1,city,d100_median_city_qnehvi,849,14207002.000000002,664.4073437507911,0.86525296358386072,0.57266871885840454,false
d100_delay_median_cap1,city,d100_median_city_qnehvi,850,14087678.666666668,659.8295586166035,0.85798578168359962,0.56872301540906467,false
d100_delay_median_cap1,city,d100_median_city_qnehvi,851,13604562.0,900.5204770701868,0.82856239400546106,0.77618032485651467,false
d100_delay_median_cap1,city,d100_median_city_qnehvi,852,14139990.666666666,659.4893661942119,0.86117175385640554,0.56842979535283145,false
d100_delay_median_cap1,city,d100_median_city_qnehvi,853,13558547.333333334,1125.2348859003469,0.82575995006256209,0.9698670952153623,false
d100_delay_median_cap1,city,d100_median_city_qnehvi,854,13882359.999999998,722.5960106448354,0.84548120226477352,0.62282293469559369,false
d100_delay_median_cap1,city,d100_median_city_qnehvi,855,14027084.666666666,676.7048792583696,0.8542954085791683,0.58326826139880439,false
d100_delay_median_cap1,city,d100_median_city_qnehvi,856,13747884.0,784.5815498841464,0.837291173324755,0.67624976640929912,false
d100_delay_median_cap1,city,d100_median_city_qnehvi,857,13639172.0,1586.6277955633377,0.83067025638695702,1.3675527754720265,false
d100_delay_median_cap1,city,d100_median_city_qnehvi,858,13924735.999999998,724.5404847902983,0.84806203948749159,0.62449892387333106,false
d100_delay_median_cap1,city,d100_median_city_qnehvi,859,13875026.0,770.291239574243,0.84503453763877279,0.66393260318972636,false
d100_delay_median_cap1,city,d100_median_city_qnehvi,860,14139120.000000002,671.2548156039445,0.86111872740412354,0.57857072004855858,false
d100_delay_median_cap1,city,d100_median_city_qnehvi,861,13498430.000000002,889.6846884865805,0.822098607519679,0.76684069725552617,false
d100_delay_median_cap1,city,d100_median_city_qnehvi,862,13593634.666666666,862.6579579636559,0.82789688360778979,0.74354570617953986,false
d100_delay_median_cap1,city,d100_median_city_qnehvi,863,14145552.666666668,675.3014934231926,0.86151049787737888,0.58205864928982654,false
d100_delay_median_cap1,city,d100_median_city_qnehvi,864,14203674.0,831.9308649146845,0.86505027748141572,0.71706128336858765,false
d100_delay_median_cap1,city,d100_median_city_qnehvi,865,13631771.999999996,884.1798629367888,0.8302195721447414,0.76209595530649576,false
d100_delay_median_cap1,city,d100_median_city_qnehvi,866,13969842.66666667,730.2309919515128,0.85080918325580568,0.62940370928294209,false
d100_delay_median_cap1,city,d100_median_city_qnehvi,867,14060518.0,648.3467872858905,0.85633160810593367,0.55882573776944544,false
d100_delay_median_cap1,city,d100_median_city_qnehvi,868,13734511.333333334,829.9434732713751,0.83647673411623291,0.7153483025640428,false
d100_delay_median_cap1,city,d100_median_city_qnehvi,869,13607913.333333336,917.9823197799624,0.82876650118434558,0.79123110836691635,false
d100_delay_median_cap1,city,d100_median_city_qnehvi,870,14083193.333333334,671.5592985832986,0.85771261018975975,0.57883316127432316,false
d100_delay_median_cap1,city,d100_median_city_qnehvi,871,14175377.333333336,707.9463553043843,0.86332691778224213,0.61019604332474808,false
d100_delay_median_cap1,city,d100_median_city_qnehvi,872,14120650.0,688.1820788326756,0.8599938438968644,0.59316073660715407,false
d100_delay_median_cap1,city,d100_median_city_qnehvi,873,13750506.000000002,827.9672504505552,0.83745086171436167,0.71364494843705661,false
d100_delay_median_cap1,city,d100_median_city_qnehvi,874,14081312.000000002,668.1096633065072,0.85759803082655883,0.57585983740445645,false
d100_delay_median_cap1,city,d100_median_city_qnehvi,875,14122642.0,703.1550931192387,0.86011516322260662,0.60606633885490835,false
d100_delay_median_cap1,city,d100_median_city_qnehvi,876,13508879.333333332,924.4930120432964,0.82273500615143391,0.79684283110356835,false
d100_delay_median_cap1,city,d100_median_city_qnehvi,877,14049822.666666666,680.7260261433163,0.85568022726828863,0.58673418491184681,false
d100_delay_median_cap1,city,d100_median_city_qnehvi,878,13843444.666666666,779.8810765204564,0.84311113097911317,0.67219831501501415,false
d100_delay_median_cap1,city,d100_median_city_qnehvi,879,13536109.333333332,897.0218301318868,0.82439340235623393,0.77316475665315409,false
d100_delay_median_cap1,city,d100_median_city_qnehvi,880,13748526.666666664,793.6090840435402,0.8373303138301148,0.68403081589668968,false
d100_delay_median_cap1,city,d100_median_city_qnehvi,881,14273238.0,897.5911125282458,0.86928695297134295,0.77365543488490163,false
d100_delay_median_cap1,city,d100_median_city_qnehvi,882,13549055.333333332,850.6545273391731,0.82518185616700679,0.73319965973336021,false
d100_delay_median_cap1,city,d100_median_city_qnehvi,883,13874057.333333334,738.9239731440958,0.84497554266544495,0.63689639949692012,false
d100_delay_median_cap1,city,d100_median_city_qnehvi,884,14131512.666666664,735.2846853533429,0.86065541588268912,0.63375960954977384,false
d100_delay_median_cap1,city,d100_median_city_qnehvi,885,13697506.666666668,796.3050249036409,0.83422302868986875,0.68635451236541956,false
d100_delay_median_cap1,city,d100_median_city_qnehvi,886,13984093.999999998,784.0452161969702,0.8516771361428177,0.67578748746490658,false
d100_delay_median_cap1,city,d100_median_city_qnehvi,887,13613146.666666668,740.455999098976,0.82908522832861498,0.63821688962860079,false
d100_delay_median_cap1,city,d100_median_city_qnehvi,888,14077342.0,760.2483790812972,0.85735624482093786,0.65527641944000803,false
d100_delay_median_cap1,city,d100_median_city_qnehvi,889,13915975.333333334,837.926607757016,0.84752848618776644,0.7222291587757721,false
d100_delay_median_cap1,city,d100_median_city_qnehvi,890,14017374.666666668,704.6793592843817,0.85370403776945081,0.60738014063660417,false
d100_delay_median_cap1,city,d100_median_city_qnehvi,891,14064243.333333334,675.5537496638941,0.85655849311003296,0.58227607502954071,false
d100_delay_median_cap1,city,d100_median_city_qnehvi,892,13949563.333333336,738.1289338695174,0.84957410542121592,0.63621113596529699,false
d100_delay_median_cap1,city,d100_median_city_qnehvi,893,13605376.66666667,1006.1823597148898,0.82861200987428885,0.86725285067285374,false
d100_delay_median_cap1,city,d100_median_city_qnehvi,894,13876233.333333332,1116.067673282664,0.84510806819396667,0.96196565349493457,false
d100_delay_median_cap1,city,d100_median_city_qnehvi,895,13913169.333333332,826.8981896629391,0.84735759159538038,0.71272349915239086,false
d100_delay_median_cap1,city,d100_median_city_qnehvi,896,14117244.666666668,660.0905106384579,0.85978644794107761,0.56894793625234596,false
d100_delay_median_cap1,city,d100_median_city_qnehvi,897,13480803.999999996,884.0117547827722,0.82102512637734248,0.7619510588328251,false
d100_delay_median_cap1,city,d100_median_city_qnehvi,898,14125401.333333334,686.6629123203193,0.86028321566211385,0.59185133033922743,false
d100_delay_median_cap1,city,d100_median_city_qnehvi,899,14070087.333333332,659.5543520077816,0.85691441185483086,0.56848580819337402,false
d100_delay_median_cap1,city,d100_median_city_qnehvi,900,14228053.333333334,680.4390880680263,0.86653505874750325,0.58648686606217793,false
d100_delay_median_cap1,city,d100_median_city_qnehvi,901,13556082.666666668,880.5798169828984,0.82560984378837543,0.75899298884527755,false
d100_delay_median_cap1,city,d100_median_city_qnehvi,902,14068312.666666664,673.7595194220511,0.856806328841067,0.58072958469706981,false
d100_delay_median_cap1,city,d100_median_city_qnehvi,903,13988965.333333334,712.2102898420475,0.85197381630118418,0.61387123137308419,false
d100_delay_median_cap1,city,d100_median_city_qnehvi,904,13165964.666666666,804.8802780885284,0.80185037957154703,0.6937457299692964,false
d100_delay_median_cap1,city,d100_median_city_qnehvi,905,13736020.666666668,818.8296778631227,0.83656865746077103,0.70576905417378755,false
d100_delay_median_cap1,city,d100_median_city_qnehvi,906,14106782.666666668,683.8030348623056,0.8591492778678268,0.58938633296167442,false
d100_delay_median_cap1,city,d100_median_city_qnehvi,907,14169818.666666668,683.5914502673995,0.86298837677218898,0.58920396309470235,false
d100_delay_median_cap1,city,d100_median_city_qnehvi,908,14068709.333333332,689.0894029379281,0.85683048714053711,0.59394278114328303,false
d100_delay_median_cap1,city,d100_median_city_qnehvi,909,14122140.0,696.7477478856722,0.86008458977806723,0.60054369341653047,false
d100_delay_median_cap1,city,d100_median_city_qnehvi,910,13551242.0,892.2885742796,0.82531503133047224,0.76908504924104748,false
d100_delay_median_cap1,city,d100_median_city_qnehvi,911,14062146.000000002,649.0554539047921,0.85643075863922125,0.55943655462534148,false
d100_delay_median_cap1,city,d100_median_city_qnehvi,912,14103754.666666668,726.0800822597112,0.8589648627481743,0.62582594007605541,false
d100_delay_median_cap1,city,d100_median_city_qnehvi,913,13583485.333333332,798.7051990847783,0.82727875595882727,0.68842328039797818,false
d100_delay_median_cap1,city,d100_median_city_qnehvi,914,14125265.333333332,674.7776027087632,0.86027493281658129,0.58160709524383958,false
d100_delay_median_cap1,city,d100_median_city_qnehvi,915,13529780.666666666,975.1435760218131,0.82400796582368008,0.8404997741759983,false
d100_delay_median_cap1,city,d100_median_city_qnehvi,916,13177970.666666666,850.9691730666196,0.80258158430290338,0.73347086047688903,false
d100_delay_median_cap1,city,d100_median_city_qnehvi,917,14713642.000000002,1250.9183500720344,0.89610899932385191,1.0781967051840973,false
d100_delay_median_cap1,city,d100_median_city_qnehvi,918,13575604.666666664,916.6583556595526,0.82679879754195995,0.7900899517499993,false
d100_delay_median_cap1,city,d100_median_city_qnehvi,919,14323274.0,705.854902498827,0.8723343092880298,0.60839336969391522,false
d100_delay_median_cap1,city,d100_median_city_qnehvi,920,14077440.666666666,715.337265862921,0.85736225394416721,0.61656644744590094,false
d100_delay_median_cap1,city,d100_median_city_qnehvi,921,13479204.0,615.3072097268457,0.82092768113578274,0.53034812876899762,false
d100_delay_median_cap1,city,d100_median_city_qnehvi,922,13898518.666666666,739.3881499455506,0.846465318000162,0.63729648468067535,false
d100_delay_median_cap1,city,d100_median_city_qnehvi,923,14093098.0,711.9125858392624,0.85831583683720036,0.61361463311077202,false
d100_delay_median_cap1,city,d100_median_city_qnehvi,924,13320336.666666666,896.8292311332112,0.81125214009036517,0.77299875092961357,false
d100_delay_median_cap1,city,d100_median_city_qnehvi,925,13622451.333333336,870.6183389941119,0.8296519130104707,0.75040695063930274,false
d100_delay_median_cap1,city,d100_median_city_qnehvi,926,14275883.999999998,723.8817387018713,0.86944810303957287,0.623931134727018,false
d100_delay_median_cap1,city,d100_median_city_qnehvi,927,13987110.666666666,705.3386797564826,0.8518608610253422,0.60794842485806333,false
d100_delay_median_cap1,city,d100_median_city_qnehvi,928,14559622.666666664,1241.6549098962853,0.88672871736036085,1.070212322609817,false
d100_delay_median_cap1,city,d100_median_city_qnehvi,929,13250330.666666668,839.1573902945179,0.8069885453524569,0.72328999993831178,false
d100_delay_median_cap1,city,d100_median_city_qnehvi,930,13490904.666666666,828.4159556133734,0.82164029006687456,0.71403169824220725,false
d100_delay_median_cap1,city,d100_median_city_qnehvi,931,14307964.666666666,781.2058932875672,0.87140192073503597,0.67334020654869364,false
d100_delay_median_cap1,city,d100_median_city_qnehvi,932,13304831.333333332,761.4238878952373,0.81030781449528011,0.65628961884669379,false
d100_delay_median_cap1,city,d100_median_city_qnehvi,933,13360236.666666664,787.541223829272,0.81368218080176868,0.67880078078675221,false
d100_delay_median_cap1,city,d100_median_city_qnehvi,934,14765025.333333332,1230.0767498328237,0.8992384126543691,1.060232827120124,false
d100_delay_median_cap1,city,d100_median_city_qnehvi,935,14082477.333333334,691.5095574869881,0.85766900344416175,0.59602877073699423,false
d100_delay_median_cap1,city,d100_median_city_qnehvi,936,14060569.333333334,754.1088169244154,0.85633473447410036,0.64998458269587389,false
d100_delay_median_cap1,city,d100_median_city_qnehvi,937,13755656.666666668,732.8886022376531,0.83776455418781681,0.63169436770522425,false
d100_delay_median_cap1,city,d100_median_city_qnehvi,938,13242684.000000002,747.2234397684194,0.80652283830216787,0.64404991001070855,false
d100_delay_median_cap1,city,d100_median_city_qnehvi,939,13983934.666666666,756.3372241728264,0.85166743222084562,0.65190530066512165,false
d100_delay_median_cap1,city,d100_median_city_qnehvi,940,14255093.333333334,697.2450682232139,0.86818188332986812,0.60097234581364933,false
d100_delay_median_cap1,city,d100_median_city_qnehvi,941,14196050.666666666,700.5699491574692,0.86458599150756588,0.60383814090590082,false
d100_delay_median_cap1,city,d100_median_city_qnehvi,942,14222846.000000002,687.7835024304778,0.86621791508840928,0.59281719399017263,false
d100_delay_median_cap1,city,d100_median_city_qnehvi,943,13410651.333333332,936.5236935651218,0.81675259915895826,0.8072123657556135,false
d100_delay_median_cap1,city,d100_median_city_qnehvi,944,13321653.333333334,874.6349958474784,0.81133232940373223,0.75386900408580104,false
d100_delay_median_cap1,city,d100_median_city_qnehvi,945,13835717.333333334,809.0442758939778,0.84264051106456217,0.69733478013709571,false
d100_delay_median_cap1,city,d100_median_city_qnehvi,946,14638230.666666664,1220.0349940702488,0.89151620207820637,1.0515775955641649,false
d100_delay_median_cap1,city,d100_median_city_qnehvi,947,13430955.33333333,788.7818647298775,0.8179891792743551,0.67987011911029083,false
d100_delay_median_cap1,city,d100_median_city_qnehvi,948,13653272.0,1429.390259524432,0.83152899257820512,1.2320259496974653,false
d100_delay_median_cap1,city,d100_median_city_qnehvi,949,13654503.333333332,859.5852018600333,0.83160398481202225,0.7408972235614939,false
d100_delay_median_cap1,city,d100_median_city_qnehvi,950,14325489.333333334,700.2134225294476,0.87246923034540658,0.60353084200376117,false
d100_delay_median_cap1,city,d100_median_city_qnehvi,951,14210411.333333334,696.6171330066634,0.86546060315275153,0.60043111330113985,false
d100_delay_median_cap1,city,d100_median_city_qnehvi,952,13913677.333333334,767.6089397042497,0.84738853045957585,0.66162066421946808,false
d100_delay_median_cap1,city,d100_median_city_qnehvi,953,13803922.666666668,812.0761942343614,0.84070411170602799,0.69994806370176688,false
d100_delay_median_cap1,city,d100_median_city_qnehvi,954,13339827.333333334,767.084591060453,0.81243918554130257,0.66116871547311173,false
d100_delay_median_cap1,city,d100_median_city_qnehvi,955,13529434.000000002,829.0412254726075,0.82398685268800886,0.71457063341894222,false
d100_delay_median_cap1,city,d100_median_city_qnehvi,956,14060288.666666666,717.389310341883,0.85631764095464336,0.61833515408928863,false
d100_delay_median_cap1,city,d100_median_city_qnehvi,957,13819466.666666668,1172.1231128076292,0.84165079222778383,1.0102811891971519,false
d100_delay_median_cap1,city,d100_median_city_qnehvi,958,13662560.0,880.373033788772,0.83209466220546102,0.75881475742147453,false
d100_delay_median_cap1,city,d100_median_city_qnehvi,959,14767249.333333334,1237.9784945986569,0.89937386154013754,1.0670435315687685,false
d100_delay_median_cap1,city,d100_median_city_qnehvi,960,13297784.666666668,720.916071449803,0.80987864941057619,0.62137495457371827,false
d100_delay_median_cap1,city,d100_median_city_qnehvi,961,13976249.999999996,744.4438324552721,0.8511994108460692,0.64165409940758744,false
d100_delay_median_cap1,city,d100_median_city_qnehvi,962,13145341.999999998,810.6942581387373,0.8005943916122058,0.6987569396407991,false
d100_delay_median_cap1,city,d100_median_city_qnehvi,963,13758186.666666668,707.5043598994071,0.83791863947603373,0.60981507682175817,false
d100_delay_median_cap1,city,d100_median_city_qnehvi,964,13640702.666666666,1215.19364139548,0.8307634790013827,1.0474047168928515,false
d100_delay_median_cap1,city,d100_median_city_qnehvi,965,13301758.0,802.2007166742956,0.81012063842711701,0.69143615134012537,false
d100_delay_median_cap1,city,d100_median_city_qnehvi,966,13930905.999999998,749.3701942746812,0.84843781270025742,0.64590024951156988,false
d100_delay_median_cap1,city,d100_median_city_qnehvi,967,14029933.333333332,750.0836787736156,0.85446890171132939,0.64651521901450071,false
d100_delay_median_cap1,city,d100_median_city_qnehvi,968,13314917.333333332,664.1287902170072,0.81092208493676421,0.57242862684734241,false
d100_delay_median_cap1,city,d100_median_city_qnehvi,969,13570119.333333334,882.3204817044888,0.82646472277214511,0.76049330976353813,false
d100_delay_median_cap1,city,d100_median_city_qnehvi,970,14111377.333333334,691.1110968666335,0.85942910811984008,0.59568532791517681,false
d100_delay_median_cap1,city,d100_median_city_qnehvi,971,14138300.666666666,708.4794350651473,0.86106882732000767,0.61065551763146209,false
d100_delay_median_cap1,city,d100_median_city_qnehvi,972,14130828.000000002,758.6809721407411,0.86061371743973847,0.65392543358318311,false
d100_delay_median_cap1,city,d100_median_city_qnehvi,973,13128123.333333336,825.7660348388265,0.7995457184042839,0.71174766759548203,false
d100_delay_median_cap1,city,d100_median_city_qnehvi,974,13297572.666666666,768.470987267013,0.80986573791606942,0.66236368381129818,false
d100_delay_median_cap1,city,d100_median_city_qnehvi,975,13897820.666666666,755.1438159282206,0.84642280751353161,0.65087667330730936,false
d100_delay_median_cap1,city,d100_median_city_qnehvi,976,13486018.666666666,660.4491621635573,0.82134271666046066,0.56925706665454157,false
d100_delay_median_cap1,city,d100_median_city_qnehvi,977,13414100.666666668,697.0836832286373,0.81696267485888807,0.60083324419330097,false
d100_delay_median_cap1,city,d100_median_city_qnehvi,978,14118068.0,800.3452845282475,0.85983659163829684,0.68983690960988242,false
d100_delay_median_cap1,city,d100_median_city_qnehvi,979,14024158.666666666,931.8423357439844,0.85411720559366544,0.80317739050863013,false
d100_delay_median_cap1,city,d100_median_city_qnehvi,980,13360435.999999998,710.9914433512121,0.81369432085477966,0.61282067817713171,false
d100_delay_median_cap1,city,d100_median_city_qnehvi,981,13470461.333333334,1511.2376300669616,0.82039522409502519,1.3025721729916202,false
d100_delay_median_cap1,city,d100_median_city_qnehvi,982,13986858.666666668,864.7955473134741,0.85184551339979675,0.74538814601094661,false
d100_delay_median_cap1,city,d100_median_city_qnehvi,983,13562548.666666668,717.7966653125129,0.82600364437083007,0.61868626316619069,false
d100_delay_median_cap1,city,d100_median_city_qnehvi,984,13302848.000000002,758.1702102477545,0.81018702299792977,0.65348519558513951,false
d100_delay_median_cap1,city,d100_median_city_qnehvi,985,12975792.666666666,759.3523569247391,0.79026828177282282,0.65450411632612604,false
d100_delay_median_cap1,city,d100_median_city_qnehvi,986,13499923.333333332,737.7359683665754,0.82218955641180158,0.63587242951775103,false
d100_delay_median_cap1,city,d100_median_city_qnehvi,987,13382937.333333332,639.8933667653673,0.81506472576858613,0.55153953067827999,false
d100_delay_median_cap1,city,d100_median_city_qnehvi,988,13441767.333333332,654.3445068474606,0.81864766549419743,0.56399531695863125,false
d100_delay_median_cap1,city,d100_median_city_qnehvi,989,13310666.66666667,764.744113321775,0.81066320541168668,0.65915140124452587,false
d100_delay_median_cap1,city,d100_median_city_qnehvi,990,13174367.999999998,804.0424691895867,0.80236217010065713,0.69302360226658843,false
d100_delay_median_cap1,city,d100_median_city_qnehvi,991,13415873.999999996,665.0818360792096,0.8170706766682837,0.57325008006885503,false
d100_delay_median_cap1,city,d100_median_city_qnehvi,992,13329954.666666666,817.5198164178969,0.8118379077986928,0.70464005299284838,false
d100_delay_median_cap1,city,d100_median_city_qnehvi,993,14872107.333333332,1224.277652047355,0.90576005725232767,1.0552344448316453,false
d100_delay_median_cap1,city,d100_median_city_qnehvi,994,13485018.666666666,611.5508574367627,0.82128181338448558,0.52711043810561831,false
d100_delay_median_cap1,city,d100_median_city_qnehvi,995,13549145.333333332,628.91425747378,0.82518733746184447,0.542076371501373,false
d100_delay_median_cap1,city,d100_median_city_qnehvi,996,13906491.333333334,697.9217569856482,0.8469508795184193,0.60155560018356879,false
d100_delay_median_cap1,city,d100_median_city_qnehvi,997,13533772.666666668,700.2703823886302,0.82425109170137245,0.6035799370805861,false
d100_delay_median_cap1,city,d100_median_city_qnehvi,998,13431706.000000002,765.4881139181215,0.81803489733352075,0.65979267330803792,false
d100_delay_median_cap1,city,d100_median_city_qnehvi,999,13505812.666666664,1155.0399681817637,0.8225482361051103,0.99555681470162138,false
d100_delay_median_cap1,city,d100_median_city_qnehvi,1000,13115232.0,1461.7457210193909,0.7987605939725978,1.2599139025575117,false
d100_delay_median_cap1,city,d100_median_city_qnehvi,1001,13233032.666666666,744.9640656585034,0.8059350404846406,0.64210250095643306,false
d100_delay_median_cap1,city,d100_median_city_qnehvi,1002,13364315.333333336,635.8022329405939,0.81393058496337911,0.54801328373331837,false
d100_delay_median_cap1,city,d100_median_city_qnehvi,1003,13951057.333333334,734.5467232077992,0.84966509491552278,0.63312354217269073,false
d100_delay_median_cap1,city,d100_median_city_qnehvi,1004,13265913.999999998,742.6466317357218,0.80793762140306757,0.6401050487487161,false
d100_delay_median_cap1,city,d100_median_city_qnehvi,1005,13677312.666666666,1208.4034019259868,0.83299314793482859,1.0415520456749443,false
d100_delay_median_cap1,city,d100_median_city_qnehvi,1006,13845926.666666666,927.1554227951574,0.84326229291008314,0.79913762716306946,false
d100_delay_median_cap1,city,d100_median_city_qnehvi,1007,13291789.999999998,756.2477159530971,0.80951355457219765,0.65182815137109018,false
d100_delay_median_cap1,city,d100_median_city_qnehvi,1008,13314610.0,646.8430598022339,0.81090336732994794,0.55752963877283235,false
d100_delay_median_cap1,city,d100_median_city_qnehvi,1009,13292039.333333332,757.2030110949681,0.80952873978900741,0.65265154330101471,false
d100_delay_median_cap1,city,d100_median_city_qnehvi,1010,13262771.999999998,753.2752125733219,0.80774626330995403,0.64926607899439392,false
d100_delay_median_cap1,city,d100_median_city_qnehvi,1011,13297206.666666668,725.1660861664243,0.80984344731706259,0.62503814479247322,false
d100_delay_median_cap1,city,d100_median_city_qnehvi,1012,13271109.333333332,748.0266731037208,0.80825403422285003,0.64474223620095605,false
d100_delay_median_cap1,city,d100_median_city_qnehvi,1013,13244235.333333334,744.3469766737401,0.80661731958429694,0.64157061707277352,false
d100_delay_median_cap1,city,d100_median_city_qnehvi,1014,13258702.666666668,759.0655052975278,0.80749842757891988,0.65425687198814175,false
d100_delay_median_cap1,city,d100_median_city_qnehvi,1015,13195055.333333332,743.2929708697002,0.8036220964718449,0.64066214404166377,false
d100_delay_median_cap1,city,d100_median_city_qnehvi,1016,13813845.333333334,754.5753986281617,0.8413084346124361,0.65038674072293423,false
d100_delay_median_cap1,city,d100_median_city_qnehvi,1017,13300429.333333334,754.3261364499169,0.81003971827443821,0.65017189563788536,false
d100_delay_median_cap1,city,d100_median_city_qnehvi,1018,13288520.666666668,757.1807815316744,0.80931444146194353,0.65263238310410854,false
d100_delay_median_cap1,city,d100_median_city_qnehvi,1019,13740860.0,839.8272464654783,0.83686338871430632,0.72386736513279881,false
d100_delay_median_cap1,city,d100_median_city_qnehvi,1020,14254541.999999998,775.6913604016997,0.86814830532371356,0.66858709761250334,false
d100_delay_median_cap1,city,d100_median_city_qnehvi,1021,13246986.0,749.7253516905026,0.8067848441954123,0.64620636825668076,false
d100_delay_median_cap1,city,d100_median_city_qnehvi,1022,13256889.333333334,747.89417137503,0.80738798963848524,0.644628029764303,false
d100_delay_median_cap1,city,d100_median_city_qnehvi,1023,13266769.333333332,761.7716556122884,0.80798971400511832,0.65658936823215308,false
d100_delay_median_cap1,city,d100_median_city_qnehvi,1024,13202622.666666668,734.2608948575672,0.80408297186224009,0.63287717982182212,false
d100_delay_median_cap1,city,d100_median_city_qnehvi,1025,13336979.333333334,692.2573567912607,0.81226573301132565,0.59667331699851422,false
d100_delay_median_cap1,city,d100_median_city_qnehvi,1026,13298203.333333334,679.2506179451335,0.80990414758211782,0.58546249499060576,false
d100_delay_median_cap1,city,d100_median_city_qnehvi,1027,13246677.333333332,782.9718440863281,0.80676604538422791,0.67486232214691133,false
d100_delay_median_cap1,city,d100_median_city_qnehvi,1028,13315618.666666664,718.5581584184877,0.81096479843431479,0.61934261244577016,false
d100_delay_median_cap1,city,d100_median_city_qnehvi,1029,13425855.999999998,659.1825883318587,0.81767861316906665,0.56816537611204443,false
d100_delay_median_cap1,city,d100_median_city_qnehvi,1030,13509961.333333334,726.5415615586867,0.82280090349603896,0.62622370021734475,false
d100_delay_median_cap1,city,d100_median_city_qnehvi,1031,13257847.333333336,691.5084526751559,0.80744633497686935,0.59602781847302178,false
d100_delay_median_cap1,city,d100_median_city_qnehvi,1032,13323444.666666666,744.3793454306162,0.81144142747209547,0.64159851648524335,false
d100_delay_median_cap1,city,d100_median_city_qnehvi,1033,13258248.666666668,743.8625703742009,0.80747077749162732,0.64115309559656875,false
d100_delay_median_cap1,city,d100_median_city_qnehvi,1034,13323657.999999998,749.5454658052546,0.81145442017096991,0.64605132027231615,false
d100_delay_median_cap1,city,d100_median_city_qnehvi,1035,13373492.000000002,696.7886528780738,0.81448947402590999,0.60057895041634213,false
d100_delay_median_cap1,city,d100_median_city_qnehvi,1036,13325564.666666666,766.0967931812063,0.81157054241716242,0.66031730864969251,false
d100_delay_median_cap1,city,d100_median_city_qnehvi,1037,13392517.333333336,1424.2244112928515,0.81564817915242716,1.2275733804770597,false
d100_delay_median_cap1,city,d100_median_city_qnehvi,1038,13503360.666666668,605.173662752711,0.82239890127241977,0.52161378015326987,false
d100_delay_median_cap1,city,d100_median_city_qnehvi,1039,13220584.000000002,793.4482958901158,0.8051768759031197,0.6838922287081296,false
d100_delay_median_cap1,city,d100_median_city_qnehvi,1040,13284338.666666664,764.3987009426893,0.80905974396181568,0.65885368198168304,false
d100_delay_median_cap1,city,d100_median_city_qnehvi,1041,13343838.0,806.2667587601466,0.81268344828014638,0.69494077110995445,false
d100_delay_median_cap1,city,d100_median_city_qnehvi,1042,13120228.666666664,801.6540662948645,0.79906490734155289,0.69096498018978114,false
d100_delay_median_cap1,city,d100_median_city_qnehvi,1043,13125463.333333332,752.0129858436769,0.79938371569019029,0.64817813532403334,false
d100_delay_median_cap1,city,d100_median_city_qnehvi,1044,13392883.333333332,628.9384338215673,0.81567046975143387,0.54209720967880182,false
d100_delay_median_cap1,city,d100_median_city_qnehvi,1045,13571206.666666666,754.4258156873927,0.82653094493422163,0.65025781157749507,false
d100_delay_median_cap1,city,d100_median_city_qnehvi,1046,13336655.333333334,639.4660334840565,0.81224600034990968,0.55117120181341195,false
d100_delay_median_cap1,city,d100_median_city_qnehvi,1047,13306075.333333336,656.0908867374978,0.81038357817059337,0.56550056391845838,false
d100_delay_median_cap1,city,d100_median_city_qnehvi,1048,13290363.333333334,662.7431361465315,0.80942666589847345,0.57123429817415139,false
d100_delay_median_cap1,city,d100_median_city_qnehvi,1049,13330010.666666666,703.4175903333758,0.81184131838214735,0.60629259153669712,false
d100_delay_median_cap1,city,d100_median_city_qnehvi,1050,13460744.000000004,668.0878690051845,0.81980340666128404,0.57584105237034411,false
d100_delay_median_cap1,city,d100_median_city_qnehvi,1051,13314901.333333334,642.5522432884816,0.81092111048434889,0.55383128050075892,false
d100_delay_median_cap1,city,d100_median_city_qnehvi,1052,13347144.666666668,726.3840471558736,0.81288483511270382,0.62608793475341795,false
d100_delay_median_cap1,city,d100_median_city_qnehvi,1053,13508500.0,1420.9616870262942,0.82271190350874734,1.2247611597162693,false
d100_delay_median_cap1,city,d100_median_city_qnehvi,1054,13582264.666666666,715.1348685463041,0.82720441335995365,0.61639199631573571,false
d100_delay_median_cap1,city,d100_median_city_qnehvi,1055,13348577.333333334,731.6667648883292,0.81297208920608399,0.63064123661618388,false
d100_delay_median_cap1,city,d100_median_city_qnehvi,1056,13376608.666666668,816.3060788551077,0.81467928923603228,0.70359390330523497,false
d100_delay_median_cap1,city,d100_median_city_qnehvi,1057,13464366.666666668,892.6099401677457,0.82002403892904918,0.76936204225321125,false
d100_delay_median_cap1,city,d100_median_city_qnehvi,1058,13719926.666666666,751.2237795177655,0.83558848013722875,0.6474978993515903,false
d100_delay_median_cap1,city,d100_median_city_qnehvi,1059,13254428.666666668,795.7359074002866,0.8072381269774026,0.68586397625893103,false
d100_delay_median_cap1,city,d100_median_city_qnehvi,1060,13217898.666666668,931.0121898355028,0.80501333030603461,0.80246186772227435,false
d100_delay_median_cap1,city,d100_median_city_qnehvi,1061,13356218.666666668,970.0022898010534,0.81343747143890122,0.83606837554529445,false
d100_delay_median_cap1,city,d100_median_city_qnehvi,1062,13752279.999999998,647.3336382948935,0.83755890412594103,0.55795248021119581,false
d100_delay_median_cap1,city,d100_median_city_qnehvi,1063,13111750.000000002,1208.1069973635094,0.79854852876565274,1.0412965674315833,false
d100_delay_median_cap1,city,d100_median_city_qnehvi,1064,13312189.333333334,661.509812121005,0.81075594079990454,0.57017126644176808,false
d100_delay_median_cap1,city,d100_median_city_qnehvi,1065,13286950.666666666,734.3016930527415,0.80921882331866257,0.63291234477052716,false
d100_delay_median_cap1,city,d100_median_city_qnehvi,1066,13370554.0,677.2899236402498,0.81431054020109528,0.5837725252661411,false
d100_delay_median_cap1,city,d100_median_city_qnehvi,1067,13218792.666666666,787.4049753402626,0.80506777783475603,0.67868334492698768,false
d100_delay_median_cap1,city,d100_median_city_qnehvi,1068,13732840.666666666,704.6171167481932,0.83637498504317032,0.60732649229301983,false
d100_delay_median_cap1,city,d100_median_city_qnehvi,1069,13889092.000000002,1360.1162627746512,0.84589120311863764,1.1723170206164852,false
d100_delay_median_cap1,city,d100_median_city_qnehvi,1070,13172188.666666666,1304.8914616559164,0.80222944156121567,1.1247174321963151,false
d100_delay_median_cap1,city,d100_median_city_qnehvi,1071,13333261.333333332,1197.9673599582868,0.81203929463125024,1.0325569693263648,false
d100_delay_median_cap1,city,d100_median_city_qnehvi,1072,13561046.0,738.5984835161398,0.82591212704813155,0.63661585213392602,false
d100_delay_median_cap1,city,d100_median_city_qnehvi,1073,13316779.333333334,1013.2981704052106,0.81103548683662996,0.8733861395806195,false
d100_delay_median_cap1,city,d100_median_city_qnehvi,1074,13421521.333333332,696.3798639678942,0.81741461776880686,0.60022660539234762,false
d100_delay_median_cap1,city,d100_median_city_qnehvi,1075,13346952.66666667,666.2969159420085,0.81287314168371683,0.57429738671723063,false
d100_delay_median_cap1,city,d100_median_city_qnehvi,1076,13412686.000000002,628.7982187811344,0.8168765170244755,0.54197635495266927,false
d100_delay_median_cap1,city,d100_median_city_qnehvi,1077,13342326.0,675.3727614274426,0.81259136252687214,0.58212007690207879,false
d100_delay_median_cap1,city,d100_median_city_qnehvi,1078,13295532.000000002,764.4982330044865,0.80974145463089642,0.65893947106702466,false
d100_delay_median_cap1,city,d100_median_city_qnehvi,1079,13768073.333333332,657.0875730907326,0.83852076986450685,0.56635963193204852,false
d100_delay_median_cap1,city,d100_median_city_qnehvi,1080,13547516.666666666,738.9510404273283,0.82508814632637306,0.63691972944135478,false
d100_delay_median_cap1,city,d100_median_city_qnehvi,1081,13289163.333333332,684.2195833585943,0.80935358196730323,0.58974536616014173,false
d100_delay_median_cap1,city,d100_median_city_qnehvi,1082,13455918.666666666,744.3644887703737,0.8195095280536121,0.64158571117135321,false
d100_delay_median_cap1,city,d100_median_city_qnehvi,1083,13134903.333333334,771.6029152734598,0.79995864261539462,0.66506316811995059,false
d100_delay_median_cap1,city,d100_median_city_qnehvi,1084,13780467.333333334,839.7295631708344,0.83927560506694165,0.72378316954446931,false
d100_delay_median_cap1,city,d100_median_city_qnehvi,1085,13462039.333333332,696.7378723901404,0.81988229670476331,0.60053518148867857,false
d100_delay_median_cap1,city,d100_median_city_qnehvi,1086,13673958.666666668,1278.9401147584415,0.83278887834720861,1.1023493402114661,false
d100_delay_median_cap1,city,d100_median_city_qnehvi,1087,13901296.0,1052.894617081546,0.84663446669863685,0.9075152722621922,false
d100_delay_median_cap1,city,d100_median_city_qnehvi,1088,13387027.333333336,632.8521345896088,0.81531382016732412,0.54547052279147279,false
d100_delay_median_cap1,city,d100_median_city_qnehvi,1089,13013069.333333332,796.7603864521753,0.79253855289025221,0.68674699947000872,false
d100_delay_median_cap1,city,d100_median_city_qnehvi,1090,13250200.0,611.7734640370797,0.80698058732439604,0.52730230810496737,false
d100_delay_median_cap1,city,d100_median_city_qnehvi,1091,13413190.666666664,633.3162847166261,0.81690725287775079,0.54587058498388685,false
d100_delay_median_cap1,city,d100_median_city_qnehvi,1092,13235719.333333334,647.367027640506,0.80609866728609358,0.55798125929371989,false
d100_delay_median_cap1,city,d100_median_city_qnehvi,1093,13177274.0,675.5399590864974,0.80253915502064077,0.58226418859817552,false
d100_delay_median_cap1,city,d100_median_city_qnehvi,1094,13387029.333333334,638.1565370016011,0.81531394197387608,0.5500425152026891,false
d100_delay_median_cap1,city,d100_median_city_qnehvi,1095,13326619.333333332,600.9701566812178,0.81163477507222415,0.51799067685780342,false
d100_delay_median_cap1,city,d100_median_city_qnehvi,1096,13406648.666666664,601.597441304961,0.81650882364632205,0.51853134860867633,false
d100_delay_median_cap1,city,d100_median_city_qnehvi,1097,13372857.333333334,601.8089726360108,0.81445082074675801,0.51871367256624568,false
d100_delay_median_cap1,city,d100_median_city_qnehvi,1098,13323880.666666666,665.4433081114363,0.81146798130042042,0.5735616415341902,false
d100_delay_median_cap1,city,d100_median_city_qnehvi,1099,13190468.666666666,732.6490396358182,0.80334275344603912,0.63148788291909197,false
d100_delay_median_cap1,city,d100_median_city_qnehvi,1100,13167777.333333334,801.2489814461005,0.80196077690979795,0.69061582778568364,false
d100_delay_median_cap1,city,d100_median_city_qnehvi,1101,13193416.0,721.5475366813173,0.80352225570142977,0.6219192296912891,false
d100_delay_median_cap1,city,d100_median_city_qnehvi,1102,12909942.0,801.8214424694655,0.78625776044768292,0.69110924575273391,false
d100_delay_median_cap1,city,d100_median_city_qnehvi,1103,13353620.666666668,643.4537249582412,0.81327924472791802,0.55460828930078387,false
d100_delay_median_cap1,city,d100_median_city_qnehvi,1104,13354641.333333332,547.9474820388413,0.8133414066715966,0.47228915437540742,false
d100_delay_median_cap1,city,d100_median_city_qnehvi,1105,13391584.666666664,707.3546281859567,0.81559137669703419,0.60968601944555567,false
d100_delay_median_cap1,city,d100_median_city_qnehvi,1106,13449006.666666664,660.2602228898836,0.81908856461007251,0.56909421533627347,false
d100_delay_median_cap1,city,d100_median_city_qnehvi,1107,13477247.333333336,704.0048262140916,0.82080851372579178,0.60679874430975145,false
d100_delay_median_cap1,city,d100_median_city_qnehvi,1108,14097105.333333334,732.3691284178026,0.85855989656512444,0.63124662068723547,false
d100_delay_median_cap1,city,d100_median_city_qnehvi,1109,13139601.999999998,890.8110423726246,0.80024480680810905,0.76781152884396209,false
d100_delay_median_cap1,city,d100_median_city_qnehvi,1110,13751622.0,748.6135450370498,0.83751882977034964,0.64524807527897721,false
d100_delay_median_cap1,city,d100_median_city_qnehvi,1111,13701961.333333334,648.1642599735092,0.83449433248324556,0.55866841307530823,false
d100_delay_median_cap1,city,d100_median_city_qnehvi,1112,13032627.999999998,727.555579593288,0.79372973976395589,0.62709770682524313,false
d100_delay_median_cap1,city,d100_median_city_qnehvi,1113,13310912.000000002,685.0677478908342,0.81067814701539254,0.59047641963302622,false
d100_delay_median_cap1,city,d100_median_city_qnehvi,1114,13379248.666666666,626.4476393800895,0.81484007388460611,0.53995033385758007,false
d100_delay_median_cap1,city,d100_median_city_qnehvi,1115,13338587.333333332,612.2681493104286,0.81236366547909344,0.52772868927668581,false
d100_delay_median_cap1,city,d100_median_city_qnehvi,1116,13557048.666666666,641.0001107613723,0.82566867635296715,0.55249346002938926,false
d100_delay_median_cap1,city,d100_median_city_qnehvi,1117,14027168.666666668,749.3943408215277,0.85430052445435034,0.64592106200284871,false
d100_delay_median_cap1,city,d100_median_city_qnehvi,1118,12994837.333333334,825.8288125820942,0.79142816436267571,0.71180177724696037,false
d100_delay_median_cap1,city,d100_median_city_qnehvi,1119,13580137.333333334,738.8056557625089,0.82707485179086293,0.63679441889124289,false
d100_delay_median_cap1,city,d100_median_city_qnehvi,1120,13244847.999999998,756.279816015945,0.80665463299137774,0.65185581918969471,false
d100_delay_median_cap1,city,d100_median_city_qnehvi,1121,13809347.999999998,724.6082021666618,0.84103453227928426,0.62455729111374658,false
d100_delay_median_cap1,city,d100_median_city_qnehvi,1122,13784231.333333334,733.7964332281778,0.8395048449977115,0.6324768491379984,false
d100_delay_median_cap1,city,d100_median_city_qnehvi,1123,13988384.666666668,704.4207118013644,0.85193845179893457,0.60715720613094493,false
d100_delay_median_cap1,city,d100_median_city_qnehvi,1124,13303900.0,695.4454619538712,0.81025109324425559,0.59942122175337642,false
d100_delay_median_cap1,city,d100_median_city_qnehvi,1125,13701623.333333332,712.9251692316127,0.8344737471759659,0.61448740316590256,false
d100_delay_median_cap1,city,d100_median_city_qnehvi,1126,13693909.333333332,708.9930729952655,0.83400393930509442,0.61109823455529577,false
d100_delay_median_cap1,city,d100_median_city_qnehvi,1127,13645112.0,711.3740698306898,0.8310320218462488,0.61315047317091786,false
d100_delay_median_cap1,city,d100_median_city_qnehvi,1128,13421833.333333334,642.3449024409383,0.81743361959091121,0.55365256842202226,false
d100_delay_median_cap1,city,d100_median_city_qnehvi,1129,13735231.333333334,716.133382320832,0.83652058447493483,0.61725263942782616,false
d100_delay_median_cap1,city,d100_median_city_qnehvi,1130,13217951.999999996,688.8411656950209,0.80501657848075281,0.59372881947472878,false
d100_delay_median_cap1,city,d100_median_city_qnehvi,1131,13474743.333333334,638.4607196889722,0.82065601192275028,0.55030469759954881,false
d100_delay_median_cap1,city,d100_median_city_qnehvi,1132,13533499.333333332,693.6495784225358,0.82423444480593933,0.59787330641080527,false
d100_delay_median_cap1,city,d100_median_city_qnehvi,1133,14029235.333333334,692.3290165588976,0.85442639122469888,0.59673508228108119,false
d100_delay_median_cap1,city,d100_median_city_qnehvi,1134,13557460.666666668,701.6358964816064,0.82569376850266907,0.60475690662127968,false
d100_delay_median_cap1,city,d100_median_city_qnehvi,1135,13670835.333333332,732.6254630572978,0.8325986571152465,0.63146756169726403,false
d100_delay_median_cap1,city,d100_median_city_qnehvi,1136,13784290.666666666,768.4291239250409,0.839508458592086,0.66232760078687092,false
d100_delay_median_cap1,city,d100_median_city_qnehvi,1137,13410219.333333336,640.8744711342457,0.81672628894373711,0.55238516820362737,false
d100_delay_median_cap1,city,d100_median_city_qnehvi,1138,17658396.666666668,2584.7918793628137,1.0754542054666212,2.2278944806870182,false
d100_delay_median_cap1,city,d100_median_city_qnehvi,1139,13443586.666666666,1138.2308361806072,0.81875846885428782,0.9810686182980688,false
d100_delay_median_cap1,city,d100_median_city_qnehvi,1140,13434122.0,669.4044235308884,0.81818203964827629,0.57697582247882273,false
d100_delay_median_cap1,city,d100_median_city_qnehvi,1141,13602457.333333334,691.7680802255593,0.82843421291062569,0.59625159772240588,false
d100_delay_median_cap1,city,d100_median_city_qnehvi,1142,13362834.666666666,626.9872770724053,0.81384040751275188,0.5404154606037137,false
d100_delay_median_cap1,city,d100_median_city_qnehvi,1143,14501509.333333332,1489.9992218338098,0.88318942498253195,1.2842662765444055,false
d100_delay_median_cap1,city,d100_median_city_qnehvi,1144,13277116.0,736.0958930336224,0.80861985990054008,0.63445880902034468,false
d100_delay_median_cap1,city,d100_median_city_qnehvi,1145,13299421.333333334,619.1867262445949,0.80997832777225542,0.53369197765162357,false
d100_delay_median_cap1,city,d100_median_city_qnehvi,1146,13614413.333333332,802.747609796409,0.82916237247818314,0.69190753171624408,false
d100_delay_median_cap1,city,d100_median_city_qnehvi,1147,13743692.666666668,740.4899272170064,0.83703590739405176,0.63824613309207012,false
d100_delay_median_cap1,city,d100_median_city_qnehvi,1148,14050056.666666666,727.2551045171658,0.8556944786348667,0.6268387201079676,false
d100_delay_median_cap1,city,d100_median_city_qnehvi,1149,13583427.999999998,641.1671645893681,0.82727526417100461,0.55263744775402623,false
d100_delay_median_cap1,city,d100_median_city_qnehvi,1150,13370542.0,618.5206402201326,0.81430980936178377,0.53311786203736045,false
d100_delay_median_cap1,city,d100_median_city_qnehvi,1151,13620660.666666666,767.37674457412,0.82954285554429108,0.6614205296349438,false
d100_delay_median_cap1,city,d100_median_city_qnehvi,1152,13238311.333333334,760.7951571222051,0.80625652857742114,0.65574770062485921,false
d100_delay_median_cap1,city,d100_median_city_qnehvi,1153,13475128.000000002,606.6460432664874,0.82067943938290866,0.52288286044027621,false
d100_delay_median_cap1,city,d100_median_city_qnehvi,1154,13224816.666666666,1259.965753981205,0.80543465916922974,1.0859948808881916,false
d100_delay_median_cap1,city,d100_median_city_qnehvi,1155,13234924.0,680.2622571590789,0.80605022888060152,0.58633445123559003,false
d100_delay_median_cap1,city,d100_median_city_qnehvi,1156,13169874.0,708.7438386074662,0.80208847077842549,0.61088341342350216,false
d100_delay_median_cap1,city,d100_median_city_qnehvi,1157,13748620.000000002,1062.1654105899547,0.83733599813587278,0.9155059928512963,false
d100_delay_median_cap1,city,d100_median_city_qnehvi,1158,13288740.66666667,675.757850669921,0.80932784018265802,0.58245199461071107,false
d100_delay_median_cap1,city,d100_median_city_qnehvi,1159,13404300.666666666,657.1784434961676,0.81636582275433267,0.5664379553268033,false
d100_delay_median_cap1,city,d100_median_city_qnehvi,1160,14267043.333333334,1104.6808142669774,0.86890967747776982,0.95215104499358671,false
d100_delay_median_cap1,city,d100_median_city_qnehvi,1161,13728650.0,636.2139611399123,0.83611975971465113,0.54836816220153406,false
d100_delay_median_cap1,city,d100_median_city_qnehvi,1162,13071574.0,752.7065330329667,0.79610167875007964,0.6487759203787804,false
d100_delay_median_cap1,city,d100_median_city_qnehvi,1163,13452411.333333332,605.7886871593005,0.81929591996367568,0.52214388452719185,false
d100_delay_median_cap1,city,d100_median_city_qnehvi,1164,12957858.666666666,1231.6909978697524,0.78917604242148653,1.0616241864479858,false
d100_delay_median_cap1,city,d100_median_city_qnehvi,1165,13384501.333333334,1307.47845441152,0.81515997849221122,1.1269472236653322,false
d100_delay_median_cap1,city,d100_median_city_qnehvi,1166,13508167.999999998,624.5482604398401,0.82269168362112355,0.53831321332516879,false
d100_delay_median_cap1,city,d100_median_city_qnehvi,1167,13803720.0,1092.3260219563206,0.84069176864209694,0.94150215143325411,false
d100_delay_median_cap1,city,d100_median_city_qnehvi,1168,13477933.333333334,610.1757804488028,0.82085029337311055,0.5259252260750269,false
d100_delay_median_cap1,city,d100_median_city_qnehvi,1169,13434384.666666666,879.3819283644193,0.81819803690876558,0.75796049974513169,false
d100_delay_median_cap1,city,d100_median_city_qnehvi,1170,14022501.999999998,1251.8521499433048,0.85401630916646665,1.0790015698217033,false
d100_delay_median_cap1,city,d100_median_city_qnehvi,1171,13561195.333333334,989.9586859434868,0.82592122193734385,0.85326927484210413,false
d100_delay_median_cap1,city,d100_median_city_qnehvi,1172,13234588.0,773.7449489189319,0.80602976537987392,0.66690943859700336,false
d100_delay_median_cap1,city,d100_median_city_qnehvi,1173,13080397.333333334,812.8120603228812,0.79663904865509938,0.70058232443673263,false
d100_delay_median_cap1,city,d100_median_city_qnehvi,1174,13830013.333333334,1074.5087478605033,0.84229311877840063,0.92614501303619878,false
d100_delay_median_cap1,city,d100_median_city_qnehvi,1175,14352154.666666664,1179.245006948174,0.87409323650037263,1.0164197215774331,false
d100_delay_median_cap1,city,d100_median_city_qnehvi,1176,13394739.333333336,603.253520218035,0.81578350623164353,0.51995876297788646,false
d100_delay_median_cap1,city,d100_median_city_qnehvi,1177,13151556.666666666,853.3023658810945,0.80097288517129872,0.73548189565355016,false
d100_delay_median_cap1,city,d100_median_city_qnehvi,1178,14132281.333333336,649.7653992130195,0.86070223020082226,0.56004847361441668,false
d100_delay_median_cap1,city,d100_median_city_qnehvi,1179,13746021.333333334,1127.0045375287093,0.83717773082270552,0.97139240064789856,false
d100_delay_median_cap1,city,d100_median_city_qnehvi,1180,13953723.999999998,645.0443558311354,0.84982750365145576,0.55597929242518429,false
d100_delay_median_cap1,city,d100_median_city_qnehvi,1181,13742099.333333334,986.0504955539234,0.83693886817433139,0.84990071125758504,false
d100_delay_median_cap1,city,d100_median_city_qnehvi,1182,13769817.333333332,1008.2321222442612,0.83862698517780732,0.8690195904488357,false
d100_delay_median_cap1,city,d100_median_city_qnehvi,1183,13413432.000000002,887.5424536451002,0.81692195086835295,0.76499425336277993,false
d100_delay_median_cap1,city,d100_median_city_qnehvi,1184,13467395.999999998,619.9219648629195,0.82020853525306947,0.53432569755488979,false
d100_delay_median_cap1,city,d100_median_city_qnehvi,1185,13245791.333333334,667.799827767059,0.80671208508171421,0.57559278267801273,false
d100_delay_median_cap1,city,d100_median_city_qnehvi,1186,13893869.333333334,1053.5361114606462,0.84618215836906241,0.90806819174402764,false
d100_delay_median_cap1,city,d100_median_city_qnehvi,1187,13612604.666666664,967.9073812349624,0.82905221875303625,0.83426272331108497,false
d100_delay_median_cap1,city,d100_median_city_qnehvi,1188,13447879.333333334,587.0931396631287,0.81901990631695698,0.50602974109742727,false
d100_delay_median_cap1,city,d100_median_city_qnehvi,1189,13412479.333333334,572.2437022144748,0.81686393034744076,0.49323065270764233,false
d100_delay_median_cap1,city,d100_median_city_qnehvi,1190,13389202.666666666,1106.6751169787226,0.81544630509366167,0.95386998261475098,false
d100_delay_median_cap1,city,d100_median_city_qnehvi,1191,13694925.333333334,1017.668308642784,0.83406581703348526,0.87715286716014507,false
d100_delay_median_cap1,city,d100_median_city_qnehvi,1192,13190570.000000002,721.7447649626861,0.80334892497800492,0.62208922550526746,false
d100_delay_median_cap1,city,d100_median_city_qnehvi,1193,13927215.333333332,1087.689826986771,0.84821303900972567,0.93750610313763871,false
d100_delay_median_cap1,city,d100_median_city_qnehvi,1194,14889261.333333332,1328.2627399366163,0.90680479204840336,1.1448617007944539,false
d100_delay_median_cap1,city,d100_median_city_qnehvi,1195,13807786.0,1016.2378125842814,0.84093940136221135,0.87591988809562993,false
d100_delay_median_cap1,city,d100_median_city_qnehvi,1196,13744310.0,1049.8989702609044,0.83707350501642031,0.90493325199546204,false
d100_delay_median_cap1,city,d100_median_city_qnehvi,1197,13612814.666666666,1111.8277002967689,0.82906500844099096,0.95831111848615624,false
d100_delay_median_cap1,city,d100_median_city_qnehvi,1198,13245339.999999998,865.9421910245214,0.80668459740315723,0.7463764658890587,false
d100_delay_median_cap1,city,d100_median_city_qnehvi,1199,13141961.333333334,855.8447634190521,0.80038849793722644,0.73767324942858781,false
d100_delay_median_cap1,city,d100_median_city_qnehvi,1200,13472209.333333332,939.6779818467628,0.82050168302142934,0.80993112292491276,false
d100_delay_median_cap1,city,d100_median_city_qnehvi,1201,13518705.333333334,984.29710073138,0.82333344174116474,0.84838941795819078,false
d100_delay_median_cap1,city,d100_median_city_qnehvi,1202,14783187.333333334,1264.1067991974062,0.90034453795262759,1.0895641476655715,false
d100_delay_median_cap1,city,d100_median_city_qnehvi,1203,14032619.333333332,1086.3876703369967,0.85463248791059809,0.9363837429057823,false
d100_delay_median_cap1,city,d100_median_city_qnehvi,1204,13645351.333333334,1104.961764491977,0.8310465980302989,0.95239320277062933,false
d100_delay_median_cap1,city,d100_median_city_qnehvi,1205,14155618.0,1174.1481192527351,0.86212350965115958,1.012026591106848,false
d100_delay_median_cap1,city,d100_median_city_qnehvi,1206,13483736.0,990.511587143682,0.82120369478250166,0.85374583372567048,false
d100_delay_median_cap1,city,d100_median_city_qnehvi,1207,13725944.666666664,1011.82011654769,0.83595499605204671,0.87211216930176672,false
d100_delay_median_cap1,city,d100_median_city_qnehvi,1208,13908224.666666666,1028.0325714783455,0.84705644519677581,0.88608607534301387,false
d100_delay_median_cap1,city,d100_median_city_qnehvi,1209,13396734.000000002,1081.1413522355049,0.81590498796612199,0.93186181476310992,false
d100_delay_median_cap1,city,d100_median_city_qnehvi,1210,13213178.000000002,881.3317350347584,0.80472582624124855,0.75964108515471063,false
d100_delay_median_cap1,city,d100_median_city_qnehvi,1211,13701230.666666666,972.3615239262384,0.8344498324895997,0.83810185635592138,false
d100_delay_median_cap1,city,d100_median_city_qnehvi,1212,13403720.666666668,935.4567537475314,0.81633049885426734,0.80629274458618283,false
d100_delay_median_cap1,city,d100_median_city_qnehvi,1213,13920558.0,1066.614078269984,0.84780758560046809,0.9193404068518507,false
d100_delay_median_cap1,city,d100_median_city_qnehvi,1214,13295178.666666664,848.8836871487732,0.80971993547338494,0.73167332985052924,false
d100_delay_median_cap1,city,d100_median_city_qnehvi,1215,13473245.333333334,597.7750827555002,0.82056477881533962,0.51523676555789333,false
d100_delay_median_cap1,city,d100_median_city_qnehvi,1216,13217562.000000002,808.7415793793367,0.80499282620312296,0.69707387870836712,false
d100_delay_median_cap1,city,d100_median_city_qnehvi,1217,13407948.666666666,954.6757414387002,0.81658799790508962,0.82285805374836629,false
d100_delay_median_cap1,city,d100_median_city_qnehvi,1218,14061656.666666668,1096.356381751491,0.85640095663617732,0.94497601577588597,false
d100_delay_median_cap1,city,d100_median_city_qnehvi,1219,13516735.333333332,994.2720764676392,0.82321346228749381,0.85698709019835462,false
d100_delay_median_cap1,city,d100_median_city_qnehvi,1220,13975701.333333334,1087.4148572529805,0.85116599524865133,0.93726910009025244,false
d100_delay_median_cap1,city,d100_median_city_qnehvi,1221,13230442.0,793.3419563700152,0.80577726039768138,0.68380057211024137,false
d100_delay_median_cap1,city,d100_median_city_qnehvi,1222,13659040.000000002,1018.8125594558647,0.83188028267402914,0.87813912454176912,false
d100_delay_median_cap1,city,d100_median_city_qnehvi,1223,13181689.333333336,849.303529973087,0.80280806328516263,0.73203520250979937,false
d100_delay_median_cap1,city,d100_median_city_qnehvi,1224,14332368.666666666,1301.9447441470422,0.87288820428193059,1.1221775852838503,false
d100_delay_median_cap1,city,d100_median_city_qnehvi,1225,14035060.666666668,1081.8680872210712,0.85478117310834534,0.93248820518014586,false
d100_delay_median_cap1,city,d100_median_city_qnehvi,1226,13371937.999999998,920.7480265273252,0.81439483033504478,0.79361493773702696,false
d100_delay_median_cap1,city,d100_median_city_qnehvi,1227,13707623.999999998,1080.3397309374511,0.83483920743400009,0.93117087802665754,false
d100_delay_median_cap1,city,d100_median_city_qnehvi,1228,14217153.333333332,1213.2263425585531,0.8658712130393752,1.0457090545628802,false
d100_delay_median_cap1,city,d100_median_city_qnehvi,1229,13414873.333333332,1053.3672572085438,0.8170097327901249,0.90792265219041679,false
d100_delay_median_cap1,city,d100_median_city_qnehvi,1230,13743582.0,982.368078498181,0.83702916743151035,0.8467267471564216,false
d100_delay_median_cap1,city,d100_median_city_qnehvi,1231,13682157.333333332,1073.3176833655095,0.83328820400583581,0.92511840581272187,false
d100_delay_median_cap1,city,d100_median_city_qnehvi,1232,13857864.0,1017.6028607297552,0.84398931561648938,0.87709645602493014,false
d100_delay_median_cap1,city,d100_median_city_qnehvi,1233,13094925.333333334,809.3659724493792,0.79752385144846472,0.69761205815934457,false
d100_delay_median_cap1,city,d100_median_city_qnehvi,1234,14184703.333333332,1225.6521271312115,0.86389490173398531,1.0564191380665688,false
d100_delay_median_cap1,city,d100_median_city_qnehvi,1235,15307489.333333334,1522.159131847185,0.93227624735288994,1.3119856788646624,false
d100_delay_median_cap1,city,d100_median_city_qnehvi,1236,14303445.33333333,1293.3676447279663,0.87112667852981263,1.1147847763661847,false
d100_delay_median_cap1,city,d100_median_city_qnehvi,1237,13174257.333333334,807.0472664880807,0.80235543013811605,0.69561350955094114,false
d100_delay_median_cap1,city,d100_median_city_qnehvi,1238,13441466.666666666,961.7078516257332,0.81862935390922087,0.82891919917301693,false
d100_delay_median_cap1,city,d100_median_city_qnehvi,1239,13760250.000000004,1086.3934699781998,0.83804430323546242,0.93638874175645559,false
d100_delay_median_cap1,city,d100_median_city_qnehvi,1240,14380660.666666664,1284.3868237099946,0.87582934528531697,1.1070439900623723,false
d100_delay_median_cap1,city,d100_median_city_qnehvi,1241,13914285.333333334,1139.3891308060472,0.84742555965136868,0.98206698038038232,false
d100_delay_median_cap1,city,d100_median_city_qnehvi,1242,13792838.0,941.6709937741448,0.8400290191929366,0.811648947987893,false
d100_delay_median_cap1,city,d100_median_city_qnehvi,1243,13994997.333333332,1069.906535123638,0.8523411848618655,0.92217825484677851,false
d100_delay_median_cap1,city,d100_median_city_qnehvi,1244,13543073.999999996,871.2282677520653,0.82481757337230799,0.75093266295072936,false
d100_delay_median_cap1,city,d100_median_city_qnehvi,1245,15446556.0,1490.8828597499105,0.94074586293181794,1.2850279053826592,false
d100_delay_median_cap1,city,d100_median_city_qnehvi,1246,13605670.000000002,1120.357875761926,0.82862987483524164,0.96566348251586676,false
d100_delay_median_cap1,city,d100_median_city_qnehvi,1247,13982097.33333333,1060.4958083278982,0.8515555326017874,0.91406692238133846,false
d100_delay_median_cap1,city,d100_median_city_qnehvi,1248,13714877.999999998,1134.415236751642,0.83528099979792292,0.97777986109630932,false
d100_delay_median_cap1,city,d100_median_city_qnehvi,1249,13734909.333333336,950.8134019446976,0.83650097362007092,0.81952901015691504,false
d100_delay_median_cap1,city,d100_median_city_qnehvi,1250,13370150.666666666,900.7643822623568,0.81428597587978535,0.77639055262602485,false
d100_delay_median_cap1,city,d100_median_city_qnehvi,1251,13506952.666666666,918.3760574283272,0.82261766583972207,0.79157048034523081,false
d100_delay_median_cap1,city,d100_median_city_qnehvi,1252,13594458.666666666,998.5790736592596,0.82794706790719319,0.8606993949870525,false
d100_delay_median_cap1,city,d100_median_city_qnehvi,1253,13601951.999999998,1045.4290820540718,0.82840343645516612,0.90108054751089606,false
d100_delay_median_cap1,city,d100_median_city_qnehvi,1254,13503975.333333334,982.6384948704712,0.82243633648605241,0.84695982555167759,false
d100_delay_median_cap1,city,d100_median_city_qnehvi,1255,13973485.333333332,1069.4164516270353,0.85103103358909049,0.92175584005745859,false
d100_delay_median_cap1,city,d100_median_city_qnehvi,1256,14126609.33333333,1159.471329378506,0.86035678681949146,0.99937631182669984,false
d100_delay_median_cap1,city,d100_median_city_qnehvi,1257,13805233.333333332,1027.2912506775806,0.84078393559973919,0.88544711305996548,false
d100_delay_median_cap1,city,d100_median_city_qnehvi,1258,13325908.666666666,975.6954394334992,0.81159149314409784,0.84097543856461132,false
d100_delay_median_cap1,city,d100_median_city_qnehvi,1259,13771342.0,1003.7565959501557,0.83871984237257735,0.86516202636082662,false
d100_delay_median_cap1,city,d100_median_city_qnehvi,1260,13449608.000000002,1068.8581921548384,0.81912518778002574,0.92127466274998238,false
d100_delay_median_cap1,city,d100_median_city_qnehvi,1261,13374579.333333334,898.1996383713124,0.81455569618798696,0.77417993799014084,false
d100_delay_median_cap1,city,d100_median_city_qnehvi,1262,13341304.0,979.6657850971682,0.81252911937882555,0.84439757527942017,false
d100_delay_median_cap1,city,d100_median_city_qnehvi,1263,13407782.0,961.6026177054036,0.81657784735909389,0.82882849551824489,false
d100_delay_median_cap1,city,d100_median_city_qnehvi,1264,12980290.666666666,807.3527082937917,0.7905422247081586,0.69587677721227525,false
d100_delay_median_cap1,city,d100_median_city_qnehvi,1265,13869805.333333328,977.3162623442364,0.84471658193599863,0.84237246493483209,false
d100_delay_median_cap1,city,d100_median_city_qnehvi,1266,13312714.666666666,875.4001474169213,0.81078793532088322,0.75452850668330651,false
d100_delay_median_cap1,city,d100_median_city_qnehvi,1267,13855308.666666668,1018.7466185779034,0.84383368744528098,0.87808228850818582,false
d100_delay_median_cap1,city,d100_median_city_qnehvi,1268,13671316.666666668,965.3632685730922,0.8326279718920826,0.8320698912293687,false
d100_delay_median_cap1,city,d100_median_city_qnehvi,1269,13856173.333333332,1026.8136489670114,0.84388634847790744,0.88503545662315941,false
d100_delay_median_cap1,city,d100_median_city_qnehvi,1270,14382232.000000002,1303.637426676044,0.87592504463296594,1.1236365491927156,false
d100_delay_median_cap1,city,d100_median_city_qnehvi,1271,13656734.0,971.310118691214,0.8317398397196305,0.83719562481798648,false
d100_delay_median_cap1,city,d100_median_city_qnehvi,1272,14058921.999999998,1160.375438927197,0.85623440647747739,1.0001555856589754,false
d100_delay_median_cap1,city,d100_median_city_qnehvi,1273,13914554.666666668,991.2992819154192,0.847441962933698,0.85442476685310342,false
d100_delay_median_cap1,city,d100_median_city_qnehvi,1274,13840330.666666668,1077.545343350352,0.842921478177727,0.92876232794883351,false
d100_delay_median_cap1,city,d100_median_city_qnehvi,1275,14111516.0,1145.323209519538,0.85943755337410854,0.98718170598722976,false
d100_delay_median_cap1,city,d100_median_city_qnehvi,1276,13170886.0,897.3030439028599,0.80215010489371219,0.77340714158682955,false
d100_delay_median_cap1,city,d100_median_city_qnehvi,1277,13609500.666666666,958.6021537602654,0.82886317498440976,0.82624232325569436,false
d100_delay_median_cap1,city,d100_median_city_qnehvi,1278,14035346.000000002,1133.7096343022106,0.8547985508430902,0.97717168532200493,false
d100_delay_median_cap1,city,d100_median_city_qnehvi,1279,13641231.333333334,1029.6272518322148,0.83079567653328179,0.88746056881276314,false
d100_delay_median_cap1,city,d100_median_city_qnehvi,1280,13152762.0,822.3638500788587,0.80104629391994076,0.70881524247084182,false
d100_delay_median_cap1,city,d100_median_city_qnehvi,1281,13241813.333333334,719.9461700319496,0.80646981184988564,0.62053897314213824,false
d100_delay_median_cap1,city,d100_median_city_qnehvi,1282,13428994.666666668,957.6741979977128,0.81786976825126045,0.82544249579638562,false
d100_delay_median_cap1,city,d100_median_city_qnehvi,1283,14371934.0,1241.912566476526,0.87529786269697496,1.0704344030324671,false
d100_delay_median_cap1,city,d100_median_city_qnehvi,1284,13963418.0,1158.125699727454,0.85041790000875794,0.99821648116622663,false
d100_delay_median_cap1,city,d100_median_city_qnehvi,1285,13234863.333333332,861.0946798126893,0.80604653408185911,0.74219827902607149,false
d100_delay_median_cap1,city,d100_median_city_qnehvi,1286,13368212.666666668,692.3242120577407,0.81416794533094583,0.59673094116562242,false
d100_delay_median_cap1,city,d100_median_city_qnehvi,1287,13730943.333333336,1138.7064264393694,0.83625943122755397,0.98147854101603482,false
d100_delay_median_cap1,city,d100_median_city_qnehvi,1288,13445190.66666667,899.079260091741,0.81885615770895215,0.7749381051724511,false
d100_delay_median_cap1,city,d100_median_city_qnehvi,1289,13380200.666666666,912.9770681842418,0.81489805380333447,0.78691696126146171,false
d100_delay_median_cap1,city,d100_median_city_qnehvi,1290,13474816.0,916.651805809688,0.82066043756080442,0.79008430627638115,false
d100_delay_median_cap1,city,d100_median_city_qnehvi,1291,13169086.666666668,864.7075108040433,0.80204051959914124,0.74531226521952743,false
d100_delay_median_cap1,city,d100_median_city_qnehvi,1292,13609932.666666668,943.0529065245372,0.82888948519963113,0.81284005192704245,false
d100_delay_median_cap1,city,d100_median_city_qnehvi,1293,13935268.0,978.564890990841,0.84870347279006064,0.84344868808935702,false
d100_delay_median_cap1,city,d100_median_city_qnehvi,1294,13491836.666666666,848.6171214136897,0.82169705192008324,0.73144357041238095,false
d100_delay_median_cap1,city,d100_median_city_qnehvi,1295,13284428.666666666,884.9916992626478,0.80906522525665348,0.76279569662185776,false
d100_delay_median_cap1,city,d100_median_city_qnehvi,1296,13455754.0,1001.3080003300872,0.8194994993141681,0.86305152272185293,false
d100_delay_median_cap1,city,d100_median_city_qnehvi,1297,13981263.333333334,1073.785904114761,0.85150473926962444,0.92552197657264612,false
d100_delay_median_cap1,city,d100_median_city_qnehvi,1298,13894794.666666668,1117.357987791766,0.84623851420043128,0.96307780670004595,false
d100_delay_median_cap1,city,d100_median_city_qnehvi,1299,14067698.666666664,1095.182359502081,0.85676893422961831,0.94396409767503331,false
d100_delay_median_cap1,city,d100_median_city_qnehvi,1300,13376014.0,994.8813624002914,0.81464307208791908,0.85751224844314566,false
d100_delay_median_cap1,city,d100_median_city_qnehvi,1301,13871822.666666668,1141.8408639148695,0.84483944414473289,0.98418018829660692,false
d100_delay_median_cap1,city,d100_median_city_qnehvi,1302,13102989.333333336,792.2495148917911,0.79801497546592737,0.68285897044426558,false
d100_delay_median_cap1,city,d100_median_city_qnehvi,1303,13512916.666666666,952.703810286206,0.82298089297763699,0.82115839871384977,false
d100_delay_median_cap1,city,d100_median_city_qnehvi,1304,13558638.0,1061.7228479166497,0.8257654719595835,0.91512453740604882,false
d100_delay_median_cap1,city,d100_median_city_qnehvi,1305,13154873.333333334,872.1090270543865,0.80117488103661616,0.75169181064231794,false
d100_delay_median_cap1,city,d100_median_city_qnehvi,1306,13501222.0,1110.018734659771,0.82226864946620115,0.95675192736110004,false
d100_delay_median_cap1,city,d100_median_city_qnehvi,1307,13706428.666666666,973.4519857933008,0.83476640771811783,0.83904175174727724,false
d100_delay_median_cap1,city,d100_median_city_qnehvi,1308,13933988.666666668,1060.674064139058,0.84862555719899679,0.91422056536551966,false
d100_delay_median_cap1,city,d100_median_city_qnehvi,1309,13866771.333333332,1188.9806033239995,0.84453180139669071,1.0248110669716493,false
d100_delay_median_cap1,city,d100_median_city_qnehvi,1310,13351804.0,886.7891394950706,0.81316860377656341,0.76434495372265265,false
d100_delay_median_cap1,city,d100_median_city_qnehvi,1311,13348877.333333332,998.291845545132,0.81299036018887649,0.86045182614591198,false
d100_delay_median_cap1,city,d100_median_city_qnehvi,1312,14103418.000000002,1170.7922173160557,0.85894435864526286,1.0091340582642045,false
d100_delay_median_cap1,city,d100_median_city_qnehvi,1313,14803098.666666668,1302.1279605879604,0.90155720338165846,1.1223355039544991,false
d100_delay_median_cap1,city,d100_median_city_qnehvi,1314,13575268.0,985.975253121889,0.8267782934390483,0.84983585799013961,false
d100_delay_median_cap1,city,d100_median_city_qnehvi,1315,13480907.333333332,862.732697242096,0.82103141971586024,0.74361012576676311,false
d100_delay_median_cap1,city,d100_median_city_qnehvi,1316,13674955.333333334,954.305314310433,0.83284957861226372,0.82253877366970629,false
d100_delay_median_cap1,city,d100_median_city_qnehvi,1317,13346241.333333332,999.8052532292614,0.81282981915340624,0.86175626874085409,false
d100_delay_median_cap1,city,d100_median_city_qnehvi,1318,13171170.66666667,782.2760090546042,0.80216744202627344,0.67426256514557437,false
d100_delay_median_cap1,city,d100_median_city_qnehvi,1319,13418204.666666668,870.3496821199315,0.81721262190348976,0.75017538879791645,false
d100_delay_median_cap1,city,d100_median_city_qnehvi,1320,13694697.333333334,1125.5075452197616,0.83405193108656295,0.97010210686085785,false
d100_delay_median_cap1,city,d100_median_city_qnehvi,1321,13567826.0,952.1048609773036,0.82632505125924227,0.82064214985444695,false
d100_delay_median_cap1,city,d100_median_city_qnehvi,1322,13670956.0,1086.253040432959,0.83260600611054758,0.93626770214345412,false
d100_delay_median_cap1,city,d100_median_city_qnehvi,1323,14163601.333333332,1208.786948920188,0.86260972080436005,1.0418826340825789,false
d100_delay_median_cap1,city,d100_median_city_qnehvi,1324,13682140.666666666,955.8634269071886,0.83328718895123632,0.82388174850737728,false
d100_delay_median_cap1,city,d100_median_city_qnehvi,1325,14173892.666666666,1095.0589804364058,0.86323649671851133,0.94385775428172392,false
d100_delay_median_cap1,city,d100_median_city_qnehvi,1326,13274504.0,949.7862761742904,0.8084607805436933,0.81864370567529254,false
d100_delay_median_cap1,city,d100_median_city_qnehvi,1327,14032326.666666668,1053.0875032314243,0.85461466355182969,0.90768152548828229,false
d100_delay_median_cap1,city,d100_median_city_qnehvi,1328,13438328.666666666,960.2048885743388,0.81843823942921134,0.82762375905901309,false
d100_delay_median_cap1,city,d100_median_city_qnehvi,1329,13604366.666666664,1067.0432668853596,0.82855049756555388,0.91971033487391052,false
d100_delay_median_cap1,city,d100_median_city_qnehvi,1330,13633852.666666668,1139.3995279149483,0.83034629156095396,0.98207594189938119,false
d100_delay_median_cap1,city,d100_median_city_qnehvi,1331,13862456.000000002,1135.0871817656584,0.84426898345976686,0.97835902671502128,false
d100_delay_median_cap1,city,d100_median_city_qnehvi,1332,13455051.999999998,961.82610707482,0.81945674521443368,0.82902112639757819,false
d100_delay_median_cap1,city,d100_median_city_qnehvi,1333,13726047.333333332,949.114109223693,0.83596124878838007,0.8180643487640874,false
d100_delay_median_cap1,city,d100_median_city_qnehvi,1334,14784727.333333334,1365.2641861488182,0.90043832899762921,1.1767541399698367,false
d100_delay_median_cap1,city,d100_median_city_qnehvi,1335,13223694.666666666,874.7243769991103,0.80536632569358568,0.75394604385677366,false
d100_delay_median_cap1,city,d100_median_city_qnehvi,1336,13483808.666666664,964.4270186267364,0.82120812042055591,0.83126291481293701,false
d100_delay_median_cap1,city,d100_median_city_qnehvi,1337,13090089.333333332,791.4302051622092,0.79722932320584927,0.68215278762193376,false
d100_delay_median_cap1,city,d100_median_city_qnehvi,1338,13344346.666666668,945.2470785761128,0.81271442774652569,0.81473126175419031,false
d100_delay_median_cap1,city,d100_median_city_qnehvi,1339,14032046.666666666,1244.0473049804666,0.85459761063455641,1.0722743856510335,false
d100_delay_median_cap1,city,d100_median_city_qnehvi,1340,13685532.000000002,1001.8838252478402,0.83349373226115975,0.86354784011063235,false
d100_delay_median_cap1,city,d100_median_city_qnehvi,1341,13194680.0,852.7046081188125,0.80359923744226203,0.73496667381692626,false
d100_delay_median_cap1,city,d100_median_city_qnehvi,1342,14430281.333333332,1123.0067169901922,0.87885140644138215,0.96794658267560774,false
d100_delay_median_cap1,city,d100_median_city_qnehvi,1343,13566847.333333334,955.2266673606736,0.82626544725315487,0.82333291009197818,false
d100_delay_median_cap1,city,d100_median_city_qnehvi,1344,13176164.666666666,816.1370542092363,0.8024715929864924,0.70344821688512382,false
d100_delay_median_cap1,city,d100_median_city_qnehvi,1345,13257482.0,718.5633372707584,0.80742408498004625,0.61934707622348562,false
d100_delay_median_cap1,city,d100_median_city_qnehvi,1346,13013373.333333332,816.5867942741963,0.79255706748614874,0.70383585869739818,false
d100_delay_median_cap1,city,d100_median_city_qnehvi,1347,13142429.333333336,839.6922067471783,0.80041700067038279,0.72375097114167086,false
d100_delay_median_cap1,city,d100_median_city_qnehvi,1348,13377078.0,651.480705040965,0.81470787317355642,0.5615269370904441,false
d100_delay_median_cap1,city,d100_median_city_qnehvi,1349,13354808.0,931.1158344723912,0.81335155721759245,0.80255120153530601,false
d100_delay_median_cap1,city,d100_median_city_qnehvi,1350,13348593.333333332,792.0360337438686,0.81297306365849964,0.6826749658924931,false
d100_delay_median_cap1,city,d100_median_city_qnehvi,1351,13269197.333333334,911.7814774216096,0.80813758715918593,0.78588645273870772,false
d100_delay_median_cap1,city,d100_median_city_qnehvi,1352,13555524.666666668,1127.500404723327,0.82557585976038139,0.9718198005460732,false
d100_delay_median_cap1,city,d100_median_city_qnehvi,1353,13392986.0,950.9701529094576,0.81567672248776735,0.81966411759516555,false
d100_delay_median_cap1,city,d100_median_city_qnehvi,1354,14339861.333333334,1264.6438494305644,0.87334453222771968,1.0900270442182329,false
d100_delay_median_cap1,city,d100_median_city_qnehvi,1355,13676836.666666666,940.7036897735136,0.83296415797546464,0.81081520533288143,false
d100_delay_median_cap1,city,d100_median_city_qnehvi,1356,13596655.999999998,915.7875591025464,0.82808089270560226,0.78933939118895546,false
d100_delay_median_cap1,city,d100_median_city_qnehvi,1357,13545700.0,1096.324762914767,0.82497750537501857,0.94494876273768769,false
d100_delay_median_cap1,city,d100_median_city_qnehvi,1358,14209654.666666666,1220.920815521963,0.86541451967393013,1.052341106444443,false
d100_delay_median_cap1,city,d100_median_city_qnehvi,1359,13285294.000000002,672.0160678635709,0.80911792689146422,0.57922686173685978,false
d100_delay_median_cap1,city,d100_median_city_qnehvi,1360,13442191.999999998,633.6721817776885,0.8186735290853947,0.54617734124707551,false
d100_delay_median_cap1,city,d100_median_city_qnehvi,1361,13258768.666666666,930.7316201307758,0.80750244719513409,0.80222003792483509,false
d100_delay_median_cap1,city,d100_median_city_qnehvi,1362,13517002.666666668,941.0757158069048,0.82322974376327129,0.81113586354644251,false
d100_delay_median_cap1,city,d100_median_city_qnehvi,1363,13951329.333333332,1005.9418061061704,0.84968166060658779,0.86704551171397881,false
d100_delay_median_cap1,city,d100_median_city_qnehvi,1364,13435074.0,607.8771473685096,0.81824001956700454,0.52394397876703391,false
d100_delay_median_cap1,city,d100_median_city_qnehvi,1365,13521085.333333334,959.693293756276,0.8234783915379853,0.82718280314275139,false
d100_delay_median_cap1,city,d100_median_city_qnehvi,1366,13156977.333333332,834.4524176920445,0.80130302152926747,0.71923467054157231,false
d100_delay_median_cap1,city,d100_median_city_qnehvi,1367,13490034.666666664,909.7338508056844,0.82158730421677628,0.78412155395805527,false
d100_delay_median_cap1,city,d100_median_city_qnehvi,1368,15002022.666666666,1336.6530436310566,0.91367232665171594,1.152093505970482,false
d100_delay_median_cap1,city,d100_median_city_qnehvi,1369,13341446.0,675.5330237262674,0.81253776764401409,0.58225821084387297,false
d100_delay_median_cap1,city,d100_median_city_qnehvi,1370,14081735.333333334,1137.5547113559203,0.85762381321338821,0.98048584999969957,false
d100_delay_median_cap1,city,d100_median_city_qnehvi,1371,13271806.0,973.7538704355056,0.80829646350511264,0.83930195340356628,false
d100_delay_median_cap1,city,d100_median_city_qnehvi,1372,14639580.0,1273.0011011415477,0.89159838089858889,1.0972303610923178,false
d100_delay_median_cap1,city,d100_median_city_qnehvi,1373,14050786.0,1190.6138207109766,0.85573889742414466,1.0262187764399664,false
d100_delay_median_cap1,city,d100_median_city_qnehvi,1374,13362684.0,930.0372622979088,0.8138312314191718,0.80162155415683134,false
d100_delay_median_cap1,city,d100_median_city_qnehvi,1375,13967340.66666667,1161.4999611358055,0.85065680325931625,1.001124838480439,false
d100_delay_median_cap1,city,d100_median_city_qnehvi,1376,13488242.66666667,991.6027656208356,0.82147816554622932,0.85468634678055266,false
d100_delay_median_cap1,city,d100_median_city_qnehvi,1377,13925216.666666666,995.4878087664448,0.84809131366214363,0.85803495919706474,false
d100_delay_median_cap1,city,d100_median_city_qnehvi,1378,13958168.0,1185.1733683918478,0.85009815780988907,1.0215295193314924,false
d100_delay_median_cap1,city,d100_median_city_qnehvi,1379,13963785.999999998,1049.9461247871654,0.85044031241431672,0.90497389561928143,false
d100_delay_median_cap1,city,d100_median_city_qnehvi,1380,14080405.333333336,1155.209797012138,0.85754281185634129,0.99570319426775744,false
d100_delay_median_cap1,city,d100_median_city_qnehvi,1381,13722787.333333334,1001.50343441632,0.83576270410870146,0.86321997207575729,false
d100_delay_median_cap1,city,d100_median_city_qnehvi,1382,13196638.666666666,844.7803474028328,0.80371852665880528,0.72813656232763757,false
d100_delay_median_cap1,city,d100_median_city_qnehvi,1383,13481556.0,978.8385784612532,0.82107092564087614,0.84368458592300177,false
d100_delay_median_cap1,city,d100_median_city_qnehvi,1384,14470352.000000002,1306.6575757981866,0.88129184131188598,1.1262396885842445,false
d100_delay_median_cap1,city,d100_median_city_qnehvi,1385,13200109.333333334,888.1029037347996,0.80392990162862277,0.76547731881633196,false
d100_delay_median_cap1,city,d100_median_city_qnehvi,1386,13822362.666666664,964.6890372476792,0.84182716811500735,0.83148875498370511,false
d100_delay_median_cap1,city,d100_median_city_qnehvi,1387,14093529.333333334,1170.23679933229,0.85834210645023756,1.0086553301041601,false
d100_delay_median_cap1,city,d100_median_city_qnehvi,1388,13862751.333333334,1081.9824072082677,0.84428697022727117,0.93258674033515798,false
d100_delay_median_cap1,city,d100_median_city_qnehvi,1389,13825866.666666666,991.0732781672476,0.84204057319402392,0.85422996877005997,false
d100_delay_median_cap1,city,d100_median_city_qnehvi,1390,13917289.333333334,1076.4350993544906,0.84760851309239782,0.92780538186340822,false
d100_delay_median_cap1,city,d100_median_city_qnehvi,1391,13263188.0,862.9606031468762,0.80777159907275986,0.74380656336447837,false
d100_delay_median_cap1,city,d100_median_city_qnehvi,1392,13729076.666666668,1117.2312344857326,0.83614574511240047,0.96296855496756573,false
d100_delay_median_cap1,city,d100_median_city_qnehvi,1393,13374273.333333338,880.8829368067466,0.8145370597855387,0.75925425513442446,false
d100_delay_median_cap1,city,d100_median_city_qnehvi,1394,13570577.333333332,873.3499582388795,0.82649261647254146,0.75276139916854234,false
d100_delay_median_cap1,city,d100_median_city_qnehvi,1395,13684366.666666668,963.0565744998338,0.83342275964355683,0.83008169595706194,false
d100_delay_median_cap1,city,d100_median_city_qnehvi,1396,13463191.33333333,996.7216275042884,0.81995245727868649,0.85909841733392955,false
d100_delay_median_cap1,city,d100_median_city_qnehvi,1397,13782430.666666666,982.290371442622,0.83939517849877243,0.8466597695704996,false
d100_delay_median_cap1,city,d100_median_city_qnehvi,1398,13345169.999999996,650.089148292373,0.81276457144374481,0.56032752075657843,false
d100_delay_median_cap1,city,d100_median_city_qnehvi,1399,13253593.333333332,865.8996757181418,0.80718725244087142,0.74633982092077944,false
d100_delay_median_cap1,city,d100_median_city_qnehvi,1400,14031838.000000002,1133.9201128757295,0.85458490215096983,0.97735310188245972,false
d100_delay_median_cap1,city,d100_median_city_qnehvi,1401,13794224.666666666,1140.0908039861115,0.8401134717356219,0.98267176942262291,false
d100_delay_median_cap1,city,d100_median_city_qnehvi,1402,14655684.666666668,1281.8352735040385,0.89257920785707479,1.1048447473819725,false
d100_delay_median_cap1,city,d100_median_city_qnehvi,1403,13606782.666666664,981.7797146290352,0.82869763988030953,0.84621962214292579,false
d100_delay_median_cap1,city,d100_median_city_qnehvi,1404,13411446.666666668,867.4177865909918,0.81680103756445033,0.74764831730754722,false
d100_delay_median_cap1,city,d100_median_city_qnehvi,1405,13932373.999999998,1021.1792724970156,0.84852721870938896,0.88017905161050092,false
d100_delay_median_cap1,city,d100_median_city_qnehvi,1406,13544131.333333332,1021.2477172655744,0.82488196843610562,0.8802380458077983,false
d100_delay_median_cap1,city,d100_median_city_qnehvi,1407,14315994.666666668,1308.4034069615875,0.8718909740411156,1.1277444625833453,false
d100_delay_median_cap1,city,d100_median_city_qnehvi,1408,13189338.000000002,792.9750852510333,0.80327389214200362,0.68348435704177546,false
d100_delay_median_cap1,city,d100_median_city_qnehvi,1409,14306778.0,1181.110198899035,0.8713296488475456,1.0180273755189062,false
d100_delay_median_cap1,city,d100_median_city_qnehvi,1410,13299917.333333334,586.333768002115,0.81000853579713894,0.5053752203424412,false
d100_delay_median_cap1,city,d100_median_city_qnehvi,1411,13455381.333333334,621.3010991291383,0.81947680269332168,0.53551440665149708,false
d100_delay_median_cap1,city,d100_median_city_qnehvi,1412,13142148.666666666,845.2893129500205,0.80039990715092557,0.7285752520118991,false
d100_delay_median_cap1,city,d100_median_city_qnehvi,1413,13053652.0,732.1552661760403,0.7950101702380552,0.63106228766148842,false
d100_delay_median_cap1,city,d100_median_city_qnehvi,1414,13503541.333333336,699.6851720327941,0.82240990446427931,0.60307553015629256,false
d100_delay_median_cap1,city,d100_median_city_qnehvi,1415,13222621.333333334,759.2309930605759,0.80530095617737274,0.65439950988361806,false
d100_delay_median_cap1,city,d100_median_city_qnehvi,1416,13240332.666666666,753.0291959559897,0.80637963439925842,0.64905403133659678,false
d100_delay_median_cap1,city,d100_median_city_qnehvi,1417,13930002.66666667,652.4518751279455,0.8483827967409604,0.56236401201855213,false
d100_delay_median_cap1,city,d100_median_city_qnehvi,1418,13040545.333333332,853.0751702837265,0.79421193130094225,0.73528607028693027,false
d100_delay_median_cap1,city,d100_median_city_qnehvi,1419,13428379.33333333,623.5909726570842,0.81783229243544342,0.5374881038899918,false
d100_delay_median_cap1,city,d100_median_city_qnehvi,1420,13499460.0,686.2452963845286,0.82216133789393309,0.59149137708890076,false
d100_delay_median_cap1,city,d100_median_city_qnehvi,1421,13976550.666666668,710.3349719826853,0.85121772243104621,0.61225484966677957,false
d100_delay_median_cap1,city,d100_median_city_qnehvi,1422,14094766.666666664,689.263027744815,0.85841746410371056,0.59409243255315547,false
d100_delay_median_cap1,city,d100_median_city_qnehvi,1423,13132153.333333334,766.2266334725264,0.79979115860646344,0.66042922112926661,false
d100_delay_median_cap1,city,d100_median_city_qnehvi,1424,13215050.666666666,774.3147156234314,0.80483987777605759,0.66740053426562129,false
d100_delay_median_cap1,city,d100_median_city_qnehvi,1425,13093782.666666668,1374.198422555707,0.79745425930511726,1.1844547738734716,false
d100_delay_median_cap1,city,d100_median_city_qnehvi,1426,14364055.333333332,1206.2351134204987,0.87481802608665959,1.0396831455006275,false
d100_delay_median_cap1,city,d100_median_city_qnehvi,1427,14155113.999999998,695.0267080548838,0.86209281440006791,0.59906028766511599,false
d100_delay_median_cap1,city,d100_median_city_qnehvi,1428,13666038.0,628.320966103966,0.83230648379930228,0.54156499935617208,false
d100_delay_median_cap1,city,d100_median_city_qnehvi,1429,13920057.999999998,770.2139208031011,0.84777713396248033,0.66386596027551092,false
d100_delay_median_cap1,city,d100_median_city_qnehvi,1430,13078141.333333334,834.4215926126456,0.79650165086449987,0.71920810166196214,false
d100_delay_median_cap1,city,d100_median_city_qnehvi,1431,13320747.333333334,690.0555292711086,0.81127715103569886,0.59477550873830698,false
d100_delay_median_cap1,city,d100_median_city_qnehvi,1432,14211927.333333332,623.0424447062563,0.86555293251912957,0.53701531441556294,false
d100_delay_median_cap1,city,d100_median_city_qnehvi,1433,13123561.333333334,765.0297860075121,0.79926787765928597,0.65939762942441082,false
d100_delay_median_cap1,city,d100_median_city_qnehvi,1434,14120575.333333334,654.5806789331524,0.85998929645225841,0.56419887937710134,false
d100_delay_median_cap1,city,d100_median_city_qnehvi,1435,13704904.0,952.3411937577218,0.83467355052334791,0.8208458507795785,false
d100_delay_median_cap1,city,d100_median_city_qnehvi,1436,14018034.666666666,1218.4617704607012,0.85374423393159438,1.050221596180005,false
d100_delay_median_cap1,city,d100_median_city_qnehvi,1437,13081040.0,817.8218609232339,0.7966781891604594,0.70490039243902769,false
d100_delay_median_cap1,city,d100_median_city_qnehvi,1438,14387019.333333332,1184.3587196284832,0.87621660891615027,1.0208273539083923,false
d100_delay_median_cap1,city,d100_median_city_qnehvi,1439,13206476.666666666,870.0709511085204,0.80431769308784751,0.7499351438146058,false
d100_delay_median_cap1,city,d100_median_city_qnehvi,1440,13192487.999999998,862.7785470996985,0.80346573746132477,0.7436496448651897,false
d100_delay_median_cap1,city,d100_median_city_qnehvi,1441,13470205.333333334,1477.500510349117,0.82037963285637561,1.2734933355758231,false
d100_delay_median_cap1,city,d100_median_city_qnehvi,1442,14016918.0,706.1886898664638,0.85367622527342224,0.60868106907892894,false
d100_delay_median_cap1,city,d100_median_city_qnehvi,1443,13856232.0,719.6749926140774,0.84388992147009789,0.62030523878333421,false
d100_delay_median_cap1,city,d100_median_city_qnehvi,1444,14262263.333333334,667.1985928546426,0.86861855981860914,0.57507456380179944,false
d100_delay_median_cap1,city,d100_median_city_qnehvi,1445,13050502.66666667,714.9832207296683,0.79481836552091789,0.61626128740397068,false
d100_delay_median_cap1,city,d100_median_city_qnehvi,1446,13339373.333333334,895.6993033430738,0.8124115354540099,0.7720248389070169,false
d100_delay_median_cap1,city,d100_median_city_qnehvi,1447,13638807.333333332,656.8921760939099,0.83064804699231809,0.56619121454640142,false
d100_delay_median_cap1,city,d100_median_city_qnehvi,1448,13494225.333333334,617.6216686055304,0.8218425295452958,0.53234301671443252,false
d100_delay_median_cap1,city,d100_median_city_qnehvi,1449,13344594.0,579.0876871659655,0.81272949115678361,0.49912964845312952,false
d100_delay_median_cap1,city,d100_median_city_qnehvi,1450,13695536.666666666,990.5861911949004,0.83410304923619771,0.8538101367572889,false
d100_delay_median_cap1,city,d100_median_city_qnehvi,1451,13831093.33333333,1127.574351339078,0.84235889431645328,0.97188353691820151,false
d100_delay_median_cap1,city,d100_median_city_qnehvi,1452,13422458.666666668,647.9306736942854,0.81747170443948747,0.55846707942581719,false
d100_delay_median_cap1,city,d100_median_city_qnehvi,1453,13299825.333333334,648.119369505685,0.8100029326957493,0.5586297208980775,false
d100_delay_median_cap1,city,d100_median_city_qnehvi,1454,13490958.666666666,611.3838350162517,0.82164357884377726,0.52696647745185032,false
d100_delay_median_cap1,city,d100_median_city_qnehvi,1455,13942425.999999998,682.8569142197059,0.84913941843948992,0.588570848754013,false
d100_delay_median_cap1,city,d100_median_city_qnehvi,1456,13573881.333333334,1062.6106447735706,0.82669384089636311,0.91588975093573255,false
d100_delay_median_cap1,city,d100_median_city_qnehvi,1457,13866914.000000002,993.2866865680444,0.84454049026406341,0.85613775887069155,false
d100_delay_median_cap1,city,d100_median_city_qnehvi,1458,13760353.333333332,1098.3753064354896,0.83805059657397962,0.94671617566895738,false
d100_delay_median_cap1,city,d100_median_city_qnehvi,1459,13002631.999999998,860.6146128624443,0.79190288509780871,0.74178449773971333,false
d100_delay_median_cap1,city,d100_median_city_qnehvi,1460,13604954.66666667,931.0894107657411,0.82858630869182748,0.80252842630505439,false
d100_delay_median_cap1,city,d100_median_city_qnehvi,1461,13291990.66666667,965.0917256058613,0.80952577582957685,0.83183584179475334,false
d100_delay_median_cap1,city,d100_median_city_qnehvi,1462,13475087.333333332,643.5154303992438,0.82067696264968548,0.55466147470906979,false
d100_delay_median_cap1,city,d100_median_city_qnehvi,1463,13512490.0,640.5976600635076,0.82295490757988776,0.55214657806350265,false
d100_delay_median_cap1,city,d100_median_city_qnehvi,1464,13180038.0,787.4241661818461,0.80270749167543576,0.67869988597634046,false
d100_delay_median_cap1,city,d100_median_city_qnehvi,1465,13994851.333333332,1175.910366971602,0.85233229298357305,1.0135455149311656,false
d100_delay_median_cap1,city,d100_median_city_qnehvi,1466,14317766.666666666,704.6726582051423,0.87199889464614311,0.60737436481473961,false
d100_delay_median_cap1,city,d100_median_city_qnehvi,1467,13141627.333333336,671.6128009293016,0.8003681562430508,0.57887927623712354,false
d100_delay_median_cap1,city,d100_median_city_qnehvi,1468,13598698.0,920.2401788710469,0.82820525719514348,0.79317721158991006,false
d100_delay_median_cap1,city,d100_median_city_qnehvi,1469,13510573.333333334,1054.0627310357168,0.8228381763009357,0.90852209786083682,false
d100_delay_median_cap1,city,d100_median_city_qnehvi,1470,13059040.666666666,773.4740396598015,0.79533835769119254,0.66667593537068859,false
d100_delay_median_cap1,city,d100_median_city_qnehvi,1471,13382521.33333333,623.9377888424774,0.8150393900057803,0.53778703312735887,false
d100_delay_median_cap1,city,d100_median_city_qnehvi,1472,13175910.666666668,988.034877591596,0.80245612355439488,0.8516110980104229,false
d100_delay_median_cap1,city,d100_median_city_qnehvi,1473,13258422.666666668,654.8383191206747,0.80748137466164693,0.56442094567047185,false
d100_delay_median_cap1,city,d100_median_city_qnehvi,1474,13282698.666666666,626.795901876075,0.8089598625892167,0.54025050970493982,false
d100_delay_median_cap1,city,d100_median_city_qnehvi,1475,13054497.999999998,1099.7090139427628,0.7950616944095299,0.94786573034607779,false
d100_delay_median_cap1,city,d100_median_city_qnehvi,1476,13141849.333333332,987.9004628603556,0.80038167677031724,0.85149524271071997,false
d100_delay_median_cap1,city,d100_median_city_qnehvi,1477,13315932.666666668,690.390161995718,0.8109839220629711,0.59506393675689029,false
d100_delay_median_cap1,city,d100_median_city_qnehvi,1478,13263090.666666666,614.4119502495954,0.80776567115389808,0.52957648302681115,false
d100_delay_median_cap1,city,d100_median_city_qnehvi,1479,13443657.333333334,604.8772454514242,0.81876277268579045,0.5213582909300214,false
d100_delay_median_cap1,city,d100_median_city_qnehvi,1480,13181673.333333332,997.086859835942,0.80280708883274698,0.85941321989206032,false
d100_delay_median_cap1,city,d100_median_city_qnehvi,1481,13379111.333333336,637.0273649109233,0.81483170983470576,0.54906925453568856,false
d100_delay_median_cap1,city,d100_median_city_qnehvi,1482,13349121.333333332,647.9278048333268,0.81300522058821434,0.55846460668534381,false
d100_delay_median_cap1,city,d100_median_city_qnehvi,1483,13370621.999999998,609.1601965481159,0.81431468162386156,0.52504986980937174,false
d100_delay_median_cap1,city,d100_median_city_qnehvi,1484,13422572.0,844.7724343786865,0.81747860681076456,0.72812974190121882,false
d100_delay_median_cap1,city,d100_median_city_qnehvi,1485,13244891.333333332,626.641174263382,0.80665727213333649,0.54011714624265073,false
d100_delay_median_cap1,city,d100_median_city_qnehvi,1486,13307261.333333334,622.3365060161216,0.81045580945589957,0.53640684882728418,false
d100_delay_median_cap1,city,d100_median_city_qnehvi,1487,13171264.0,1002.9471272435352,0.80217312633203075,0.86446432575360677,false
d100_delay_median_cap1,city,d100_median_city_qnehvi,1488,13204272.666666666,717.9173587359328,0.80418346226759851,0.61879029173964739,false
d100_delay_median_cap1,city,d100_median_city_qnehvi,1489,13520428.0,612.1690981983324,0.82343835778457763,0.52764331473349468,false
d100_delay_median_cap1,city,d100_median_city_qnehvi,1490,13524712.0,600.819104630364,0.82369926741885469,0.51786048145093899,false
d100_delay_median_cap1,city,d100_median_city_qnehvi,1491,13482663.999999998,598.7929339967743,0.82113840647065628,0.51611407609910176,false
d100_delay_median_cap1,city,d100_median_city_qnehvi,1492,13366088.666666668,634.7977314700115,0.81403858677277485,0.54714747968154154,false
d100_delay_median_cap1,city,d100_median_city_qnehvi,1493,13408776.0,702.1464083475742,0.8166383852154131,0.60519692911500367,false
d100_delay_median_cap1,city,d100_median_city_qnehvi,1494,14040877.33333333,971.3335904525628,0.8551354271635998,0.83721585569536527,false
d100_delay_median_cap1,city,d100_median_city_qnehvi,1495,13120171.999999998,772.6215702440327,0.79906145615591428,0.66594117141483211,false
d100_delay_median_cap1,city,d100_median_city_qnehvi,1496,13207864.666666666,1028.6309868469798,0.80440222683490092,0.88660186398641794,false
d100_delay_median_cap1,city,d100_median_city_qnehvi,1497,13454766.0,603.1459826835148,0.81943932687750509,0.51986607378246719,false
d100_delay_median_cap1,city,d100_median_city_qnehvi,1498,13520140.0,701.188658488232,0.82342081764109698,0.6043714214048691,false
d100_delay_median_cap1,city,d100_median_city_qnehvi,1499,13334923.333333334,641.3606043957673,0.81214051587592095,0.55280417819002869,false
d100_delay_median_cap1,city,d100_median_city_qnehvi,1500,13245349.999999998,673.2768950138757,0.80668520643591701,0.58031359907602098,false
d100_delay_median_cap1,city,d100_median_city_qnehvi,1501,13278979.333333334,701.2005001505444,0.80873334300477362,0.60438162801930428,false
d100_delay_median_cap1,city,d100_median_city_qnehvi,1502,13111841.333333334,1025.3039643471548,0.79855409126485843,0.88373422302713545,false
d100_delay_median_cap1,city,d100_median_city_qnehvi,1503,13291580.000000002,640.1322081477363,0.80950076488424316,0.55174539382795484,false
d100_delay_median_cap1,city,d100_median_city_qnehvi,1504,13163569.333333332,708.238731038111,0.80170449592449489,0.61044804902341088,false
d100_delay_median_cap1,city,d100_median_city_qnehvi,1505,13370420.666666668,633.4402710950206,0.81430241976429885,0.54597745183468094,false
d100_delay_median_cap1,city,d100_median_city_qnehvi,1506,13435229.333333334,601.7436690991965,0.8182494798758726,0.51865738587237309,false
d100_delay_median_cap1,city,d100_median_city_qnehvi,1507,13303291.333333336,560.5966499900072,0.81021402345027882,0.48319177740230773,false
d100_delay_median_cap1,city,d100_median_city_qnehvi,1508,13320773.333333334,638.0016224020324,0.81127873452087429,0.54990899057190079,false
d100_delay_median_cap1,city,d100_median_city_qnehvi,1509,13366555.333333334,653.5674765507383,0.81406700830156342,0.56332557579950138,false
d100_delay_median_cap1,city,d100_median_city_qnehvi,1510,13364087.333333334,597.6042938309947,0.8139166990164568,0.51508955846346294,false
d100_delay_median_cap1,city,d100_median_city_qnehvi,1511,13146982.666666666,700.6276274959006,0.80069431358698895,0.60388785525732391,false
d100_delay_median_cap1,city,d100_median_city_qnehvi,1512,13223710.000000002,1004.9589678670098,0.80536725954381749,0.86619837972400449,false
d100_delay_median_cap1,city,d100_median_city_qnehvi,1513,13378946.0,643.9931584297015,0.81482164049307781,0.55507324002403524,false
d100_delay_median_cap1,city,d100_median_city_qnehvi,1514,13393569.333333334,647.9587656755539,0.81571224939875275,0.55849129258221075,false
d100_delay_median_cap1,city,d100_median_city_qnehvi,1515,13544310.666666666,935.7529225586712,0.82489289042359726,0.8065480196297784,false
d100_delay_median_cap1,city,d100_median_city_qnehvi,1516,13642917.333333334,817.6192878785201,0.83089835945657553,0.70472578984457623,false
d100_delay_median_cap1,city,d100_median_city_qnehvi,1517,13978903.333333334,957.072471981106,0.85136100753832356,0.82492385362562226,false
d100_delay_median_cap1,city,d100_median_city_qnehvi,1518,13995907.333333334,981.3820189209284,0.85239660684300289,0.84587683861742891,false
d100_delay_median_cap1,city,d100_median_city_qnehvi,1519,14438602.0,992.2796198400024,0.87935816229967856,0.85526974376162157,false
d100_delay_median_cap1,city,d100_median_city_qnehvi,1520,13556488.0,661.434552887181,0.82563452991623731,0.57010639869245505,false
d100_delay_median_cap1,city,d100_median_city_qnehvi,1521,13635091.333333334,936.2734676778772,0.83042173041879508,0.80699669002652741,false
d100_delay_median_cap1,city,d100_median_city_qnehvi,1522,13350395.333333332,837.1637802295471,0.81308281136180649,0.72157165932611311,false
d100_delay_median_cap1,city,d100_median_city_qnehvi,1523,13477392.666666666,901.7647832334658,0.82081736500190006,0.77725282235837823,false
d100_delay_median_cap1,city,d100_median_city_qnehvi,1524,13322407.999999998,878.3700888065468,0.81137829107600123,0.75708837081888314,false
d100_delay_median_cap1,city,d100_median_city_qnehvi,1525,13550074.0,879.5860113017899,0.82524389630413342,0.75813640375249125,false
d100_delay_median_cap1,city,d100_median_city_qnehvi,1526,13659809.333333334,858.494234586469,0.831927137594346,0.73995689254808039,false
d100_delay_median_cap1,city,d100_median_city_qnehvi,1527,13151504.0,744.490199457317,0.80096967759876403,0.64169406424528563,false
d100_delay_median_cap1,city,d100_median_city_qnehvi,1528,13587722.666666666,805.0740487344525,0.8275368234402255,0.69391274556386717,false
d100_delay_median_cap1,city,d100_median_city_qnehvi,1529,13369363.333333332,915.708215584665,0.81423802470050111,0.78927100309667719,false
d100_delay_median_cap1,city,d100_median_city_qnehvi,1530,13113531.333333334,759.7066404533794,0.79865701780125631,0.65480948184679244,false
d100_delay_median_cap1,city,d100_median_city_qnehvi,1531,13929334.666666664,956.5536509391,0.84834211335260878,0.82447666925260632,false
d100_delay_median_cap1,city,d100_median_city_qnehvi,1532,13655459.333333334,982.7853293006672,0.83166220834385451,0.84708638568954409,false
d100_delay_median_cap1,city,d100_median_city_qnehvi,1533,13340972.0,857.1976868150413,0.81250889949120197,0.73883936674378903,false
d100_delay_median_cap1,city,d100_median_city_qnehvi,1534,14145866.0,972.726187112807,0.86152958090385101,0.83841616835417232,false
d100_delay_median_cap1,city,d100_median_city_qnehvi,1535,13340584.0,842.5541577575249,0.81248526902012341,0.72621775576400549,false
d100_delay_median_cap1,city,d100_median_city_qnehvi,1536,13126968.666666668,767.4649635501032,0.79947539542162471,0.66149656769868659,false
d100_delay_median_cap1,city,d100_median_city_qnehvi,1537,13384494.0,565.406744089626,0.81515953186818724,0.48733771355356476,false
d100_delay_median_cap1,city,d100_median_city_qnehvi,1538,13232853.333333332,1485.7615991722255,0.80592411849714907,1.2806137673368536,false
d100_delay_median_cap1,city,d100_median_city_qnehvi,1539,13272358.666666664,611.7320303011068,0.80833012271563476,0.52726659536831511,false
d100_delay_median_cap1,city,d100_median_city_qnehvi,1540,13396729.333333334,379.15696700158526,0.81590470375083401,0.32680453727868297,false
d100_delay_median_cap1,city,d100_median_city_qnehvi,1541,13252717.333333334,985.9862831690784,0.80713390117111738,0.84984536505391961,false
d100_delay_median_cap1,city,d100_median_city_qnehvi,1542,14018866.666666668,691.4381182272951,0.8537949054572056,0.59596719551554433,false
d100_delay_median_cap1,city,d100_median_city_qnehvi,1543,13490033.333333334,678.7498045322898,0.82158722301240839,0.58503083182761095,false
d100_delay_median_cap1,city,d100_median_city_qnehvi,1544,13363008.666666664,589.5119643025812,0.81385100468277161,0.50811458440996293,false
d100_delay_median_cap1,city,d100_median_city_qnehvi,1545,13032009.333333332,753.3846455232984,0.79369206093721945,0.64936040189412314,false
d100_delay_median_cap1,city,d100_median_city_qnehvi,1546,13263644.0,646.2523650870428,0.80779937096660437,0.55702050474689679,false
d100_delay_median_cap1,city,d100_median_city_qnehvi,1547,13406388.666666668,589.9941247521899,0.81649298879456877,0.50853017013392987,false
d100_delay_median_cap1,city,d100_median_city_qnehvi,1548,13432827.333333334,564.0516739841593,0.81810319020698075,0.48616974593767392,false
d100_delay_median_cap1,city,d100_median_city_qnehvi,1549,13353187.333333334,619.0898407823786,0.81325285330832908,0.53360846973431153,false
d100_delay_median_cap1,city,d100_median_city_qnehvi,1550,13138238.666666668,766.1434581290417,0.80016177534186339,0.66035753029405542,false
d100_delay_median_cap1,city,d100_median_city_qnehvi,1551,13451715.333333332,576.8578953612783,0.81925353128359701,0.49720773710142402,false
d100_delay_median_cap1,city,d100_median_city_qnehvi,1552,14227750.0,691.7233261390618,0.86651658475379056,0.59621302309553093,false
d100_delay_median_cap1,city,d100_median_city_qnehvi,1553,13411035.333333334,650.7401382470487,0.8167759860169328,0.56088862470408929,false
d100_delay_median_cap1,city,d100_median_city_qnehvi,1554,13364639.999999998,622.1606550086499,0.81395035822697881,0.53625527860141908,false
d100_delay_median_cap1,city,d100_median_city_qnehvi,1555,13246785.333333334,643.0196779149172,0.80677262293803353,0.55423417368246253,false
d100_delay_median_cap1,city,d100_median_city_qnehvi,1556,13202357.333333334,631.6248242233404,0.80406681219301457,0.54441267437708774,false
d100_delay_median_cap1,city,d100_median_city_qnehvi,1557,13366459.333333334,597.1026866862021,0.81406116158706976,0.51465721116375218,false
d100_delay_median_cap1,city,d100_median_city_qnehvi,1558,13374269.333333332,637.456466450999,0.81453681617243456,0.54943910750544644,false
d100_delay_median_cap1,city,d100_median_city_qnehvi,1559,13162694.666666668,1028.9519398120603,0.80165122585910875,0.8868785010902297,false
d100_delay_median_cap1,city,d100_median_city_qnehvi,1560,13449454.666666668,701.6229602807109,0.81911584927770964,0.6047457565976333,false
d100_delay_median_cap1,city,d100_median_city_qnehvi,1561,13469520.0,635.0523579886203,0.82033789381124056,0.54736694842096856,false
d100_delay_median_cap1,city,d100_median_city_qnehvi,1562,13413670.666666664,1495.4965566906362,0.81693648645021866,1.2890045620844512,false
d100_delay_median_cap1,city,d100_median_city_qnehvi,1563,13569419.333333332,617.4846630118841,0.82642209047896253,0.53222492828791557,false
d100_delay_median_cap1,city,d100_median_city_qnehvi,1564,13374674.666666664,595.1311525416496,0.81456150230029645,0.51295789831995864,false
d100_delay_median_cap1,city,d100_median_city_qnehvi,1565,13322576.666666664,635.265952055027,0.81138856342854904,0.54755105029990681,false
d100_delay_median_cap1,city,d100_median_city_qnehvi,1566,14190848.0,661.9892567478703,0.86426913206375999,0.57058451133259136,false
d100_delay_median_cap1,city,d100_median_city_qnehvi,1567,13113300.666666668,743.1710124706499,0.79864296944559798,0.64055702515519286,false
d100_delay_median_cap1,city,d100_median_city_qnehvi,1568,13322362.666666666,687.4560346975288,0.81137553012749042,0.59253494165076181,false
d100_delay_median_cap1,city,d100_median_city_qnehvi,1569,13451297.333333334,601.7347947702749,0.81922807371423956,0.51864973687417637,false
d100_delay_median_cap1,city,d100_median_city_qnehvi,1570,13525282.666666668,648.316318722235,0.82373402288834441,0.55879947617935588,false
d100_delay_median_cap1,city,d100_median_city_qnehvi,1571,13377722.0,696.1677912045038,0.81474709488328445,0.60004381476118163,false
d100_delay_median_cap1,city,d100_median_city_qnehvi,1572,13384132.000000002,652.8192550787617,0.81513748488228455,0.56268066566145203,false
d100_delay_median_cap1,city,d100_median_city_qnehvi,1573,13565934.666666668,697.4206313509549,0.82620986286328157,0.60112366790902938,false
d100_delay_median_cap1,city,d100_median_city_qnehvi,1574,13585970.0,629.2821915260563,0.82743008029853327,0.5423935027376896,false
d100_delay_median_cap1,city,d100_median_city_qnehvi,1575,14042532.0,732.5607058536868,0.85523620178424675,0.63141174590116012,false
d100_delay_median_cap1,city,d100_median_city_qnehvi,1576,13544980.0,652.2492756408233,0.82493365501631677,0.56218938663275098,false
d100_delay_median_cap1,city,d100_median_city_qnehvi,1577,13979076.0,680.0193282367115,0.85137152350397505,0.58612506493657601,false
d100_delay_median_cap1,city,d100_median_city_qnehvi,1578,13261501.333333332,983.1347054785712,0.80766887554728184,0.84738752144621787,false
d100_delay_median_cap1,city,d100_median_city_qnehvi,1579,13152883.33333333,922.2402536366708,0.80105368351742545,0.79490112428356707,false
d100_delay_median_cap1,city,d100_median_city_qnehvi,1580,13525656.666666666,666.8441558733812,0.82375680071355883,0.5747690660166167,false
d100_delay_median_cap1,city,d100_median_city_qnehvi,1581,13344206.0,704.7909319847715,0.81270586068570527,0.60747630783883766,false
d100_delay_median_cap1,city,d100_median_city_qnehvi,1582,13264919.999999998,651.1435341153913,0.80787708354674848,0.56123632133521395,false
d100_delay_median_cap1,city,d100_median_city_qnehvi,1583,13265850.0,1435.3064155785078,0.80793372359340543,1.2371252273317668,false
d100_delay_median_cap1,city,d100_median_city_qnehvi,1584,13548058.0,614.6231783001768,0.82512111529976773,0.52975854557962787,false
d100_delay_median_cap1,city,d100_median_city_qnehvi,1585,14208632.666666666,730.2205917881649,0.86535227652588376,0.6293947451312415,false
d100_delay_median_cap1,city,d100_median_city_qnehvi,1586,13800524.666666668,630.7876487079415,0.84049716237426464,0.54369109260293602,false
d100_delay_median_cap1,city,d100_median_city_qnehvi,1587,13703453.999999998,656.6824106839022,0.83458524077318397,0.56601041267878227,false
d100_delay_median_cap1,city,d100_median_city_qnehvi,1588,13741397.333333334,618.368446252344,0.83689611407459696,0.53298668238474034,false
d100_delay_median_cap1,city,d100_median_city_qnehvi,1589,13392510.666666668,564.263455593521,0.81564777313058712,0.4863522856161584,false
d100_delay_median_cap1,city,d100_median_city_qnehvi,1590,13731567.333333334,610.3097194603058,0.83629743487176245,0.52604067134041121,false
d100_delay_median_cap1,city,d100_median_city_qnehvi,1591,13098321.333333334,786.5912724172922,0.79773067897367611,0.67798199474654208,false
d100_delay_median_cap1,city,d100_median_city_qnehvi,1592,13400254.666666666,488.7548621202467,0.81611940809973771,0.42126960720530787,false
d100_delay_median_cap1,city,d100_median_city_qnehvi,1593,13423003.999999998,642.6512254198271,0.81750491702598571,0.55391659558777706,false
d100_delay_median_cap1,city,d100_median_city_qnehvi,1594,14159529.333333334,621.4698783998333,0.8623617226645901,0.53565988157682398,false
d100_delay_median_cap1,city,d100_median_city_qnehvi,1595,13592252.666666668,535.9541908250217,0.82781271528039246,0.46195184733189898,false
d100_delay_median_cap1,city,d100_median_city_qnehvi,1596,13906444.666666668,727.3197109701648,0.84694803736554036,0.62689440596848212,false
d100_delay_median_cap1,city,d100_median_city_qnehvi,1597,13808065.999999998,608.1693378803113,0.84095645427948429,0.52419582481845095,false
d100_delay_median_cap1,city,d100_median_city_qnehvi,1598,13574383.999999996,606.6899610380658,0.82672445494308622,0.52292071422714581,false
d100_delay_median_cap1,city,d100_median_city_qnehvi,1599,13683516.0,643.1458873964636,0.83337095125679395,0.55434295667949707,false
d100_delay_median_cap1,city,d100_median_city_qnehvi,1600,12971947.999999998,1043.6074238203316,0.79003412897779091,0.89951041633049011,false
d100_delay_median_cap1,city,d100_median_city_qnehvi,1601,13347915.999999998,311.2952710516012,0.8129318118395723,0.26831290432976634,false
d100_delay_median_cap1,city,d100_median_city_qnehvi,1602,13257888.666666666,390.30650930803415,0.80744885231227603,0.33641459678291175,false
d100_delay_median_cap1,city,d100_median_city_qnehvi,1603,13673416.666666666,1542.139288196748,0.8327558687716301,1.3292070576572279,false
d100_delay_median_cap1,city,d100_median_city_qnehvi,1604,13263698.666666668,710.5550581785753,0.80780270034569113,0.61244454726874653,false
d100_delay_median_cap1,city,d100_median_city_qnehvi,1605,13267090.666666668,332.86790643375764,0.80800928425779861,0.28690687922016556,false
d100_delay_median_cap1,city,d100_median_city_qnehvi,1606,13126886.0,1485.354103953858,0.7994703607508109,1.2802625373770429,false
d100_delay_median_cap1,city,d100_median_city_qnehvi,1607,13279878.0,371.9225632235251,0.80878807474878311,0.32056903012745558,false
d100_delay_median_cap1,city,d100_median_city_qnehvi,1608,13278722.000000002,399.1280151871815,0.80871767056175614,0.34401806552498526,false
d100_delay_median_cap1,city,d100_median_city_qnehvi,1609,13448464.666666668,310.01106134581835,0.81905555503449423,0.26720601300191849,false
d100_delay_median_cap1,city,d100_median_city_qnehvi,1610,13318778.000000004,382.7875257486404,0.81115721218421233,0.32993380345247181,false
d100_delay_median_cap1,city,d100_median_city_qnehvi,1611,13229176.0,327.7137811683165,0.80570015685029683,0.28246441430710006,false
d100_delay_median_cap1,city,d100_median_city_qnehvi,1612,13207420.000000002,1520.6889982595412,0.80437514517818431,1.3107185352574979,false
d100_delay_median_cap1,city,d100_median_city_qnehvi,1613,13350009.333333334,350.2911846826623,0.81305930269728033,0.30192442309134865,false
d100_delay_median_cap1,city,d100_median_city_qnehvi,1614,13066767.999999998,1499.6432068641848,0.79580897760574354,1.2925786599097915,false
d100_delay_median_cap1,city,d100_median_city_qnehvi,1615,13236515.333333332,695.3636443201494,0.8061471462937696,0.59935070116096545,false
d100_delay_median_cap1,city,d100_median_city_qnehvi,1616,13266695.999999998,351.3518275042081,0.80798524776488012,0.30283861672796919,false
d100_delay_median_cap1,city,d100_median_city_qnehvi,1617,13228205.333333334,358.69556004043017,0.80564104007041726,0.30916835697348721,false
d100_delay_median_cap1,city,d100_median_city_qnehvi,1618,13400336.666666668,347.71233259163995,0.81612440216836779,0.29970164825753365,false
d100_delay_median_cap1,city,d100_median_city_qnehvi,1619,13136124.666666666,1225.9135053520467,0.80003302581645197,1.0566444262610342,false
d100_delay_median_cap1,city,d100_median_city_qnehvi,1620,13276736.000000002,448.724374287542,0.80859671665566968,0.38676636397952197,false
d100_delay_median_cap1,city,d100_median_city_qnehvi,1621,13366838.666666666,408.18704170947615,0.81408426422975599,0.35182625903973458,false
d100_delay_median_cap1,city,d100_median_city_qnehvi,1622,13389633.333333332,353.645332298,0.81547253410451492,0.30481544384210346,false
d100_delay_median_cap1,city,d100_median_city_qnehvi,1623,13340255.999999998,343.93253855194644,0.81246529274560364,0.2964437525846168,false
d100_delay_median_cap1,city,d100_median_city_qnehvi,1624,13310668.666666668,324.9410218299976,0.81066332721823842,0.28007450613869589,false
d100_delay_median_cap1,city,d100_median_city_qnehvi,1625,13210470.0,364.8482544207338,0.804560900169908,0.31447151269781254,false
d100_delay_median_cap1,city,d100_median_city_qnehvi,1626,13472735.333333336,404.6521695324132,0.82053371814459242,0.34877946742912563,false
d100_delay_median_cap1,city,d100_median_city_qnehvi,1627,13317385.333333336,324.21966979839743,0.81107239422187083,0.27945275541955072,false
d100_delay_median_cap1,city,d100_median_city_qnehvi,1628,13385332.666666666,364.9126126056294,0.81521060941563828,0.31452698457005906,false
d100_delay_median_cap1,city,d100_median_city_qnehvi,1629,13297901.333333334,557.9035242666839,0.80988575479277325,0.48087050736788334,false
d100_delay_median_cap1,city,d100_median_city_qnehvi,1630,13726287.999999998,1882.9159465121757,0.83597590617679796,1.6229306809282291,false
d100_delay_median_cap1,city,d100_median_city_qnehvi,1631,13539438.666666666,426.2408868778401,0.82459616966304694,0.3673873037516559,false
d100_delay_median_cap1,city,d100_median_city_qnehvi,1632,13777904.666666666,1869.1603313317596,0.83911953027170938,1.6110743843406456,false
d100_delay_median_cap1,city,d100_median_city_qnehvi,1633,13346016.666666668,378.7692357074544,0.81281613621740401,0.32647034232199013,false
d100_delay_median_cap1,city,d100_median_city_qnehvi,1634,13396354.666666666,361.5035309803276,0.8158818853234352,0.31158861487079581,false
d100_delay_median_cap1,city,d100_median_city_qnehvi,1635,13328452.666666666,333.09820610973327,0.81174643107817834,0.28710538006702541,false
d100_delay_median_cap1,city,d100_median_city_qnehvi,1636,13182815.333333334,691.3903060982608,0.80287664037391049,0.59592598508802919,false
d100_delay_median_cap1,city,d100_median_city_qnehvi,1637,13224874.000000002,910.0620577563518,0.80543815095705251,0.78440444344705174,false
d100_delay_median_cap1,city,d100_median_city_qnehvi,1638,13414778.66666667,331.53787989405254,0.81700396727999947,0.28576049725779773,false
d100_delay_median_cap1,city,d100_median_city_qnehvi,1639,13422994.666666666,355.794796613754,0.81750434859540988,0.30666811899314206,false
d100_delay_median_cap1,city,d100_median_city_qnehvi,1640,13273630.66666667,543.8547099503431,0.8084075916826754,0.46876149537141726,false
d100_delay_median_cap1,city,d100_median_city_qnehvi,1641,13528290.666666666,395.02237881500446,0.82391721994247713,0.34047931848453261,false
d100_delay_median_cap1,city,d100_median_city_qnehvi,1642,13152570.666666668,386.3271587780904,0.8010346410931376,0.33298469855661189,false
d100_delay_median_cap1,city,d100_median_city_qnehvi,1643,13535534.66666667,616.9830854696954,0.82435840327364063,0.53179260650340343,false
d100_delay_median_cap1,city,d100_median_city_qnehvi,1644,13379778.666666662,359.596460341349,0.81487235262087265,0.30994486467768234,false
d100_delay_median_cap1,city,d100_median_city_qnehvi,1645,13173862.666666668,673.0284103300314,0.80233139364519801,0.58009942413215343,false
d100_delay_median_cap1,city,d100_median_city_qnehvi,1646,13500501.333333332,397.6133287446322,0.82222475850531507,0.34271252073731007,false
d100_delay_median_cap1,city,d100_median_city_qnehvi,1647,13259738.666666666,308.6136262496384,0.80756152337282983,0.26600152997844773,false
d100_delay_median_cap1,city,d100_median_city_qnehvi,1648,13053642.000000002,607.3430073556452,0.79500956120529553,0.52348359060345462,false
d100_delay_median_cap1,city,d100_median_city_qnehvi,1649,13296847.333333332,349.09800767689626,0.80982156273989536,0.3008959950438711,false
d100_delay_median_cap1,city,d100_median_city_qnehvi,1650,13315715.999999998,378.1994791289725,0.81097072635317646,0.32597925538123107,false
d100_delay_median_cap1,city,d100_median_city_qnehvi,1651,13340916.0,342.9850149273283,0.81250548890774743,0.29562705911290577,false
d100_delay_median_cap1,city,d100_median_city_qnehvi,1652,13413515.333333334,368.7285845615975,0.81692702614135082,0.3178160628618299,false
d100_delay_median_cap1,city,d100_median_city_qnehvi,1653,13326508.000000002,392.46753751816135,0.81162799450749912,0.3382772391334975,false
d100_delay_median_cap1,city,d100_median_city_qnehvi,1654,13422299.999999998,434.6835797646157,0.81746204111969933,0.37466426443648276,false
d100_delay_median_cap1,city,d100_median_city_qnehvi,1655,13373591.333333332,363.8455732629022,0.81449552375132339,0.31360727761751178,false
d100_delay_median_cap1,city,d100_median_city_qnehvi,1656,13305419.333333334,359.4320051383522,0.81034362562155349,0.30980311677062577,false
d100_delay_median_cap1,city,d100_median_city_qnehvi,1657,13500807.333333332,818.8879880943616,0.82224339490776333,0.7058193131688667,false
d100_delay_median_cap1,city,d100_median_city_qnehvi,1658,13334697.333333336,376.2560292832956,0.81212675173555071,0.32430414907219129,false
d100_delay_median_cap1,city,d100_median_city_qnehvi,1659,13219381.333333332,366.710747813755,0.80510362956321357,0.31607684068717889,false
d100_delay_median_cap1,city,d100_median_city_qnehvi,1660,13401390.666666666,374.773425545113,0.81618859422124534,0.32302625714142691,false
d100_delay_median_cap1,city,d100_median_city_qnehvi,1661,13290532.666666666,583.7219599201507,0.80943697885320498,0.50312403994494759,false
d100_delay_median_cap1,city,d100_median_city_qnehvi,1662,13261389.333333334,352.44174069000894,0.80766205438037275,0.30377803919770879,false
d100_delay_median_cap1,city,d100_median_city_qnehvi,1663,13246210.666666664,346.048845591198,0.80673762385543968,0.29826784867909617,false
d100_delay_median_cap1,city,d100_median_city_qnehvi,1664,13243944.0,323.02217105610896,0.80659957642989621,0.27842060236309968,false
d100_delay_median_cap1,city,d100_median_city_qnehvi,1665,13022363.333333332,809.755338175498,0.79310458793716421,0.69794766187239987,false
d100_delay_median_cap1,city,d100_median_city_qnehvi,1666,13451962.666666668,385.6014452686968,0.81926859469385493,0.33235918857453306,false
d100_delay_median_cap1,city,d100_median_city_qnehvi,1667,13295773.333333334,453.50573465149023,0.80975615262149847,0.39088753383078356,false
d100_delay_median_cap1,city,d100_median_city_qnehvi,1668,13336699.999999998,356.547189414597,0.81224872069623633,0.30731662450017733,false
d100_delay_median_cap1,city,d100_median_city_qnehvi,1669,13305212.000000002,367.7510772842628,0.8103309983423348,0.31697352575646642,false
d100_delay_median_cap1,city,d100_median_city_qnehvi,1670,13266165.33333333,318.7606733155668,0.80795292842642941,0.27474751464899155,false
d100_delay_median_cap1,city,d100_median_city_qnehvi,1671,13240892.0,549.861134773091,0.80641369963162046,0.47393857783523269,false
d100_delay_median_cap1,city,d100_median_city_qnehvi,1672,13054849.333333336,1044.93850149212,0.7950830917604893,0.90065770428895986,false
d100_delay_median_cap1,city,d100_median_city_qnehvi,1673,13490918.666666668,350.56774116236727,0.82164114271273836,0.30216279379331973,false
d100_delay_median_cap1,city,d100_median_city_qnehvi,1674,13411380.0,364.5159418916751,0.81679697734605217,0.31418508451175081,false
d100_delay_median_cap1,city,d100_median_city_qnehvi,1675,13337227.333333332,383.0545541093594,0.81228083702376741,0.33016396163881651,false
d100_delay_median_cap1,city,d100_median_city_qnehvi,1676,12987161.333333332,1028.678891931917,0.79096067081629107,0.88664315453486797,false
d100_delay_median_cap1,city,d100_median_city_qnehvi,1677,13561397.999999998,438.0963945978205,0.82593356500127457,0.37760585187770374,false
d100_delay_median_cap1,city,d100_median_city_qnehvi,1678,13413026.0,346.84255821684656,0.8168972241383069,0.29895196874000018,false
d100_delay_median_cap1,city,d100_median_city_qnehvi,1679,13411371.999999998,325.40714052272216,0.81679649011984423,0.28047626508538598,false
d100_delay_median_cap1,city,d100_median_city_qnehvi,1680,13312190.666666666,408.028284585797,0.81075602200427244,0.3516894224447118,false
d100_delay_median_cap1,city,d100_median_city_qnehvi,1681,13156427.333333334,463.8396086146302,0.80126952472748147,0.39979454911136014,false
d100_delay_median_cap1,city,d100_median_city_qnehvi,1682,13442511.999999998,392.6056013016598,0.81869301813370687,0.33839623963937771,false
d100_delay_median_cap1,city,d100_median_city_qnehvi,1683,13400344.0,393.1255724548632,0.81612484879239167,0.33884441532098164,false
d100_delay_median_cap1,city,d100_median_city_qnehvi,1684,13169948.666666666,402.0828494370768,0.80209301822303158,0.34656490845235832,false
d100_delay_median_cap1,city,d100_median_city_qnehvi,1685,13459984.666666666,397.9422186658261,0.81975716077372651,0.34299599889508042,false
d100_delay_median_cap1,city,d100_median_city_qnehvi,1686,13107028.666666668,449.4807600023146,0.79826098409868251,0.38741831107540486,false
d100_delay_median_cap1,city,d100_median_city_qnehvi,1687,13333784.666666666,326.37328463481674,0.81207116734567719,0.28130900800448494,false
d100_delay_median_cap1,city,d100_median_city_qnehvi,1688,13239414.000000004,977.441993010643,0.80632368458972958,0.84248083522954587,false
d100_delay_median_cap1,city,d100_median_city_qnehvi,1689,13635976.666666666,448.4598092112749,0.83047565011912472,0.38653832895747475,false
d100_delay_median_cap1,city,d100_median_city_qnehvi,1690,13382282.666666668,1019.5384120896748,0.81502485442391459,0.87876475443853919,false
d100_delay_median_cap1,city,d100_median_city_qnehvi,1691,13266950.666666668,1122.2188622277008,0.80800075779916203,0.96726751164828395,false
d100_delay_median_cap1,city,d100_median_city_qnehvi,1692,13575356.000000002,425.8366778445902,0.82678365292733436,0.36703890623407964,false
d100_delay_median_cap1,city,d100_median_city_qnehvi,1693,13404872.0,377.9921826037821,0.81640061882600667,0.32580058150499974,false
d100_delay_median_cap1,city,d100_median_city_qnehvi,1694,13424108.0,441.15126050466296,0.81757215424266239,0.38023891450353153,false
d100_delay_median_cap1,city,d100_median_city_qnehvi,1695,13148737.333333336,1079.586489692613,0.80080117853523314,0.93052164122527359,false
d100_delay_median_cap1,city,d100_median_city_qnehvi,1696,13252330.666666668,325.45648071789105,0.80711035190440694,0.28051879258996787,false
d100_delay_median_cap1,city,d100_median_city_qnehvi,1697,13484725.999999998,408.140299110922,0.82126398902571685,0.35178597046634374,false
d100_delay_median_cap1,city,d100_median_city_qnehvi,1698,13320052.666666666,397.4733759845472,0.81123484355998798,0.34259189207693713,false
d100_delay_median_cap1,city,d100_median_city_qnehvi,1699,13586818.0,1042.6175171284033,0.82748172627656014,0.89865719187054405,false
d100_delay_median_cap1,city,d100_median_city_qnehvi,1700,13276309.333333334,486.5224788546609,0.80857073125792045,0.41934546221093305,false
d100_delay_median_cap1,city,d100_median_city_qnehvi,1701,13118094.666666668,733.4544675320703,0.79893493975062224,0.63218210065436808,false
d100_delay_median_cap1,city,d100_median_city_qnehvi,1702,13289678.0,394.4520679793174,0.8093849268533384,0.33998775381611668,false
d100_delay_median_cap1,city,d100_median_city_qnehvi,1703,13460988.666666664,383.4714810326625,0.8198183076628055,0.33052332101265741,false
d100_delay_median_cap1,city,d100_median_city_qnehvi,1704,13407591.333333334,439.20107947626593,0.81656623513447468,0.37855800642571091,false
d100_delay_median_cap1,city,d100_median_city_qnehvi,1705,13640824.666666666,467.9495802525963,0.83077090920105168,0.40333703282198763,false
d100_delay_median_cap1,city,d100_median_city_qnehvi,1706,13252298.666666666,437.8317389629654,0.80710840299957554,0.37737773880102488,false
d100_delay_median_cap1,city,d100_median_city_qnehvi,1707,13333863.999999998,424.87999937794456,0.81207599900557126,0.36621432198315829,false
d100_delay_median_cap1,city,d100_median_city_qnehvi,1708,13540812.000000002,422.6072669864975,0.82467981016205283,0.36425539910375354,false
d100_delay_median_cap1,city,d100_median_city_qnehvi,1709,13293629.999999998,628.1373641097823,0.80962561659999166,0.54140674836786196,false
d100_delay_median_cap1,city,d100_median_city_qnehvi,1710,13364129.333333332,1089.3338648280944,0.81391925695404777,0.93892313901660784,false
d100_delay_median_cap1,city,d100_median_city_qnehvi,1711,13256443.333333334,494.09396169906427,0.8073608267774004,0.42587150594170381,false
d100_delay_median_cap1,city,d100_median_city_qnehvi,1712,13301451.333333334,389.0387091137972,0.81010196142248458,0.33532184920895586,false
d100_delay_median_cap1,city,d100_median_city_qnehvi,1713,13213749.333333334,1098.778570861221,0.80476062231292222,0.94706375900652406,false
d100_delay_median_cap1,city,d100_median_city_qnehvi,1714,13263662.666666664,437.9997910549411,0.80780050782775592,0.37752258695346991,false
d100_delay_median_cap1,city,d100_median_city_qnehvi,1715,13354928.666666668,320.6329303236871,0.81335890621289353,0.27636125813376566,false
d100_delay_median_cap1,city,d100_median_city_qnehvi,1716,13288447.333333332,385.0250579388788,0.80930997522170511,0.33186238642922605,false
d100_delay_median_cap1,city,d100_median_city_qnehvi,1717,13371055.333333332,577.5693121306904,0.81434107304345071,0.49782092437839415,false
d100_delay_median_cap1,city,d100_median_city_qnehvi,1718,13201765.333333332,362.0824445708397,0.80403075745363739,0.31208759446114281,false
d100_delay_median_cap1,city,d100_median_city_qnehvi,1719,13345115.333333334,428.11677634036334,0.8127612420646585,0.36900417813651543,false
d100_delay_median_cap1,city,d100_median_city_qnehvi,1720,14174053.333333332,543.1914679689893,0.86324628184485119,0.46818983110652401,false
d100_delay_median_cap1,city,d100_median_city_qnehvi,1721,13332846.000000002,624.9920726659606,0.81201399947062891,0.53869574579013413,false
d100_delay_median_cap1,city,d100_median_city_qnehvi,1722,13072513.333333336,423.2811565698215,0.79615888722731232,0.36483624079366556,false
d100_delay_median_cap1,city,d100_median_city_qnehvi,1723,13324218.0,428.8350215954354,0.81148852600551624,0.36962325105001786,false
d100_delay_median_cap1,city,d100_median_city_qnehvi,1724,13449152.666666664,393.6767437384661,0.81909745648836496,0.33931948314770166,false
d100_delay_median_cap1,city,d100_median_city_qnehvi,1725,13295080.666666666,1347.346996665551,0.80971396695233944,1.1613108820898117,false
d100_delay_median_cap1,city,d100_median_city_qnehvi,1726,13544420.666666666,746.5387547889982,0.8248995897839545,0.64345976350845391,false
d100_delay_median_cap1,city,d100_median_city_qnehvi,1727,13432921.333333334,433.99580942218734,0.81810891511492245,0.37407145858541591,false
d100_delay_median_cap1,city,d100_median_city_qnehvi,1728,13254779.999999998,403.2875652033216,0.80725952432836157,0.34760328203587293,false
d100_delay_median_cap1,city,d100_median_city_qnehvi,1729,13112452.66666667,439.6084130228897,0.79859132346757122,0.37890909703674508,false
d100_delay_median_cap1,city,d100_median_city_qnehvi,1730,13295801.999999998,363.580134750307,0.80975789851540936,0.31337848975962118,false
d100_delay_median_cap1,city,d100_median_city_qnehvi,1731,13150072.666666666,421.3191661090609,0.80088250470975186,0.36314515388118013,false
d100_delay_median_cap1,city,d100_median_city_qnehvi,1732,13048981.333333332,433.8565346085828,0.7947257113370676,0.37395141426347045,false
d100_delay_median_cap1,city,d100_median_city_qnehvi,1733,13291769.999999996,406.9697716146985,0.80951233650667798,0.35077706457757579,false
d100_delay_median_cap1,city,d100_median_city_qnehvi,1734,12942032.666666668,770.1711708168395,0.78821218717590602,0.6638291130309798,false
d100_delay_median_cap1,city,d100_median_city_qnehvi,1735,13163160.0,1038.0939250229392,0.8016795661835292,0.89475819870010465,false
d100_delay_median_cap1,city,d100_median_city_qnehvi,1736,13248195.333333332,376.7323881827043,0.80685849655715813,0.32471473430007447,false
d100_delay_median_cap1,city,d100_median_city_qnehvi,1737,13204419.333333332,355.480028243987,0.80419239474807502,0.30639681254123868,false
d100_delay_median_cap1,city,d100_median_city_qnehvi,1738,13183059.999999996,403.7381089287841,0.80289154137543206,0.34799161654252314,false
d100_delay_median_cap1,city,d100_median_city_qnehvi,1739,13250041.333333334,390.58315638384624,0.80697092400460813,0.33665304557185327,false
d100_delay_median_cap1,city,d100_median_city_qnehvi,1740,13124549.333333336,419.26592756967074,0.79932805009594921,0.36137541804830187,false
d100_delay_median_cap1,city,d100_median_city_qnehvi,1741,13209256.666666668,412.79970917577583,0.80448700419505836,0.35580202841268194,false
d100_delay_median_cap1,city,d100_median_city_qnehvi,1742,13180176.0,443.9485484595787,0.80271589632752027,0.38264996447835015,false
d100_delay_median_cap1,city,d100_median_city_qnehvi,1743,12972480.000000002,411.4433516277303,0.79006652952060985,0.35463295111897203,false
d100_delay_median_cap1,city,d100_median_city_qnehvi,1744,13037936.666666664,890.2159242654966,0.79405305495501532,0.76729858218979885,false
d100_delay_median_cap1,city,d100_median_city_qnehvi,1745,13333912.666666668,1092.845704786941,0.81207896296500204,0.94195007860266811,false
d100_delay_median_cap1,city,d100_median_city_qnehvi,1746,12924017.333333336,463.459552314355,0.78711499435812371,0.39946696941703591,false
d100_delay_median_cap1,city,d100_median_city_qnehvi,1747,13203131.333333336,371.6640057515946,0.80411395132861929,0.32034617320452347,false
d100_delay_median_cap1,city,d100_median_city_qnehvi,1748,13344552.666666666,406.1438979849685,0.81272697382137638,0.35006522417134778,false
d100_delay_median_cap1,city,d100_median_city_qnehvi,1749,13187492.666666666,495.5807019999317,0.80316150529673747,0.42715296327564362,false
d100_delay_median_cap1,city,d100_median_city_qnehvi,1750,13263074.666666668,1064.4519150332171,0.80776469670148277,0.91747678619442086,false
d100_delay_median_cap1,city,d100_median_city_qnehvi,1751,13322800.000000004,1096.9053941320271,0.81140216516018382,0.94544922279196764,false
d100_delay_median_cap1,city,d100_median_city_qnehvi,1752,13269831.999999998,443.490405146073,0.80817624043833769,0.38225507970342021,false
d100_delay_median_cap1,city,d100_median_city_qnehvi,1753,13199802.666666666,376.420447004678,0.80391122462399012,0.32444586467294029,false
d100_delay_median_cap1,city,d100_median_city_qnehvi,1754,13316004.666666664,401.2805150518124,0.81098830709884107,0.3458733570888356,false
d100_delay_median_cap1,city,d100_median_city_qnehvi,1755,13202762.0,959.5191126019424,0.8040914577186925,0.82703267220359233,false
d100_delay_median_cap1,city,d100_median_city_qnehvi,1756,13228228.0,373.7045187642176,0.80564242054467272,0.32210494059886918,false
d100_delay_median_cap1,city,d100_median_city_qnehvi,1757,13258825.333333334,733.35246335445,0.80750589838077291,0.63209418079275681,false
d100_delay_median_cap1,city,d100_median_city_qnehvi,1758,13232712.666666666,461.72593781556463,0.80591555143632843,0.39797272525589816,false
d100_delay_median_cap1,city,d100_median_city_qnehvi,1759,13246848.0,421.737728865366,0.80677643954332778,0.36350592321895109,false
d100_delay_median_cap1,city,d100_median_city_qnehvi,1760,13154700.666666666,424.2639766585708,0.80116436507096411,0.36568335713936256,false
d100_delay_median_cap1,city,d100_median_city_qnehvi,1761,13235530.0,1056.230149241306,0.80608713626584239,0.9103902479026742,false
d100_delay_median_cap1,city,d100_median_city_qnehvi,1762,13318382.0,481.5280389071913,0.81113309448692572,0.41504063392594437,false
d100_delay_median_cap1,city,d100_median_city_qnehvi,1763,13243058.666666666,1105.7745653251457,0.80654565672956624,0.95309377541811102,false
d100_delay_median_cap1,city,d100_median_city_qnehvi,1764,13155168.666666668,605.4958399261891,0.80119286780412069,0.52189147243183431,false
d100_delay_median_cap1,city,d100_median_city_qnehvi,1765,13211831.333333334,436.660156773084,0.80464380982960226,0.37636792384634793,false
d100_delay_median_cap1,city,d100_median_city_qnehvi,1766,13219417.333333334,685.4622374376793,0.80510582208114867,0.5908164396907809,false
d100_delay_median_cap1,city,d100_median_city_qnehvi,1767,13344570.666666664,346.3735434581529,0.81272807008034409,0.29854771360418164,false
d100_delay_median_cap1,city,d100_median_city_qnehvi,1768,13117778.666666666,481.07727883209634,0.79891569431541398,0.41465211294232623,false
d100_delay_median_cap1,city,d100_median_city_qnehvi,1769,13360988.666666668,433.2412576680699,0.81372798006530223,0.37342109222446723,false
d100_delay_median_cap1,city,d100_median_city_qnehvi,1770,13248737.999999996,721.6740112842872,0.80689154673492025,0.62202824120287481,false
d100_delay_median_cap1,city,d100_median_city_qnehvi,1771,13192396.0,538.5664357210565,0.80346013435993524,0.4642034042299783,false
d100_delay_median_cap1,city,d100_median_city_qnehvi,1772,13194788.666666672,507.3898218360848,0.80360585559825171,0.43733152856548152,false
d100_delay_median_cap1,city,d100_median_city_qnehvi,1773,13258165.333333332,411.67306048230887,0.80746570221862912,0.35483094272261584,false
d100_delay_median_cap1,city,d100_median_city_qnehvi,1774,13245618.66666667,447.82093012141553,0.80670156911606272,0.38598766365653181,false
d100_delay_median_cap1,city,d100_median_city_qnehvi,1775,13570046.666666668,686.1396472802969,0.82646029713409075,0.59140031557710682,false
d100_delay_median_cap1,city,d100_median_city_qnehvi,1776,13504611.333333334,454.28990161538223,0.82247507096957251,0.39156342625552409,false
d100_delay_median_cap1,city,d100_median_city_qnehvi,1777,13499811.333333336,501.94964425830966,0.82218273524489249,0.43264250826320849,false
d100_delay_median_cap1,city,d100_median_city_qnehvi,1778,13053838.0,486.59761076039325,0.79502149824738655,0.41941022021309216,false
d100_delay_median_cap1,city,d100_median_city_qnehvi,1779,13277141.999999998,406.6427493477358,0.8086214433857154,0.35049519619604574,false
d100_delay_median_cap1,city,d100_median_city_qnehvi,1780,13523120.666666666,687.1654106942299,0.82360235000568627,0.59228444581081652,false
d100_delay_median_cap1,city,d100_median_city_qnehvi,1781,13332778.666666668,654.1122330897415,0.81200989865004647,0.56379511460309051,false
d100_delay_median_cap1,city,d100_median_city_qnehvi,1782,13032812.000000002,872.1524216412241,0.79374094596673561,0.75172921348363719,false
d100_delay_median_cap1,city,d100_median_city_qnehvi,1783,13555815.333333334,662.5634484212989,0.82559356231259828,0.57107942098868458,false
d100_delay_median_cap1,city,d100_median_city_qnehvi,1784,13933575.999999998,684.165803300654,0.84860042444711081,0.5896990118307226,false
d100_delay_median_cap1,city,d100_median_city_qnehvi,1785,12968108.666666666,453.4869851511591,0.78980030100023069,0.39087137318410375,false
d100_delay_median_cap1,city,d100_median_city_qnehvi,1786,13575982.0,646.4402659821935,0.82682177837809467,0.55718246106166436,false
d100_delay_median_cap1,city,d100_median_city_qnehvi,1787,13054258.666666668,422.6338627971714,0.79504711822548002,0.36427832267461546,false
d100_delay_median_cap1,city,d100_median_city_qnehvi,1788,13150471.333333334,414.66368033281,0.80090678481577404,0.35740863012250307,false
d100_delay_median_cap1,city,d100_median_city_qnehvi,1789,13368201.333333334,621.4558203860604,0.81416725509381815,0.53564776463559394,false
d100_delay_median_cap1,city,d100_median_city_qnehvi,1790,13189631.333333334,358.29930889749994,0.80329175710295631,0.30882681855356703,false
d100_delay_median_cap1,city,d100_median_city_qnehvi,1791,13330646.666666666,443.7902378451849,0.81188005286566767,0.38251351274045275,false
d100_delay_median_cap1,city,d100_median_city_qnehvi,1792,13157648.000000002,383.2216124536037,0.80134386732635488,0.33030795325611706,false
d100_delay_median_cap1,city,d100_median_city_qnehvi,1793,13061168.0,808.0597613123155,0.79546791926028337,0.69648620326707644,false
d100_delay_median_cap1,city,d100_median_city_qnehvi,1794,13214320.666666668,347.9489526487493,0.80479541838459578,0.29990559679337625,false
d100_delay_median_cap1,city,d100_median_city_qnehvi,1795,13121943.333333334,414.6198440807989,0.79916933615875829,0.35737084659931517,false
d100_delay_median_cap1,city,d100_median_city_qnehvi,1796,13349832.0,325.167632508658,0.81304850251634064,0.28026982734977018,false
d100_delay_median_cap1,city,d100_median_city_qnehvi,1797,13646883.333333332,483.4817088078274,0.83113990184909237,0.41672454914691931,false
d100_delay_median_cap1,city,d100_median_city_qnehvi,1798,13083476.0,512.8367763266612,0.79682654954073451,0.44202639005239541,false
d100_delay_median_cap1,city,d100_median_city_qnehvi,1799,13234314.666666666,436.1671848664826,0.80601311848444057,0.37594301946676523,false
d100_delay_median_cap1,city,d100_median_city_qnehvi,1800,13045274.000000002,784.8077810029424,0.79449992259193647,0.67644476046856927,false
d100_delay_median_cap1,city,d100_median_city_qnehvi,1801,13102279.999999998,427.7472739237627,0.79797177474216896,0.36868569508914995,false
d100_delay_median_cap1,city,d100_median_city_qnehvi,1802,13090070.666666666,1017.7487627981913,0.79722818634469772,0.87722221253770172,false
d100_delay_median_cap1,city,d100_median_city_qnehvi,1803,13070449.333333334,731.4430554358836,0.79603318286569968,0.6304484160419781,false
d100_delay_median_cap1,city,d100_median_city_qnehvi,1804,13255012.666666668,503.5858097094234,0.80727369449057207,0.43405275873912913,false
d100_delay_median_cap1,city,d100_median_city_qnehvi,1805,13089546.000000002,826.2457131347958,0.79719623242590321,0.71216111389134373,false
d100_delay_median_cap1,city,d100_median_city_qnehvi,1806,13270509.333333332,380.8748528543941,0.80821749225726502,0.32828522454038489,false
d100_delay_median_cap1,city,d100_median_city_qnehvi,1807,13160390.666666668,396.9803303091036,0.80151090471126241,0.34216692411420974,false
d100_delay_median_cap1,city,d100_median_city_qnehvi,1808,13045272.0,826.8130098304663,0.7944998007853844,0.7126500805997612,false
d100_delay_median_cap1,city,d100_median_city_qnehvi,1809,13815239.333333334,1640.6907903852457,0.84139333377914549,1.4141509750155929,false
d100_delay_median_cap1,city,d100_median_city_qnehvi,1810,12947305.333333332,862.0827826802589,0.78853330984903014,0.7430499487262846,false
d100_delay_median_cap1,city,d100_median_city_qnehvi,1811,12957095.333333334,794.9017304760782,0.78912955292082587,0.68514497904286953,false
d100_delay_median_cap1,city,d100_median_city_qnehvi,1812,13161244.0,375.2419718217628,0.80156287550676097,0.32343010848126935,false
d100_delay_median_cap1,city,d100_median_city_qnehvi,1813,13439416.0,430.5348470527407,0.81850446159128809,0.37108837162111596,false
d100_delay_median_cap1,city,d100_median_city_qnehvi,1814,13391374.666666666,465.9747907604665,0.81557858700907948,0.40163491411557972,false
d100_delay_median_cap1,city,d100_median_city_qnehvi,1815,13170123.333333332,386.80543734836976,0.80210365599523525,0.3333969383951319,false
d100_delay_median_cap1,city,d100_median_city_qnehvi,1816,13335143.333333336,888.4681257407385,0.81215391459663555,0.7657921124744802,false
d100_delay_median_cap1,city,d100_median_city_qnehvi,1817,13165782.0,428.9889223543785,0.80183925457313565,0.36975590182711149,false
d100_delay_median_cap1,city,d100_median_city_qnehvi,1818,13088949.333333334,413.4457793872848,0.79715989347123795,0.35635889191486525,false
d100_delay_median_cap1,city,d100_median_city_qnehvi,1819,13211362.0,401.17810006768593,0.80461522589207779,0.34578508314318585,false
d100_delay_median_cap1,city,d100_median_city_qnehvi,1820,13161189.999999998,519.7492955101928,0.80155958672985816,0.44798445710591372,false
d100_delay_median_cap1,city,d100_median_city_qnehvi,1821,12997568.0,478.876777052948,0.7915944709082714,0.41275544737027453,false
d100_delay_median_cap1,city,d100_median_city_qnehvi,1822,13297852.666666668,495.9422653535268,0.80988279083334247,0.42746460345306936,false
d100_delay_median_cap1,city,d100_median_city_qnehvi,1823,13088482.666666666,1201.7455314203733,0.79713147194244938,1.0358134664604965,false
d100_delay_median_cap1,city,d100_median_city_qnehvi,1824,13232621.999999998,859.5421440233931,0.80591002953930679,0.74086011097329407,false
d100_delay_median_cap1,city,d100_median_city_qnehvi,1825,13115973.999999998,424.3145038264214,0.79880578420337101,0.3657269077243353,false
d100_delay_median_cap1,city,d100_median_city_qnehvi,1826,13051908.666666666,772.24134972251,0.79490399552693858,0.66561345017425277,false
d100_delay_median_cap1,city,d100_median_city_qnehvi,1827,13128047.999999998,635.0810182459971,0.79954113035749363,0.54739165138824974,false
d100_delay_median_cap1,city,d100_median_city_qnehvi,1828,13049471.333333334,969.559767628523,0.79475555394229558,0.83568695500864165,false
d100_delay_median_cap1,city,d100_median_city_qnehvi,1829,13260505.333333334,502.7211576370746,0.8076082158844109,0.43330749425765169,false
d100_delay_median_cap1,city,d100_median_city_qnehvi,1830,13658505.333333332,495.6010685833599,0.83184771972247429,0.42717051772525805,false
d100_delay_median_cap1,city,d100_median_city_qnehvi,1831,13634631.999999998,1063.483456992166,0.83039375551403027,0.91664204884412925,false
d100_delay_median_cap1,city,d100_median_city_qnehvi,1832,13465354.666666666,940.5071922655244,0.82008421136571252,0.81064583939010915,false
d100_delay_median_cap1,city,d100_median_city_qnehvi,1833,13244746.666666668,404.00158903985846,0.80664846145941216,0.34821871640689528,false
d100_delay_median_cap1,city,d100_median_city_qnehvi,1834,13497694.666666664,1522.5237288168817,0.82205382331074517,1.312299933788994,false
d100_delay_median_cap1,city,d100_median_city_qnehvi,1835,13426501.333333334,1445.1208834987633,0.81771791608316269,1.2455845540129566,false
d100_delay_median_cap1,city,d100_median_city_qnehvi,1836,13182007.333333332,1271.8153882760805,0.80282743052692274,1.0962083665674411,false
d100_delay_median_cap1,city,d100_median_city_qnehvi,1837,13207785.333333334,353.42302200353583,0.80439739517500708,0.30462382923591752,false
d100_delay_median_cap1,city,d100_median_city_qnehvi,1838,13347923.333333332,806.1640684563451,0.81293225846359618,0.6948522598596345,false
d100_delay_median_cap1,city,d100_median_city_qnehvi,1839,13166839.333333336,338.7942629825547,0.80190364963693339,0.29201494890696106,true
d100_delay_median_cap1,city,d100_median_city_qnehvi,1840,13272625.333333334,380.5109218812031,0.8083463635892284,0.32797154365450909,false
d100_delay_median_cap1,city,d100_median_city_qnehvi,1841,14164419.333333332,1838.944083875594,0.86265953968410769,1.585030271670631,false
d100_delay_median_cap1,city,d100_median_city_qnehvi,1842,13087982.666666666,438.384591172879,0.79710102030446195,0.3778542554586854,false
d100_delay_median_cap1,city,d100_median_city_qnehvi,1843,13283654.000000002,419.9560353991793,0.80901804551886503,0.36197023863587657,false
d100_delay_median_cap1,city,d100_median_city_qnehvi,1844,13265722.000000002,854.7063140668146,0.80792592797408058,0.73669199246602834,false
d100_delay_median_cap1,city,d100_median_city_qnehvi,1845,13193301.333333334,748.542539394651,0.80351527212578477,0.64518687380273432,false
d100_delay_median_cap1,city,d100_median_city_qnehvi,1846,13077251.333333332,812.3549341063299,0.7964474469488817,0.70018831632220579,false
d100_delay_median_cap1,city,d100_median_city_qnehvi,1847,13165686.0,751.9497104666689,0.80183340785864199,0.64812359675002862,false
d100_delay_median_cap1,city,d100_median_city_qnehvi,1848,13352301.333333336,394.26955760493286,0.81319889300581505,0.33983044372124754,false
d100_delay_median_cap1,city,d100_median_city_qnehvi,1849,13659019.999999996,1146.1953437418322,0.83187906460850924,0.98793341951425717,false
d100_delay_median_cap1,city,d100_median_city_qnehvi,1850,13265190.000000002,1414.5695972001463,0.80789352743126197,1.2192516632815928,false
d100_delay_median_cap1,city,d100_median_city_qnehvi,1851,13294759.333333334,810.9101530844772,0.80969439669965981,0.69894302470314518,false
d100_delay_median_cap1,city,d100_median_city_qnehvi,1852,13348114.0,841.5682115446688,0.81294387068821561,0.72536794493652124,false
d100_delay_median_cap1,city,d100_median_city_qnehvi,1853,13457581.333333334,782.9927946904894,0.81961078990046676,0.67488037997808537,false
d100_delay_median_cap1,city,d100_median_city_qnehvi,1854,13278214.000000002,1108.5573316178866,0.80868673169756078,0.95549230882195613,false
d100_delay_median_cap1,city,d100_median_city_qnehvi,1855,13295095.333333332,369.10587590189874,0.8097148602003873,0.31814125937044607,false
d100_delay_median_cap1,city,d100_median_city_qnehvi,1856,13192494.666666666,396.670936703653,0.8034661434831647,0.34190025030134036,false
d100_delay_median_cap1,city,d100_median_city_qnehvi,1857,13360315.333333334,369.09692274504175,0.81368697185947914,0.31813354242855008,false
d100_delay_median_cap1,city,d100_median_city_qnehvi,1858,12979977.333333334,489.6908563111542,0.79052314168168647,0.4220763631799484,false
d100_delay_median_cap1,city,d100_median_city_qnehvi,1859,13160658.000000002,405.7914189192286,0.80152718618703989,0.34976141396078908,false
d100_delay_median_cap1,city,d100_median_city_qnehvi,1860,12868616.666666668,527.1912820476398,0.78374091226692288,0.45439888484553209,false
d100_delay_median_cap1,city,d100_median_city_qnehvi,1861,13066190.666666664,375.33814265177983,0.795773816114414,0.32351300043984788,false
d100_delay_median_cap1,city,d100_median_city_qnehvi,1862,13003111.999999998,957.0554160389344,0.79193211867027669,0.82490915269757836,false
d100_delay_median_cap1,city,d100_median_city_qnehvi,1863,13272650.666666668,364.27087524792734,0.80834790647221977,0.31397385565910496,false
d100_delay_median_cap1,city,d100_median_city_qnehvi,1864,13299393.333333334,423.6498178476498,0.80997662248052804,0.36515399884323019,false
d100_delay_median_cap1,city,d100_median_city_qnehvi,1865,13227171.333333336,383.3750894576083,0.80557806608305915,0.33044023878860579,false
d100_delay_median_cap1,city,d100_median_city_qnehvi,1866,13112321.999999998,412.12797799056176,0.79858336543951025,0.35522304709817365,false
d100_delay_median_cap1,city,d100_median_city_qnehvi,1867,13262774.0,387.7978931431214,0.80774638511650609,0.33425235998830027,false
d100_delay_median_cap1,city,d100_median_city_qnehvi,1868,13547180.0,329.9743310515312,0.82506764222346163,0.28441283678874812,false
d100_delay_median_cap1,city,d100_median_city_qnehvi,1869,13010433.999999998,583.909617442474,0.79237805245696591,0.50328578649080358,false
d100_delay_median_cap1,city,d100_median_city_qnehvi,1870,13239246.666666666,1038.7313723617622,0.80631349344154946,0.89530762994028745,false
d100_delay_median_cap1,city,d100_median_city_qnehvi,1871,12807780.0,821.3167402400339,0.7800357599675215,0.70791271323852101,false
d100_delay_median_cap1,city,d100_median_city_qnehvi,1872,13257894.666666666,411.3789377913466,0.80744921773193179,0.3545774312793652,false
d100_delay_median_cap1,city,d100_median_city_qnehvi,1873,13209002.666666668,364.4155888430518,0.80447153476296085,0.31409858779805677,false
d100_delay_median_cap1,city,d100_median_city_qnehvi,1874,13058236.666666666,516.6390219712305,0.79528939145730848,0.44530363730521505,false
d100_delay_median_cap1,city,d100_median_city_qnehvi,1875,12995341.333333336,1110.8033799755513,0.79145885961376694,0.9574282320888734,false
d100_delay_median_cap1,city,d100_median_city_qnehvi,1876,13182725.333333332,532.6604013810215,0.80287115907907269,0.45911285074520192,false
d100_delay_median_cap1,city,d100_median_city_qnehvi,1877,13139313.999999998,408.5625745692094,0.80022726666462829,0.35214993987152454,false
d100_delay_median_cap1,city,d100_median_city_qnehvi,1878,13326020.666666668,360.00439416033873,0.81159831431100726,0.31029647267795085,false
d100_delay_median_cap1,city,d100_median_city_qnehvi,1879,13208897.999999996,989.2692484485711,0.80446516022007497,0.85267503203208728,false
d100_delay_median_cap1,city,d100_median_city_qnehvi,1880,12920460.666666668,832.5373829434941,0.78689838170657256,0.71758405589027929,false
d100_delay_median_cap1,city,d100_median_city_qnehvi,1881,13276830.666666666,425.12483558511576,0.80860248216579511,0.36642535221695943,false
d100_delay_median_cap1,city,d100_median_city_qnehvi,1882,13275346.666666668,368.1890072061997,0.80851210170424836,0.31735098812154144,false
d100_delay_median_cap1,city,d100_median_city_qnehvi,1883,13332496.666666668,529.410934413705,0.81199272392622146,0.45631205677046865,false
d100_delay_median_cap1,city,d100_median_city_qnehvi,1884,13223274.666666666,450.5136597906241,0.80534074631767605,0.38830859232235959,false
d100_delay_median_cap1,city,d100_median_city_qnehvi,1885,13221642.666666666,457.223992903518,0.8052413521712849,0.39409239032371862,false
d100_delay_median_cap1,city,d100_median_city_qnehvi,1886,12972202.666666664,386.8248273730766,0.79004963901207248,0.33341365112522425,false
d100_delay_median_cap1,city,d100_median_city_qnehvi,1887,12840404.0,1165.0116708182582,0.78202266844293111,1.0041516657781324,false
d100_delay_median_cap1,city,d100_median_city_qnehvi,1888,13378214.666666668,459.5037633452473,0.814777099897248,0.39605737946845943,false
d100_delay_median_cap1,city,d100_median_city_qnehvi,1889,13478801.999999998,418.49375583929833,0.8209031980188406,0.36070986460472504,false
d100_delay_median_cap1,city,d100_median_city_qnehvi,1890,13477086.666666664,365.0080756266828,0.82079872859945158,0.31460926645101539,false
d100_delay_median_cap1,city,d100_median_city_qnehvi,1891,12948507.333333332,454.6423653763868,0.7886065155867521,0.39186722327456214,false
d100_delay_median_cap1,city,d100_median_city_qnehvi,1892,13119011.333333334,365.7161119469711,0.79899076775359945,0.31521954003733027,false
d100_delay_median_cap1,city,d100_median_city_qnehvi,1893,13101758.666666664,582.5189347502867,0.79794002383429397,0.50208712352724039,false
d100_delay_median_cap1,city,d100_median_city_qnehvi,1894,13080257.333333334,406.4343035940921,0.79663052219646302,0.35031553177208452,false
d100_delay_median_cap1,city,d100_median_city_qnehvi,1895,13547962.66666667,867.6212813511186,0.82511530918745846,0.74782371435075035,false
d100_delay_median_cap1,city,d100_median_city_qnehvi,1896,13125308.666666664,481.85442877484775,0.79937429598350607,0.41532195722725523,false
d100_delay_median_cap1,city,d100_median_city_qnehvi,1897,13004962.666666666,381.85894850827947,0.79204483033301454,0.32913344032644659,false
d100_delay_median_cap1,city,d100_median_city_qnehvi,1898,12810562.0,916.7612324981014,0.78020519288128398,0.79017862377911807,false
d100_delay_median_cap1,city,d100_median_city_qnehvi,1899,13166752.666666668,459.50994451165343,0.80189837135301556,0.39606270716490966,false
d100_delay_median_cap1,city,d100_median_city_qnehvi,1900,13541119.999999998,1422.1378916154213,0.82469856837105271,1.2257749588283746,false
d100_delay_median_cap1,city,d100_median_city_qnehvi,1901,13660654.666666668,366.2013907204302,0.83197862116363663,0.31563781351985554,false
d100_delay_median_cap1,city,d100_median_city_qnehvi,1902,13508178.666666668,750.2417246875398,0.82269233325606739,0.64665144260067731,false
d100_delay_median_cap1,city,d100_median_city_qnehvi,1903,13301485.33333333,739.1032091565855,0.8101040321338675,0.63705088734027582,false
d100_delay_median_cap1,city,d100_median_city_qnehvi,1904,13520612.0,597.3000679839995,0.82344956398735691,0.51482733886628196,false
d100_delay_median_cap1,city,d100_median_city_qnehvi,1905,13286757.333333332,643.2346581716183,0.80920704868530735,0.55441947035225825,false
d100_delay_median_cap1,city,d100_median_city_qnehvi,1906,13353194.000000002,438.4289900063941,0.8132532593301689,0.37789252388444411,false
d100_delay_median_cap1,city,d100_median_city_qnehvi,1907,13152562.000000002,1025.5130554068503,0.80103411326474583,0.88391444365595118,false
d100_delay_median_cap1,city,d100_median_city_qnehvi,1908,13148320.0,440.5184068322173,0.80077576156805963,0.37969344265522492,false
d100_delay_median_cap1,city,d100_median_city_qnehvi,1909,13025632.666666666,618.897597969245,0.79330370104741865,0.53344277101568283,false
d100_delay_median_cap1,city,d100_median_city_qnehvi,1910,13140543.999999998,637.4205030298851,0.80030217769407774,0.54940810976514642,false
d100_delay_median_cap1,city,d100_median_city_qnehvi,1911,13364691.333333334,528.3920123909536,0.81395348459514583,0.45543382329687154,false
d100_delay_median_cap1,city,d100_median_city_qnehvi,1912,13192044.0,739.8169453167825,0.80343869640679189,0.63766607375612061,false
d100_delay_median_cap1,city,d100_median_city_qnehvi,1913,13555879.333333334,467.0742254245002,0.82559746012226076,0.40258254337712024,false
d100_delay_median_cap1,city,d100_median_city_qnehvi,1914,13626457.333333334,551.679255425584,0.82989589153402665,0.47550565988901516,false
d100_delay_median_cap1,city,d100_median_city_qnehvi,1915,13069402.666666666,512.550710292225,0.79596943743684578,0.44177982283577705,false
d100_delay_median_cap1,city,d100_median_city_qnehvi,1916,13213097.333333332,356.27242850626664,0.80472091337698626,0.30707980144449343,false
d100_delay_median_cap1,city,d100_median_city_qnehvi,1917,13095393.33333333,390.5180811671621,0.79755235418162074,0.33659695567260928,false
d100_delay_median_cap1,city,d100_median_city_qnehvi,1918,13275006.0,412.6040779295941,0.8084913539882328,0.35563340912186087,false
d100_delay_median_cap1,city,d100_median_city_qnehvi,1919,12979778.000000002,484.9990523104584,0.7905110016286756,0.41803238411878224,false
d100_delay_median_cap1,city,d100_median_city_qnehvi,1920,13177287.333333332,402.9803036142644,0.80253996706432029,0.34733844585936952,false
d100_delay_median_cap1,city,d100_median_city_qnehvi,1921,12820330.666666664,446.70692414457926,0.78080013668319215,0.38502747502894386,false
d100_delay_median_cap1,city,d100_median_city_qnehvi,1922,13226574.666666668,388.3976204223845,0.805541727128394,0.33476927939912604,false
d100_delay_median_cap1,city,d100_median_city_qnehvi,1923,12837620.0,534.5281315610894,0.78185311372261668,0.46072269244766489,false
d100_delay_median_cap1,city,d100_median_city_qnehvi,1924,13084868.66666667,362.0862603997759,0.7969113675030759,0.31209088341616237,false
d100_delay_median_cap1,city,d100_median_city_qnehvi,1925,13116147.333333332,407.9640810589254,0.79881634077120678,0.35163408387594736,false
d100_delay_median_cap1,city,d100_median_city_qnehvi,1926,13072910.666666664,436.93504132950807,0.79618308612896616,0.37660485347730693,false
d100_delay_median_cap1,city,d100_median_city_qnehvi,1927,12803928.666666664,695.183356198095,0.77980120115064966,0.59919530647899288,false
d100_delay_median_cap1,city,d100_median_city_qnehvi,1928,12998714.0,448.47963560320704,0.79166426606253881,0.38655541780300623,false
d100_delay_median_cap1,city,d100_median_city_qnehvi,1929,12944227.333333332,451.823669388798,0.78834584956557907,0.38943772119989922,false
d100_delay_median_cap1,city,d100_median_city_qnehvi,1930,13053780.666666668,373.3307297191748,0.79501800645956389,0.32178276280303164,false
d100_delay_median_cap1,city,d100_median_city_qnehvi,1931,12819234.000000002,736.5542898483826,0.78073334609053968,0.63485391229412169,false
d100_delay_median_cap1,city,d100_median_city_qnehvi,1932,13057158.666666668,434.19702137846974,0.79522373772580746,0.37424488802491118,false
d100_delay_median_cap1,city,d100_median_city_qnehvi,1933,13099693.999999998,343.6818760115168,0.7978142788704975,0.29622770049361596,true
d100_delay_median_cap1,city,d100_median_city_qnehvi,1934,12873486.666666666,417.5535324798522,0.78403751122092102,0.35989946340768969,false
d100_delay_median_cap1,city,d100_median_city_qnehvi,1935,12899025.333333338,827.2437665988646,0.78559289968495571,0.71302136025074403,false
d100_delay_median_cap1,city,d100_median_city_qnehvi,1936,13007803.333333334,451.0106187709321,0.7922178362389678,0.3887369332569609,false
d100_delay_median_cap1,city,d100_median_city_qnehvi,1937,12828473.333333334,884.0150419963268,0.78129605175836503,0.76195389216149412,false
d100_delay_median_cap1,city,d100_median_city_qnehvi,1938,12831269.333333334,783.2029999281958,0.78146633731799109,0.67506156094380898,false
d100_delay_median_cap1,city,d100_median_city_qnehvi,1939,13325396.666666668,422.4614145873024,0.81156031066679868,0.36412968540209883,false
d100_delay_median_cap1,city,d100_median_city_qnehvi,1940,12851798.666666668,738.788909793744,0.78271664097157467,0.6367799851367566,false
d100_delay_median_cap1,city,d100_median_city_qnehvi,1941,13040307.333333336,642.5980092394433,0.79419743632126027,0.55387072727802755,false
d100_delay_median_cap1,city,d100_median_city_qnehvi,1942,13053510.666666666,457.97390153511816,0.7950015625750505,0.39473875466535119,false
d100_delay_median_cap1,city,d100_median_city_qnehvi,1943,13614537.333333332,710.1827121965912,0.82916992448440396,0.61212361328377407,false
d100_delay_median_cap1,city,d100_median_city_qnehvi,1944,12758130.666666668,955.9954874719472,0.77701195291754521,0.82399557469419382,false
d100_delay_median_cap1,city,d100_median_city_qnehvi,1945,12787543.33333333,536.450063958693,0.77880328067270654,0.46237925234908728,false
d100_delay_median_cap1,city,d100_median_city_qnehvi,1946,14398366.000000002,746.2809114429,0.87690765808754723,0.64323752210780549,false
d100_delay_median_cap1,city,d100_median_city_qnehvi,1947,12901576.666666666,613.9690532037159,0.78574828424305976,0.52919473937777495,false
d100_delay_median_cap1,city,d100_median_city_qnehvi,1948,13016440.0,405.0759379093151,0.79274383753247202,0.34914472361687815,false
d100_delay_median_cap1,city,d100_median_city_qnehvi,1949,12857883.333333336,726.8063255538077,0.78308721710479079,0.62645190669235118,false
d100_delay_median_cap1,city,d100_median_city_qnehvi,1950,13036060.0,394.0065005643699,0.79393875980710238,0.33960370851155619,false
d100_delay_median_cap1,city,d100_median_city_qnehvi,1951,12808198.000000002,520.3050026990991,0.7800612175368794,0.44846343453884641,false
d100_delay_median_cap1,city,d100_median_city_qnehvi,1952,12927577.999999998,761.5546119067974,0.78733185062277844,0.65640229302606312,false
d100_delay_median_cap1,city,d100_median_city_qnehvi,1953,13384368.666666668,444.3522006172014,0.81515189865759852,0.38299788201138829,false
d100_delay_median_cap1,city,d100_median_city_qnehvi,1954,13103294.666666666,472.6419222875879,0.79803357126619179,0.40738147562789367,false
d100_delay_median_cap1,city,d100_median_city_qnehvi,1955,13199131.999999998,340.9918517275087,0.80387037882690293,0.2939091036645618,false
d100_delay_median_cap1,city,d100_median_city_qnehvi,1956,12848595.333333332,617.6198171051607,0.78252154747753455,0.53234142086159519,false
d100_delay_median_cap1,city,d100_median_city_qnehvi,1957,13196092.666666666,370.9529049364727,0.80368527347012286,0.31973325825617854,false
d100_delay_median_cap1,city,d100_median_city_qnehvi,1958,12848490.0,685.0238510288762,0.78251513233246517,0.59043858386866288,false
d100_delay_median_cap1,city,d100_median_city_qnehvi,1959,13032046.0,437.06873269313496,0.79369429405733849,0.37672008528901207,false
d100_delay_median_cap1,city,d100_median_city_qnehvi,1960,12911671.333333334,804.7209519328425,0.78636308251293585,0.69360840291185866,false
d100_delay_median_cap1,city,d100_median_city_qnehvi,1961,13016186.0,917.0404039767684,0.7927283681003745,0.79041924841178324,false
d100_delay_median_cap1,city,d100_median_city_qnehvi,1962,13100984.000000002,421.1729787375652,0.79789284409650552,0.36301915145881813,false
d100_delay_median_cap1,city,d100_median_city_qnehvi,1963,13077917.999999998,356.5131859892276,0.79648804913286508,0.30728731612749571,false
d100_delay_median_cap1,city,d100_median_city_qnehvi,1964,12966036.0,623.8158561543735,0.78967406881022639,0.53768193640177286,false
d100_delay_median_cap1,city,d100_median_city_qnehvi,1965,13300390.0,626.3089100823615,0.81003732274558304,0.53983075972892947,false
d100_delay_median_cap1,city,d100_median_city_qnehvi,1966,13263096.666666664,280.64352533521145,0.80776603657355406,0.24189342520257229,true
d100_delay_median_cap1,city,d100_median_city_qnehvi,1967,13271922.666666666,462.9439343758744,0.80830356888730959,0.39902254587622565,false
d100_delay_median_cap1,city,d100_median_city_qnehvi,1968,13262538.0,574.9891805357771,0.80773201194337618,0.49559704670930677,false
d100_delay_median_cap1,city,d100_median_city_qnehvi,1969,12912128.000000002,386.19706214337526,0.78639089500896464,0.33287256512848101,false
d100_delay_median_cap1,city,d100_median_city_qnehvi,1970,13198375.333333334,925.2037068155242,0.80382429534808197,0.79745539607374671,false
d100_delay_median_cap1,city,d100_median_city_qnehvi,1971,12950687.333333332,665.5202527552594,0.78873928472837762,0.5736279619790432,false
d100_delay_median_cap1,city,d100_median_city_qnehvi,1972,13003528.666666666,352.1903516145189,0.79195749503526625,0.3035613608886113,true
d100_delay_median_cap1,city,d100_median_city_qnehvi,1973,13167426.0,493.9838058005077,0.80193937955883865,0.42577655991515184,false
d100_delay_median_cap1,city,d100_median_city_qnehvi,1974,13246022.666666666,448.7002686897592,0.80672617403955627,0.38674558678322901,false
d100_delay_median_cap1,city,d100_median_city_qnehvi,1975,13280564.0,665.6757268819314,0.808829854396102,0.57376196887974085,false
d100_delay_median_cap1,city,d100_median_city_qnehvi,1976,12894068.666666666,489.4088715563146,0.78529102244703908,0.42183331371667793,false
d100_delay_median_cap1,city,d100_median_city_qnehvi,1977,13344074.666666668,407.5530125674379,0.81269786205546057,0.351279774025827,false
d100_delay_median_cap1,city,d100_median_city_qnehvi,1978,13572261.333333332,531.7502135312525,0.82659517758928347,0.4583283378785844,false
d100_delay_median_cap1,city,d100_median_city_qnehvi,1979,13113564.000000002,422.75923276193294,0.79865900730827155,0.36438638207187912,false
d100_delay_median_cap1,city,d100_median_city_qnehvi,1980,12893424.000000002,501.369826149139,0.78525176013512743,0.43214274904640759,false
d100_delay_median_cap1,city,d100_median_city_qnehvi,1981,13198857.333333332,447.1308784432733,0.80385365072710191,0.38539289146717437,false
d100_delay_median_cap1,city,d100_median_city_qnehvi,1982,12798710.666666666,784.5980351673219,0.77948340785661185,0.67626397547258688,false
d100_delay_median_cap1,city,d100_median_city_qnehvi,1983,13208847.999999998,349.03663095212545,0.80446211505627641,0.30084309296403583,false
d100_delay_median_cap1,city,d100_median_city_qnehvi,1984,13123500.0,382.1543217802871,0.79926414225835929,0.32938802967567116,false
d100_delay_median_cap1,city,d100_median_city_qnehvi,1985,13214275.333333332,304.9518814664224,0.80479265743608497,0.26284538380770744,true
d100_delay_median_cap1,city,d100_median_city_qnehvi,1986,12893161.333333332,529.5544896782649,0.78523576287463781,0.45643579051636129,false
d100_delay_median_cap1,city,d100_median_city_qnehvi,1987,12740374.666666668,586.7158092536605,0.77593055434933245,0.50570451091415358,false
d100_delay_median_cap1,city,d100_median_city_qnehvi,1988,13378982.0,364.9568658349369,0.81482383301101291,0.31456512749603854,false
d100_delay_median_cap1,city,d100_median_city_qnehvi,1989,13142575.333333334,356.55611654132167,0.80042589254867513,0.30732431900607443,false
d100_delay_median_cap1,city,d100_median_city_qnehvi,1990,12850234.666666666,817.4025446653382,0.78262138824794958,0.70453897364005713,false
d100_delay_median_cap1,city,d100_median_city_qnehvi,1991,12798967.999999998,485.7006518219624,0.77949908029962922,0.41863710966431356,false
d100_delay_median_cap1,city,d100_median_city_qnehvi,1992,12989570.666666666,436.1273399631744,0.79110740710920691,0.37590867618331841,false
d100_delay_median_cap1,city,d100_median_city_qnehvi,1993,13211680.0,325.5697109678495,0.80463459313383767,0.28061638847416398,true
d100_delay_median_cap1,city,d100_median_city_qnehvi,1994,13154583.333333334,393.51050625055785,0.80115721908658344,0.33917619904628099,false
d100_delay_median_cap1,city,d100_median_city_qnehvi,1995,13001298.666666668,714.4588599209304,0.79182168072984227,0.61580932817235778,false
d100_delay_median_cap1,city,d100_median_city_qnehvi,1996,12872098.000000002,869.5835119239524,0.78395293687168388,0.74951500822162453,false
d100_delay_median_cap1,city,d100_median_city_qnehvi,1997,13255819.333333336,377.11987553818153,0.80732282313319192,0.32504871900015658,false
d100_delay_median_cap1,city,d100_median_city_qnehvi,1998,13334390.0,350.06911204579126,0.81210803412873422,0.30173301332797592,false
d100_delay_median_cap1,city,d100_median_city_qnehvi,1999,13394051.333333334,358.0067641212836,0.8157416047777728,0.30857466715310428,false
d100_delay_median_cap1,city,d100_median_city_qnehvi,2000,12818495.999999998,806.4317286487146,0.78068839947286972,0.69508296263692226,false
d100_delay_median_cap1,city,d100_median_city_qnehvi,2001,12950071.999999996,483.5831956621205,0.78870180891256081,0.41681202311507398,false
d100_delay_median_cap1,city,d100_median_city_qnehvi,2002,12792318.666666666,492.9272686848895,0.77909411411657947,0.42486590508552313,false
d100_delay_median_cap1,city,d100_median_city_qnehvi,2003,12803282.666666668,589.492839361131,0.77976185763436989,0.50809810016152479,false
d100_delay_median_cap1,city,d100_median_city_qnehvi,2004,12986520.666666666,437.93644613493086,0.790921652117483,0.37746798843867374,false
d100_delay_median_cap1,city,d100_median_city_qnehvi,2005,13233919.333333334,349.27911296996547,0.80598904138933858,0.30105209406525602,false
d100_delay_median_cap1,city,d100_median_city_qnehvi,2006,13267624.0,401.4756274403974,0.80804176600498512,0.34604152916377623,false
d100_delay_median_cap1,city,d100_median_city_qnehvi,2007,12970134.666666668,392.68493105129136,0.78992369103735627,0.3384646158644693,false
d100_delay_median_cap1,city,d100_median_city_qnehvi,2008,13258277.333333332,347.94794397999,0.80747252338553854,0.29990472739743779,false
d100_delay_median_cap1,city,d100_median_city_qnehvi,2009,13346445.999999998,336.9407224336279,0.81284228402388903,0.29041733758991306,false
d100_delay_median_cap1,city,d100_median_city_qnehvi,2010,12711560.000000002,470.55266234593046,0.77417564675320394,0.40558069207936032,false
d100_delay_median_cap1,city,d100_median_city_qnehvi,2011,12782998.0,474.6016170274992,0.7785264549823081,0.40907058380319328,false
d100_delay_median_cap1,city,d100_median_city_qnehvi,2012,12688951.33333333,440.1361568943432,0.77279870488777602,0.37936397221173102,false
d100_delay_median_cap1,city,d100_median_city_qnehvi,2013,12703075.33333333,512.5306308553451,0.77365890275764737,0.44176251588470017,false
d100_delay_median_cap1,city,d100_median_city_qnehvi,2014,13077083.999999998,556.5638456953069,0.79643725580070202,0.47971580608655578,false
d100_delay_median_cap1,city,d100_median_city_qnehvi,2015,13201642.000000002,374.7009840294039,0.8040232460496004,0.32296381805133639,false
d100_delay_median_cap1,city,d100_median_city_qnehvi,2016,12763413.333333334,434.7214272934156,0.77733368462342922,0.37469688613465285,false
d100_delay_median_cap1,city,d100_median_city_qnehvi,2017,13311900.000000002,411.2760949325382,0.81073831945205588,0.35448878853820426,false
d100_delay_median_cap1,city,d100_median_city_qnehvi,2018,12696552.666666666,482.0327579445836,0.77326165098955424,0.41547566344096326,false
d100_delay_median_cap1,city,d100_median_city_qnehvi,2019,12707511.999999998,385.9436416625834,0.77392911029205669,0.33265413590214488,false
d100_delay_median_cap1,city,d100_median_city_qnehvi,2020,12851963.333333332,941.728716987266,0.78272666971101845,0.81169870101789399,false
d100_delay_median_cap1,city,d100_median_city_qnehvi,2021,13329911.333333334,387.4883818783376,0.81183526865673405,0.33398558476201301,false
d100_delay_median_cap1,city,d100_median_city_qnehvi,2022,13252186.0,533.2467513814278,0.80710154123048239,0.45961823995664519,false
d100_delay_median_cap1,city,d100_median_city_qnehvi,2023,13287984.666666668,360.7097121570058,0.80928179730602079,0.31090440327555513,false
d100_delay_median_cap1,city,d100_median_city_qnehvi,2024,12940513.333333332,579.3960001290203,0.78811965479860779,0.49939539083424672,false
d100_delay_median_cap1,city,d100_median_city_qnehvi,2025,12708784.666666666,406.53750213505975,0.77400661986128094,0.35040448108427968,false
d100_delay_median_cap1,city,d100_median_city_qnehvi,2026,13403904.0,350.863846620404,0.81634166445486267,0.3024180142313474,false
d100_delay_median_cap1,city,d100_median_city_qnehvi,2027,13058081.333333332,758.4429472808266,0.79527993114844053,0.65372027421391099,false
d100_delay_median_cap1,city,d100_median_city_qnehvi,2028,12690757.333333332,601.2019814890918,0.77290869620418701,0.51819049225264147,false
d100_delay_median_cap1,city,d100_median_city_qnehvi,2029,12875692.666666666,438.1199429221481,0.78417186384772197,0.37762614874656114,false
d100_delay_median_cap1,city,d100_median_city_qnehvi,2030,13006251.333333334,992.0554983775124,0.79212331435465455,0.85507656806601873,false
d100_delay_median_cap1,city,d100_median_city_qnehvi,2031,13100989.333333334,364.7817691634834,0.79789316891397732,0.31441420745058635,false
d100_delay_median_cap1,city,d100_median_city_qnehvi,2032,12936319.333333332,800.2392986484564,0.78786422645916843,0.68974555782310898,false
d100_delay_median_cap1,city,d100_median_city_qnehvi,2033,12945608.66666667,592.9436880537261,0.78842997729079267,0.51107246990374711,false
d100_delay_median_cap1,city,d100_median_city_qnehvi,2034,13119441.333333334,389.7988581886829,0.79901695616226875,0.33597704003571399,false
d100_delay_median_cap1,city,d100_median_city_qnehvi,2035,12952309.999999998,494.6378014973548,0.78883811044419305,0.42634025458435593,false
d100_delay_median_cap1,city,d100_median_city_qnehvi,2036,13006769.999999998,1123.57765333244,0.79215490285379342,0.96843868648321918,false
d100_delay_median_cap1,city,d100_median_city_qnehvi,2037,12923083.999999998,606.143346253728,0.78705815130054679,0.52244957375707113,false
d100_delay_median_cap1,city,d100_median_city_qnehvi,2038,13175140.666666666,355.33053330302994,0.80240922803189396,0.30626795924496053,false
d100_delay_median_cap1,city,d100_median_city_qnehvi,2039,12623400.666666668,482.46983223165086,0.76880645454542884,0.41585238831370136,false
d100_delay_median_cap1,city,d100_median_city_qnehvi,2040,12932723.33333333,388.15250521933,0.78764521827876199,0.33455800869204216,false
d100_delay_median_cap1,city,d100_median_city_qnehvi,2041,12911480.666666664,424.2502683951046,0.78635147028831642,0.36567154165635984,false
d100_delay_median_cap1,city,d100_median_city_qnehvi,2042,13418994.0,703.4510892310236,0.81726069488932596,0.60632146504476347,false
d100_delay_median_cap1,city,d100_median_city_qnehvi,2043,13018895.333333334,405.7915761800279,0.79289337537608295,0.34976154950766608,false
d100_delay_median_cap1,city,d100_median_city_qnehvi,2044,13016333.333333332,411.684906393719,0.79273734118303485,0.35484115299945079,false
d100_delay_median_cap1,city,d100_median_city_qnehvi,2045,13478934.666666668,336.521921764527,0.82091127785345352,0.29005636318936368,false
d100_delay_median_cap1,city,d100_median_city_qnehvi,2046,12906626.0,454.9412710732068,0.78605580518454976,0.39212485730595481,false
d100_delay_median_cap1,city,d100_median_city_qnehvi,2047,12853751.333333336,474.9527058419473,0.78283556476846206,0.40937319572262287,false
d100_delay_median_cap1,city,d100_median_city_qnehvi,2048,12724357.333333332,383.53870563920736,0.77495504627694811,0.33058126352287787,false
d100_delay_median_cap1,city,d100_median_city_qnehvi,2049,13033490.0,360.4438542717812,0.79378223838784645,0.31067525395027756,false
d100_delay_median_cap1,city,d100_median_city_qnehvi,2050,12747694.0,426.9305233949454,0.77637632572728565,0.36798171810369956,false
d100_delay_median_cap1,city,d100_median_city_qnehvi,2051,12664741.999999998,500.6593921126624,0.77132427717860441,0.43153040881066346,false
d100_delay_median_cap1,city,d100_median_city_qnehvi,2052,13375834.0,355.5756911953681,0.81463210949824361,0.30647926674696785,false
d100_delay_median_cap1,city,d100_median_city_qnehvi,2053,12855826.666666666,420.14866162736337,0.78296195936720192,0.36213626782918745,false
d100_delay_median_cap1,city,d100_median_city_qnehvi,2054,12726595.999999998,685.8206499495232,0.77509138841076419,0.59112536408168515,false
d100_delay_median_cap1,city,d100_median_city_qnehvi,2055,12955133.333333334,388.9102497607832,0.78901006069336288,0.33521112699342376,false
d100_delay_median_cap1,city,d100_median_city_qnehvi,2056,13171379.999999998,403.3943436952098,0.80218019111204375,0.34769531699413514,false
d100_delay_median_cap1,city,d100_median_city_qnehvi,2057,12654681.333333334,372.65252599931,0.7707115496201119,0.32119820265475352,false
d100_delay_median_cap1,city,d100_median_city_qnehvi,2058,13380201.333333332,339.31182853915345,0.81489809440551841,0.29246105114681492,false
d100_delay_median_cap1,city,d100_median_city_qnehvi,2059,12731096.666666668,1061.188773067067,0.77536549375483599,0.91466420540827409,false
d100_delay_median_cap1,city,d100_median_city_qnehvi,2060,13049871.999999996,383.6639841625241,0.79477995585486927,0.3306892441045543,false
d100_delay_median_cap1,city,d100_median_city_qnehvi,2061,12618756.666666666,470.46608210789753,0.7685236197318005,0.40550606648339255,false
d100_delay_median_cap1,city,d100_median_city_qnehvi,2062,12781169.333333334,486.27744623665336,0.77841508319164188,0.4191342626858936,false
d100_delay_median_cap1,city,d100_median_city_qnehvi,2063,12622486.666666668,445.8703080890261,0.76875078895118765,0.38430637546673063,false
d100_delay_median_cap1,city,d100_median_city_qnehvi,2064,13266934.666666668,327.3528289187459,0.80799978334674638,0.28215330085497642,false
d100_delay_median_cap1,city,d100_median_city_qnehvi,2065,12716134.666666666,415.49988509613024,0.77445425893969744,0.35812937518201804,false
d100_delay_median_cap1,city,d100_median_city_qnehvi,2066,12730473.333333336,494.8680934050636,0.7753275307128118,0.42653874873555919,false
d100_delay_median_cap1,city,d100_median_city_qnehvi,2067,12585957.333333332,410.7302316757607,0.76652603288200349,0.35401829582786498,false
d100_delay_median_cap1,city,d100_median_city_qnehvi,2068,13128967.333333334,461.4364480051211,0.79959712076920697,0.39772320700413816,false
d100_delay_median_cap1,city,d100_median_city_qnehvi,2069,12848416.666666666,413.3960140932424,0.78251066609222686,0.35631599800730851,false
d100_delay_median_cap1,city,d100_median_city_qnehvi,2070,12746679.333333332,486.8415007978909,0.77631452920326294,0.41962043492042467,false
d100_delay_median_cap1,city,d100_median_city_qnehvi,2071,13320363.333333334,327.9757636862697,0.81125376417772443,0.28269022335983057,false
d100_delay_median_cap1,city,d100_median_city_qnehvi,2072,12655507.333333334,461.0727713531237,0.77076185572606737,0.39740974532383466,false
d100_delay_median_cap1,city,d100_median_city_qnehvi,2073,12738548.0,407.6041128605755,0.77581930436521784,0.35132381860131168,false
d100_delay_median_cap1,city,d100_median_city_qnehvi,2074,12753226.666666668,549.9881054639151,0.7767132832521636,0.47404801693690829,false
d100_delay_median_cap1,city,d100_median_city_qnehvi,2075,12560178.666666668,476.9153964558296,0.7649560276317352,0.41106488611397557,false
d100_delay_median_cap1,city,d100_median_city_qnehvi,2076,13097848.0,417.5857729575281,0.79770185142304773,0.35992725225322203,false
d100_delay_median_cap1,city,d100_median_city_qnehvi,2077,12812585.333333334,421.3108421350083,0.78032842050967377,0.3631379792471226,false
d100_delay_median_cap1,city,d100_median_city_qnehvi,2078,12945504.0,432.98469463774126,0.78842360274790724,0.37319995435886916,false
d100_delay_median_cap1,city,d100_median_city_qnehvi,2079,13002068.0,381.4182535940079,0.79186853565015891,0.32875359474777094,false
d100_delay_median_cap1,city,d100_median_city_qnehvi,2080,12799084.666666668,1079.8958940519226,0.77950618568182672,0.93078832430715353,false
d100_delay_median_cap1,city,d100_median_city_qnehvi,2081,13005328.666666668,375.3484282327329,0.79206712093202158,0.32352186583021791,false
d100_delay_median_cap1,city,d100_median_city_qnehvi,2082,12793979.999999998,491.9705885212087,0.77919529475906602,0.42404131937188633,false
d100_delay_median_cap1,city,d100_median_city_qnehvi,2083,12906688.0,1123.9345579544856,0.78605958118766028,0.96874631118752741,false
d100_delay_median_cap1,city,d100_median_city_qnehvi,2084,12986185.333333332,490.8015746192712,0.79090122921893935,0.42303371808654988,false
d100_delay_median_cap1,city,d100_median_city_qnehvi,2085,12617749.333333336,413.532676488646,0.76846226983180188,0.35643379062298025,false
d100_delay_median_cap1,city,d100_median_city_qnehvi,2086,12974031.333333334,500.74201390825885,0.79016101080273915,0.43160162252959522,false
d100_delay_median_cap1,city,d100_median_city_qnehvi,2087,13520604.666666664,634.6916742982224,0.82344911736333315,0.54705606644647498,false
d100_delay_median_cap1,city,d100_median_city_qnehvi,2088,12845897.333333334,411.4160677580676,0.782357230438954,0.35460943449346771,false
d100_delay_median_cap1,city,d100_median_city_qnehvi,2089,13376168.0,399.88617086614425,0.81465245119241925,0.34467153819570517,false
d100_delay_median_cap1,city,d100_median_city_qnehvi,2090,13139386.666666668,506.5851501292894,0.80023169230268276,0.43663796260814164,false
d100_delay_median_cap1,city,d100_median_city_qnehvi,2091,13142200.666666664,409.59838896294906,0.80040307412127631,0.35304273328721641,false
d100_delay_median_cap1,city,d100_median_city_qnehvi,2092,13372036.666666666,505.3686878841448,0.81440083945827424,0.43558946445107144,false
d100_delay_median_cap1,city,d100_median_city_qnehvi,2093,12550526.0,485.61589257763467,0.76436814860984015,0.41856405362675297,false
d100_delay_median_cap1,city,d100_median_city_qnehvi,2094,13086712.66666667,400.6484713158279,0.79702367314397393,0.345328583344305,false
d100_delay_median_cap1,city,d100_median_city_qnehvi,2095,13090127.999999996,394.8752032586532,0.79723167813252016,0.34035246432180294,false
d100_delay_median_cap1,city,d100_median_city_qnehvi,2096,12680260.0,415.7663810100235,0.77226937421518516,0.35835907443959819,false
d100_delay_median_cap1,city,d100_median_city_qnehvi,2097,13625916.666666666,618.6473152586445,0.82986296316281594,0.53322704630917561,false
d100_delay_median_cap1,city,d100_median_city_qnehvi,2098,13005726.666666668,426.0514762035386,0.7920913604358597,0.36722404612181397,false
d100_delay_median_cap1,city,d100_median_city_qnehvi,2099,13064620.0,380.19539290754426,0.79567815736894931,0.32769958161976115,false
d100_delay_median_cap1,city,d100_median_city_qnehvi,2100,13065280.0,504.64728440259074,0.79571835353109277,0.43496766938596976,false
d100_delay_median_cap1,city,d100_median_city_qnehvi,2101,12657735.999999998,398.2903132723637,0.77089758882712345,0.34329603003447462,false
d100_delay_median_cap1,city,d100_median_city_qnehvi,2102,13513973.333333336,511.0019485392602,0.82304524743925089,0.44044490771596473,false
d100_delay_median_cap1,city,d100_median_city_qnehvi,2103,13517218.0,520.9048443824529,0.8232428582686977,0.44898045255731811,false
d100_delay_median_cap1,city,d100_median_city_qnehvi,2104,13386154.666666666,594.8594767823274,0.81526067190848994,0.51272373442863617,false
d100_delay_median_cap1,city,d100_median_city_qnehvi,2105,13348395.333333334,557.4386110305877,0.81296100480985667,0.48046978743334362,false
d100_delay_median_cap1,city,d100_median_city_qnehvi,2106,13470885.333333334,713.602327247041,0.82042104708403851,0.61507106199629846,false
d100_delay_median_cap1,city,d100_median_city_qnehvi,2107,12743628.0,411.0451944539125,0.77612869300717124,0.35428976984504551,false
d100_delay_median_cap1,city,d100_median_city_qnehvi,2108,13008762.666666666,450.6545210213413,0.7922762627817197,0.38843000401548783,false
d100_delay_median_cap1,city,d100_median_city_qnehvi,2109,13210189.333333334,467.3326741067339,0.80454380665045111,0.40280530653158797,false
d100_delay_median_cap1,city,d100_median_city_qnehvi,2110,13213366.666666666,617.4667737662402,0.80473731665931569,0.53220950911550491,false
d100_delay_median_cap1,city,d100_median_city_qnehvi,2111,13044040.666666668,615.4952222450845,0.79442480855156716,0.53051018129439775,false
d100_delay_median_cap1,city,d100_median_city_qnehvi,2112,12850439.999999998,373.56841091575154,0.78263389372061642,0.32198762596058172,false
d100_delay_median_cap1,city,d100_median_city_qnehvi,2113,12524052.0,464.838160975844,0.76275579528167714,0.40065522548224597,true
d100_delay_median_cap1,city,d100_median_city_qnehvi,2114,13534980.66666667,383.97688496908535,0.8243246628587505,0.33095894085867444,false
d100_delay_median_cap1,city,d100_median_city_qnehvi,2115,13283167.333333334,344.8673615202819,0.80898840592455712,0.29724949905426579,false
d100_delay_median_cap1,city,d100_median_city_qnehvi,2116,12873058.666666668,402.3828841125727,0.7840114446188039,0.34682351557770913,false
d100_delay_median_cap1,city,d100_median_city_qnehvi,2117,12585285.33333333,464.7310083645944,0.76648510588054808,0.40056286806148023,false
d100_delay_median_cap1,city,d100_median_city_qnehvi,2118,12630445.333333332,534.9320723663591,0.7692354978235808,0.46107085877307386,false
d100_delay_median_cap1,city,d100_median_city_qnehvi,2119,13199084.0,343.4595705899624,0.80386745546965632,0.29603609008750864,false
d100_delay_median_cap1,city,d100_median_city_qnehvi,2120,12655960.666666666,457.61164640350233,0.77078946521117575,0.3944265182277597,false
d100_delay_median_cap1,city,d100_median_city_qnehvi,2121,12616624.666666666,541.4732762873707,0.76839377394742181,0.46670888024359264,false
d100_delay_median_cap1,city,d100_median_city_qnehvi,2122,12659803.333333336,466.6260436600753,0.77102349619965604,0.40219624470167226,false
d100_delay_median_cap1,city,d100_median_city_qnehvi,2123,12829101.333333332,409.4383024227551,0.78133429901567719,0.35290475083602646,false
d100_delay_median_cap1,city,d100_median_city_qnehvi,2124,13164648.0,370.3596153790079,0.80177019025817997,0.31922188767308507,false
d100_delay_median_cap1,city,d100_median_city_qnehvi,2125,12467113.333333332,485.90562287523056,0.75928804395202643,0.41881377916019152,true
d100_delay_median_cap1,city,d100_median_city_qnehvi,2126,13565585.333333332,555.5414225204256,0.82618858731887412,0.47883455488547022,false
d100_delay_median_cap1,city,d100_median_city_qnehvi,2127,13200752.666666664,588.9555647269923,0.80396908273616663,0.50763501019224433,false
d100_delay_median_cap1,city,d100_median_city_qnehvi,2128,13261925.333333332,328.6715475303271,0.80769469853629527,0.28328993624128268,false
d100_delay_median_cap1,city,d100_median_city_qnehvi,2129,12952643.333333336,624.9550749677242,0.78885841153618497,0.53866385658142946,false
d100_delay_median_cap1,city,d100_median_city_qnehvi,2130,12886412.666666666,362.0341783201751,0.78482474696617444,0.31204599261523885,false
d100_delay_median_cap1,city,d100_median_city_qnehvi,2131,13384921.333333332,557.6732344214722,0.81518555786812064,0.4806720149943961,false
d100_delay_median_cap1,city,d100_median_city_qnehvi,2132,13396826.0,478.3455258555257,0.81591059106751151,0.41229754914641931,false
d100_delay_median_cap1,city,d100_median_city_qnehvi,2133,13275594.0,490.53752252290747,0.80852716511450606,0.42280612521425737,false
d100_delay_median_cap1,city,d100_median_city_qnehvi,2134,13183528.666666668,627.0654604977733,0.8029200847107727,0.54048284878426689,false
d100_delay_median_cap1,city,d100_median_city_qnehvi,2135,12529547.333333334,499.5525745077945,0.76309047908425198,0.43057641601429941,false
d100_delay_median_cap1,city,d100_median_city_qnehvi,2136,12522698.666666666,477.2074162514138,0.76267337284819081,0.41131658502096607,true
d100_delay_median_cap1,city,d100_median_city_qnehvi,2137,13090307.333333334,486.2773728137345,0.79724260012001191,0.41913419940090846,false
d100_delay_median_cap1,city,d100_median_city_qnehvi,2138,13285108.66666667,421.8242185571091,0.80910663948431694,0.36358047077088712,false
d100_delay_median_cap1,city,d100_median_city_qnehvi,2139,13084841.333333334,606.8850638088795,0.79690970281353257,0.52308887801229731,false
d100_delay_median_cap1,city,d100_median_city_qnehvi,2140,12825749.333333334,906.33242375849,0.78113015123460916,0.78118978192433475,false
d100_delay_median_cap1,city,d100_median_city_qnehvi,2141,12583749.333333336,481.1318875007815,0.76639155844865092,0.41469918147133733,false
d100_delay_median_cap1,city,d100_median_city_qnehvi,2142,13136180.000000002,445.43219499932746,0.80003639579772279,0.38392875522494263,false
d100_delay_median_cap1,city,d100_median_city_qnehvi,2143,13216092.666666666,624.8854560895807,0.80490333898962352,0.53860385039075487,false
d100_delay_median_cap1,city,d100_median_city_qnehvi,2144,12547251.333333336,431.6289746712269,0.76416871068211389,0.37203142661206307,false
d100_delay_median_cap1,city,d100_median_city_qnehvi,2145,13380611.333333334,379.2584301118101,0.81492306474866838,0.32689199078125247,false
d100_delay_median_cap1,city,d100_median_city_qnehvi,2146,12850524.000000002,633.8123006269248,0.78263900959579857,0.5462981130636948,false
d100_delay_median_cap1,city,d100_median_city_qnehvi,2147,13084391.333333332,434.5947072939977,0.79688229633934371,0.37458766310994834,false
d100_delay_median_cap1,city,d100_median_city_qnehvi,2148,13378793.999999998,636.9489970952948,0.8148123831951295,0.54900170742472121,false
d100_delay_median_cap1,city,d100_median_city_qnehvi,2149,13422462.66666667,680.0976465249198,0.81747194805259171,0.58619256935866471,false
d100_delay_median_cap1,city,d100_median_city_qnehvi,2150,12505500.666666666,482.7711287504338,0.7616259583079722,0.41611208305222397,true
d100_delay_median_cap1,city,d100_median_city_qnehvi,2151,13227810.0,479.3520512986084,0.80561696297531493,0.41316509770892396,false
d100_delay_median_cap1,city,d100_median_city_qnehvi,2152,13055886.0,593.149170211282,0.79514622815658342,0.51124957993274156,false
d100_delay_median_cap1,city,d100_median_city_qnehvi,2153,12841645.333333332,436.1237242753866,0.78209826970950802,0.37590555973478329,false
d100_delay_median_cap1,city,d100_median_city_qnehvi,2154,12552257.333333334,490.1602158597343,0.76447359248164504,0.42248091549848821,false
d100_delay_median_cap1,city,d100_median_city_qnehvi,2155,13249115.999999998,697.577878719552,0.80691456817323892,0.60125920320972304,false
d100_delay_median_cap1,city,d100_median_city_qnehvi,2156,13152975.333333334,475.6815342242889,0.80105928661881554,0.41000139048884404,false
d100_delay_median_cap1,city,d100_median_city_qnehvi,2157,13425742.666666666,534.8457123703366,0.81767171079778933,0.46099642300900839,false
d100_delay_median_cap1,city,d100_median_city_qnehvi,2158,13305010.000000002,653.0968069503999,0.8103186958805878,0.56291989431574507,false
d100_delay_median_cap1,city,d100_median_city_qnehvi,2159,13141717.999999998,703.9105658895745,0.80037367814007221,0.60671749906195582,false
d100_delay_median_cap1,city,d100_median_city_qnehvi,2160,13215647.999999998,543.1651761287508,0.80487625733290658,0.46816716953511389,false
d100_delay_median_cap1,city,d100_median_city_qnehvi,2161,13196004.0,364.1312400369796,0.80367987337965319,0.31385350070199453,false
d100_delay_median_cap1,city,d100_median_city_qnehvi,2162,14073635.333333332,630.1067488254323,0.85713049667799024,0.54310420856702801,false
d100_delay_median_cap1,city,d100_median_city_qnehvi,2163,13412660.000000002,299.03559475385634,0.81687493353930019,0.25774599355570116,false
d100_delay_median_cap1,city,d100_median_city_qnehvi,2164,13080940.0,412.2887441556534,0.79667209883286194,0.35536161533445937,false
d100_delay_median_cap1,city,d100_median_city_qnehvi,2165,12993233.33333333,693.0153996536496,0.79133047550801139,0.59732669242990755,false
d100_delay_median_cap1,city,d100_median_city_qnehvi,2166,13278812.666666668,567.9800157322851,0.80872319245877788,0.48955567846430326,false
d100_delay_median_cap1,city,d100_median_city_qnehvi,2167,12993709.999999998,458.2621358016419,0.7913595060695594,0.39498719073351596,false
d100_delay_median_cap1,city,d100_median_city_qnehvi,2168,13088542.666666668,636.2063773919367,0.79713512613900805,0.54836162558619084,false
d100_delay_median_cap1,city,d100_median_city_qnehvi,2169,13113133.333333334,594.856274899952,0.79863277829741819,0.51272097464896926,false
d100_delay_median_cap1,city,d100_median_city_qnehvi,2170,12684875.333333334,551.0282786099459,0.77255046313490194,0.4749445672663577,false
d100_delay_median_cap1,city,d100_median_city_qnehvi,2171,13647815.999999998,670.4113254392727,0.83119670430448511,0.57784369552585324,false
d100_delay_median_cap1,city,d100_median_city_qnehvi,2172,12653710.666666666,496.85619718262456,0.77065243284023177,0.42825234334579643,false
d100_delay_median_cap1,city,d100_median_city_qnehvi,2173,13427014.0,471.92092385271496,0.8177491391626458,0.40676002968229852,false
d100_delay_median_cap1,city,d100_median_city_qnehvi,2174,13091323.333333334,547.9078453700973,0.79730447784840275,0.47225499057435544,false
d100_delay_median_cap1,city,d100_median_city_qnehvi,2175,12960068.0,440.5087695147882,0.78931059805920745,0.37968513601882592,false
d100_delay_median_cap1,city,d100_median_city_qnehvi,2176,13337518.0,599.4003364860417,0.81229853957598419,0.51663761095859995,false
d100_delay_median_cap1,city,d100_median_city_qnehvi,2177,12604805.999999998,412.19047546933234,0.76767397842976492,0.35527691518292026,false
d100_delay_median_cap1,city,d100_median_city_qnehvi,2178,13878789.333333334,758.0823406683785,0.8452637369673589,0.65340945867476175,false
d100_delay_median_cap1,city,d100_median_city_qnehvi,2179,13416168.66666667,423.6364210590429,0.81708862283360473,0.36514245182792321,false
d100_delay_median_cap1,city,d100_median_city_qnehvi,2180,13032473.333333332,398.6742524323471,0.79372032005727178,0.34362695645925789,false
d100_delay_median_cap1,city,d100_median_city_qnehvi,2181,13223822.666666662,446.79002375622366,0.80537412131291053,0.38509910058905494,false
d100_delay_median_cap1,city,d100_median_city_qnehvi,2182,12585708.666666666,456.87161873473,0.76651088826737779,0.39378867052637345,false
d100_delay_median_cap1,city,d100_median_city_qnehvi,2183,13393882.666666668,624.4987290982488,0.815731332425225,0.53827052106687379,false
d100_delay_median_cap1,city,d100_median_city_qnehvi,2184,15238208.000000002,1564.2470653715293,0.92805678718897189,1.3482622841693506,false
d100_delay_median_cap1,city,d100_median_city_qnehvi,2185,13273740.000000002,345.62091275904766,0.80841425044084858,0.29789900304689482,false
d100_delay_median_cap1,city,d100_median_city_qnehvi,2186,13906617.333333334,735.2069396181384,0.84695855333119208,0.63369259862493255,false
d100_delay_median_cap1,city,d100_median_city_qnehvi,2187,13250450.666666666,385.8546107768332,0.8069958537455737,0.33257739803378605,false
d100_delay_median_cap1,city,d100_median_city_qnehvi,2188,14907056.0,1494.810307157667,0.90788854554328713,1.2884130670557477,false
d100_delay_median_cap1,city,d100_median_city_qnehvi,2189,13350860.000000002,325.9500425465346,0.81311111108404321,0.28094420543759097,false
d100_delay_median_cap1,city,d100_median_city_qnehvi,2190,12542314.0,501.7985381010744,0.76386801090753309,0.43251226622074851,false
d100_delay_median_cap1,city,d100_median_city_qnehvi,2191,13168663.333333332,469.0320981425851,0.80201473721231187,0.40427008110785023,false
d100_delay_median_cap1,city,d100_median_city_qnehvi,2192,13242689.333333334,304.3594047859163,0.80652316311963967,0.26233471386287588,true
d100_delay_median_cap1,city,d100_median_city_qnehvi,2193,13577953.333333332,617.3337100452916,0.8269418390361335,0.53209481828416638,false
d100_delay_median_cap1,city,d100_median_city_qnehvi,2194,12610376.666666668,488.4223817556097,0.76801325027912992,0.42098303435771206,false
d100_delay_median_cap1,city,d100_median_city_qnehvi,2195,14114747.333333334,760.546010022745,0.85963435215987605,0.65553295472899109,false
d100_delay_median_cap1,city,d100_median_city_qnehvi,2196,12561090.0,444.8967441513632,0.76501153081724027,0.38346723722096593,false
d100_delay_median_cap1,city,d100_median_city_qnehvi,2197,13161046.666666664,593.5412362740402,0.80155085726030184,0.51158751113109358,false
d100_delay_median_cap1,city,d100_median_city_qnehvi,2198,13709380.000000002,698.6867283523039,0.83494615358661239,0.60221494745994442,false
d100_delay_median_cap1,city,d100_median_city_qnehvi,2199,13431765.333333332,347.6354052258473,0.81803851092789504,0.29963534270503195,false
d100_delay_median_cap1,city,d100_median_city_qnehvi,2200,14393858.666666668,986.5268290723852,0.87663314672163561,0.85031127460901768,false
d100_delay_median_cap1,city,d100_median_city_qnehvi,2201,12795794.666666668,534.2766638925519,0.77930581390386877,0.46050594639732373,false
d100_delay_median_cap1,city,d100_median_city_qnehvi,2202,12720901.333333334,444.5100194704002,0.77474456455517871,0.38313390988844775,false
d100_delay_median_cap1,city,d100_median_city_qnehvi,2203,13564846.666666668,446.0534741000086,0.82614360009902077,0.38446425067060114,false
d100_delay_median_cap1,city,d100_median_city_qnehvi,2204,13356488.0,401.0755349261424,0.81345387472123054,0.34569667977323543,false
d100_delay_median_cap1,city,d100_median_city_qnehvi,2205,13067725.333333336,462.3017063155135,0.79586728234194382,0.3984689940168113,false
d100_delay_median_cap1,city,d100_median_city_qnehvi,2206,15568452.666666666,1641.06290308025,0.94816976926225449,1.4144717079248894,false
d100_delay_median_cap1,city,d100_median_city_qnehvi,2207,13593249.999999998,563.5244720682035,0.82787345614763141,0.4857153378872065,false
d100_delay_median_cap1,city,d100_median_city_qnehvi,2208,12638709.999999998,509.6415982702947,0.76973884309842233,0.43927238899976684,false
d100_delay_median_cap1,city,d100_median_city_qnehvi,2209,12565307.33333333,402.0746342882325,0.76526838023311883,0.34655782761737336,false
d100_delay_median_cap1,city,d100_median_city_qnehvi,2210,12976140.666666666,416.84120854899567,0.79028947611286215,0.35928549422638445,false
d100_delay_median_cap1,city,d100_median_city_qnehvi,2211,13624980.0,640.6160631850421,0.82980591709431939,0.55216244015794091,false
d100_delay_median_cap1,city,d100_median_city_qnehvi,2212,13114211.333333332,569.843692782162,0.7986984320289191,0.49116202667607006,false
d100_delay_median_cap1,city,d100_median_city_qnehvi,2213,12631667.333333332,409.7987505301398,0.76930992162682232,0.35321542975583731,false
d100_delay_median_cap1,city,d100_median_city_qnehvi,2214,12652349.333333334,393.75991978773743,0.77056952318053806,0.3393911745912474,false
d100_delay_median_cap1,city,d100_median_city_qnehvi,2215,13770833.999999998,716.5716040560327,0.83868890350838177,0.61763035331379335,false
d100_delay_median_cap1,city,d100_median_city_qnehvi,2216,13737967.333333332,784.7682805863084,0.83668721583800254,0.676410714106498,false
d100_delay_median_cap1,city,d100_median_city_qnehvi,2217,13427574.000000004,414.2490620049327,0.81778324499719202,0.35705126058275616,false
d100_delay_median_cap1,city,d100_median_city_qnehvi,2218,12527454.000000004,601.0115893147997,0.7629629882265444,0.51802638864427819,false
d100_delay_median_cap1,city,d100_median_city_qnehvi,2219,12696101.333333332,397.8084586363634,0.77323416331099748,0.34288070789863473,false
d100_delay_median_cap1,city,d100_median_city_qnehvi,2220,13630526.666666664,436.0973240017104,0.83014372726506069,0.3758828047019771,false
d100_delay_median_cap1,city,d100_median_city_qnehvi,2221,15187368.666666668,1576.864044698202,0.92496050524058493,1.3591371630442279,false
d100_delay_median_cap1,city,d100_median_city_qnehvi,2222,12786498.666666666,1105.082573221418,0.77873965705040471,0.95249733072912734,false
d100_delay_median_cap1,city,d100_median_city_qnehvi,2223,13567092.666666666,463.1991294916606,0.8262803888568605,0.39924250470327766,false
d100_delay_median_cap1,city,d100_median_city_qnehvi,2224,14329434.666666668,991.9111190303428,0.87270951407022013,0.85495212402344312,false
d100_delay_median_cap1,city,d100_median_city_qnehvi,2225,15195070.666666666,1224.8596158558437,0.92542958227214445,1.055736053478455,false
d100_delay_median_cap1,city,d100_median_city_qnehvi,2226,13221250.666666668,346.39369824483833,0.80521747808710287,0.29856508550107386,false
d100_delay_median_cap1,city,d100_median_city_qnehvi,2227,13414186.666666666,569.9778098855013,0.81696791254062195,0.49127762544310466,false
d100_delay_median_cap1,city,d100_median_city_qnehvi,2228,12866736.666666672,939.9856142898028,0.78362641410808986,0.8101962787494108,false
d100_delay_median_cap1,city,d100_median_city_qnehvi,2229,13348550.666666664,443.0199780148686,0.81297046511872451,0.38184960720966032,false
d100_delay_median_cap1,city,d100_median_city_qnehvi,2230,12912804.0,909.6768402613852,0.78643206562352352,0.78407241519450555,false
d100_delay_median_cap1,city,d100_median_city_qnehvi,2231,12651028.666666666,462.411292254417,0.77048909025406687,0.39856344878138761,false
d100_delay_median_cap1,city,d100_median_city_qnehvi,2232,13013750.666666666,406.1962552139563,0.79258004832228324,0.35011035213016617,false
d100_delay_median_cap1,city,d100_median_city_qnehvi,2233,12916661.333333332,935.2916509258218,0.78666698986005135,0.80615043848093326,false
d100_delay_median_cap1,city,d100_median_city_qnehvi,2234,12790498.666666666,619.3493743022059,0.77898327015430491,0.53383216793647359,false
d100_delay_median_cap1,city,d100_median_city_qnehvi,2235,13359929.333333334,605.1180804037543,0.81366346319495275,0.52156587238574204,false
d100_delay_median_cap1,city,d100_median_city_qnehvi,2236,14078128.0,1420.2016412891835,0.85740411479585399,1.2241060579588328,false
d100_delay_median_cap1,city,d100_median_city_qnehvi,2237,12776410.0,520.0949813591841,0.77812522420018471,0.44828241207906588,false
d100_delay_median_cap1,city,d100_median_city_qnehvi,2238,14107746.666666664,1337.713887593134,0.85920798862586667,1.1530078729749793,false
d100_delay_median_cap1,city,d100_median_city_qnehvi,2239,12910530.666666666,892.1268656306024,0.78629361217614013,0.76894566865514524,false
d100_delay_median_cap1,city,d100_median_city_qnehvi,2240,12900797.333333336,354.5853146648884,0.78570082028998345,0.30562563732183928,true
d100_delay_median_cap1,city,d100_median_city_qnehvi,2241,13081438.666666666,551.1881723066443,0.79670246926648114,0.47508238350108634,false
d100_delay_median_cap1,city,d100_median_city_qnehvi,2242,12539522.666666666,366.432708739083,0.76369800956319478,0.31583719210083711,true
d100_delay_median_cap1,city,d100_median_city_qnehvi,2243,13365764.666666666,735.1715958336576,0.81401885411135888,0.63366213496439561,false
d100_delay_median_cap1,city,d100_median_city_qnehvi,2244,13205262.666666666,474.5016896619194,0.80424375651081392,0.40898445399598438,false
d100_delay_median_cap1,city,d100_median_city_qnehvi,2245,13029711.999999998,420.16265846394367,0.79355214581121258,0.3621483320403191,false
d100_delay_median_cap1,city,d100_median_city_qnehvi,2246,12540636.666666666,379.2985733981757,0.7637658558126309,0.32692659124825496,false
d100_delay_median_cap1,city,d100_median_city_qnehvi,2247,13162346.666666668,506.9460267378357,0.80163003151906953,0.43694901086344168,false
d100_delay_median_cap1,city,d100_median_city_qnehvi,2248,12799275.999999998,429.41580155431024,0.77951783850862966,0.37012383930828407,false
d100_delay_median_cap1,city,d100_median_city_qnehvi,2249,13032588.666666668,390.86540051939227,0.79372734423510094,0.33689631860161234,false
d100_delay_median_cap1,city,d100_median_city_qnehvi,2250,12757666.666666668,360.2936576179664,0.77698369379749266,0.31054579583075798,true
d100_delay_median_cap1,city,d100_median_city_qnehvi,2251,13538681.333333334,737.4698908334901,0.82455004558204192,0.63564309087268311,false
d100_delay_median_cap1,city,d100_median_city_qnehvi,2252,13074336.666666668,476.3076485624344,0.79626993420050685,0.41054105354232645,false
d100_delay_median_cap1,city,d100_median_city_qnehvi,2253,13263136.0,457.6339233702635,0.80776843210240912,0.39444571928285815,false
d100_delay_median_cap1,city,d100_median_city_qnehvi,2254,13716288.66666667,457.472908210997,0.83536691401923202,0.39430693643248604,false
d100_delay_median_cap1,city,d100_median_city_qnehvi,2255,13308403.33333333,700.5850789009323,0.81052536099706285,0.60385118159680684,false
d100_delay_median_cap1,city,d100_median_city_qnehvi,2256,13114081.333333336,359.8464169092128,0.79869051460304252,0.31016030827389662,false
d100_delay_median_cap1,city,d100_median_city_qnehvi,2257,12889850.0,491.7909218761257,0.78503409182679251,0.42388646035590904,false
d100_delay_median_cap1,city,d100_median_city_qnehvi,2258,13670514.0,524.348546308463,0.83257908686256654,0.45194866232900016,false
d100_delay_median_cap1,city,d100_median_city_qnehvi,2259,13446981.999999998,642.0168150820219,0.81896525577731527,0.55336978201204123,false
d100_delay_median_cap1,city,d100_median_city_qnehvi,2260,13118482.000000002,691.2221016044275,0.79895852961951674,0.5957810055767464,false
d100_delay_median_cap1,city,d100_median_city_qnehvi,2261,13267728.0,355.36011157988526,0.80804809994568638,0.30629345347537823,false
d100_delay_median_cap1,city,d100_median_city_qnehvi,2262,13082670.0,402.24885361787545,0.7967774615002986,0.3467079914607526,false
d100_delay_median_cap1,city,d100_median_city_qnehvi,2263,13706145.333333332,800.9126602595657,0.83474915178992493,0.69032594444103157,false
d100_delay_median_cap1,city,d100_median_city_qnehvi,2264,13044419.333333332,635.163997352836,0.79444787059206956,0.54746317308236181,false
d100_delay_median_cap1,city,d100_median_city_qnehvi,2265,12984636.0,385.0583886380096,0.79080686974336212,0.33189111496293272,false
d100_delay_median_cap1,city,d100_median_city_qnehvi,2266,13684133.333333332,736.4328234571178,0.83340854887916249,0.63474921748103119,false
d100_delay_median_cap1,city,d100_median_city_qnehvi,2267,12975256.0,407.8138434824421,0.79023559701471624,0.35150459048419258,false
d100_delay_median_cap1,city,d100_median_city_qnehvi,2268,13083393.333333332,571.2951337853741,0.79682151486992059,0.49241305869374119,false
d100_delay_median_cap1,city,d100_median_city_qnehvi,2269,13507190.0,530.0944958265801,0.8226321202172201,0.45690123484361017,false
d100_delay_median_cap1,city,d100_median_city_qnehvi,2270,13172184.0,642.6848695348463,0.8022291573459277,0.55394559426219903,false
d100_delay_median_cap1,city,d100_median_city_qnehvi,2271,13069515.999999998,437.2418611536871,0.79597633980812288,0.37686930888600406,false
d100_delay_median_cap1,city,d100_median_city_qnehvi,2272,13292656.666666668,471.86033795129765,0.80956633741137607,0.40670780923219074,false
d100_delay_median_cap1,city,d100_median_city_qnehvi,2273,13261090.666666666,657.3674583940594,0.80764386460194804,0.56660087182740937,false
d100_delay_median_cap1,city,d100_median_city_qnehvi,2274,13037836.0,504.09742053163546,0.79404692402523391,0.43449372844975315,false
d100_delay_median_cap1,city,d100_median_city_qnehvi,2275,13208375.333333336,533.006778430934,0.80443332810783241,0.45941140148110371,false
d100_delay_median_cap1,city,d100_median_city_qnehvi,2276,12953617.999999998,440.5831082628912,0.78891777192916845,0.37974921037928877,false
d100_delay_median_cap1,city,d100_median_city_qnehvi,2277,13340759.333333334,606.5307077611837,0.81249594739451114,0.52278344998570736,false
d100_delay_median_cap1,city,d100_median_city_qnehvi,2278,13316091.999999998,615.3669280856898,0.81099362598494296,0.53039960146323151,false
d100_delay_median_cap1,city,d100_median_city_qnehvi,2279,12988678.666666666,588.682150917032,0.791053081387037,0.50739934823314503,false
d100_delay_median_cap1,city,d100_median_city_qnehvi,2280,12872668.666666668,380.8695782362833,0.78398769234117371,0.32828067821978146,false
d100_delay_median_cap1,city,d100_median_city_qnehvi,2281,13392206.666666666,658.8539305484952,0.8156292585346907,0.56788209803947054,false
d100_delay_median_cap1,city,d100_median_city_qnehvi,2282,13137369.333333334,668.9144111497365,0.80010883009394917,0.57655346898562543,false
d100_delay_median_cap1,city,d100_median_city_qnehvi,2283,13281172.666666668,456.3920803069549,0.808866924190079,0.39337534478628294,false
d100_delay_median_cap1,city,d100_median_city_qnehvi,2284,13511893.333333334,488.19446456588287,0.82291856862522261,0.42078658703322913,false
d100_delay_median_cap1,city,d100_median_city_qnehvi,2285,12838112.0,629.0004676306203,0.78188307813439639,0.54215067811543238,false
d100_delay_median_cap1,city,d100_median_city_qnehvi,2286,13218491.333333336,516.1758199372144,0.80504942564759574,0.44490439229703221,false
d100_delay_median_cap1,city,d100_median_city_qnehvi,2287,12927462.0,675.9900831240876,0.78732478584276544,0.5826521613657234,false
d100_delay_median_cap1,city,d100_median_city_qnehvi,2288,13049690.66666667,498.9759100068209,0.79476891206082623,0.43007937496848653,false
d100_delay_median_cap1,city,d100_median_city_qnehvi,2289,13375222.666666668,702.2369308966208,0.81459487729553071,0.60527495268394516,false
d100_delay_median_cap1,city,d100_median_city_qnehvi,2290,13332246.666666666,456.9699580072233,0.81197749810722752,0.39387343151783732,false
d100_delay_median_cap1,city,d100_median_city_qnehvi,2291,12858566.666666666,391.5127028659175,0.78312883434337355,0.33745424411069236,false
d100_delay_median_cap1,city,d100_median_city_qnehvi,2292,12765484.66666667,404.8418998194892,0.77745983560906562,0.34894300054092886,false
d100_delay_median_cap1,city,d100_median_city_qnehvi,2293,12726477.333333336,425.8263801038521,0.7750841612220154,0.36703003036289755,false
d100_delay_median_cap1,city,d100_median_city_qnehvi,2294,13150820.000000002,730.3106416749242,0.80092801975799732,0.62947236130115425,false
d100_delay_median_cap1,city,d100_median_city_qnehvi,2295,13183469.333333336,519.3425161519508,0.80291647111639819,0.447633844163216,false
d100_delay_median_cap1,city,d100_median_city_qnehvi,2296,13270846.666666668,555.0865019159494,0.80823803696236052,0.47844244784120282,false
d100_delay_median_cap1,city,d100_median_city_qnehvi,2297,13376146.666666666,613.657295643415,0.81465115192253168,0.52892602801518795,false
d100_delay_median_cap1,city,d100_median_city_qnehvi,2298,13517929.333333332,759.5544548038714,0.82328618079900773,0.65467830936389915,false
d100_delay_median_cap1,city,d100_median_city_qnehvi,2299,13245037.333333332,529.511711437357,0.80666616401162894,0.45639891891846851,false
d100_delay_median_cap1,city,d100_median_city_qnehvi,2300,13365355.333333334,633.2764566556153,0.81399392437039308,0.54583625621722265,false
d100_delay_median_cap1,city,d100_median_city_qnehvi,2301,13040049.33333333,458.17584485578885,0.79418172327605863,0.39491281448545734,false
d100_delay_median_cap1,city,d100_median_city_qnehvi,2302,13083807.999999998,659.1819626657553,0.79684676942835808,0.56816483683533536,false
d100_delay_median_cap1,city,d100_median_city_qnehvi,2303,12948291.333333332,437.2570411590594,0.78859336047914153,0.37688239289886233,false
