setting_id,policy_id,budget_group,efficiency_total_cost,allrequest_equity,decoded_policy_hash,policy_vector_hash,replication_count,evidence_layer,efficiency_pct_borough_efficient,equity_pct_borough_efficient,efficiency_pct_historical,equity_pct_historical
d100_delay_median_cap1,candidate_d100_delay_median_cap1_borough_003b0f0001a71e82,borough,33575075.733333334,2780.8863128866747,003b0f0001a71e8294cc27650bf58010b648825097037717b610cadabc333c40,b73c270c8dcbd6bf0e64e21613f3f1d2633774c83f67ef37993b8e4f5449585b,10,selection_seed_mean,255.66774502496693,290.6259266004164,204.48321032698686,239.69130038529735
d100_delay_median_cap1,candidate_d100_delay_median_cap1_borough_00650ab76816d4cc,borough,16735351.666666666,1698.964634963883,00650ab76816d4cc589de0c99a0dc233a4580f13950fd421abc0a5587d43b1e6,823c83fa3bea654056e4507d89dd151d6648f95552a24c46f6900c06f509d783,10,selection_seed_mean,127.43648463519638,177.55604355690838,101.92377410942458,146.4378607554103
d100_delay_median_cap1,candidate_d100_delay_median_cap1_borough_02f98e628db27257,borough,27287453.333333332,2769.9700374622585,02f98e628db2725739dc7d8697cd4fa5a8f0f624034bfcae2c65e5a08c33352d,92c1b9b6e45afb4449a155077ed6e7bb8d58b94a9e4ba5b1e22f02863a7f452a,10,selection_seed_mean,207.78870959570344,289.4850843281003,166.18953010158626,238.75040027020913
d100_delay_median_cap1,candidate_d100_delay_median_cap1_borough_03441b6485160a4c,borough,24322296.333333336,1762.214799507652,03441b6485160a4ce4741f9dd12fd6288cf2bb95e59198f2e87036a853df2bf7,b9116d13463010173203f8c2b016230a4bdee90834547cfa19bfa577a56d9e62,10,selection_seed_mean,185.20960925781924,184.16621585808392,148.13075259355588,151.88954503276676
d100_delay_median_cap1,candidate_d100_delay_median_cap1_borough_04a6be19f8d9f9c2,borough,21011990.466666665,1027.3570568942826,04a6be19f8d9f9c2ef3970ab0a97b7baa7263629b8113a5372a072aeca07568d,9349dbd41838f9b22b6a7896b75d944e4f55f1d167273ea43356f87a257dee30,10,selection_seed_mean,160.0022666744236,107.36742283414051,127.96990541761842,88.55038330257607
d100_delay_median_cap1,candidate_d100_delay_median_cap1_borough_04d4a8b76f6ec3a7,borough,34607862.8,3728.5278256401007,04d4a8b76f6ec3a7a97213b65fd3248481e6cbdfc1c4d65b79db9773d842ffc7,35b83b328d4828f2ac6d1c2a1b4a688edffbd481335a8e39b57cea2d43bb83a9,10,selection_seed_mean,263.5322199266115,389.6624069673893,210.77322190145142,321.3708086191946
d100_delay_median_cap1,candidate_d100_delay_median_cap1_borough_05309e66c437c44d,borough,31720071.133333337,4409.86557600544,05309e66c437c44d4eb2be5c0b3a77b9093ddc83674feb85273c97452164ace3,6dbcb8d828a8a6a250f301cb146de2a4f4a80f1b98155b073cd0df4e51439944,10,selection_seed_mean,241.5422417242524,460.86791224467004,193.1856246181111,380.0969530969017
d100_delay_median_cap1,candidate_d100_delay_median_cap1_borough_065f42410f6ded30,borough,21006507.4,2158.290068971425,065f42410f6ded308484bc1d5d08bd590ea6bcf2717f25c1aabfadbfe7fb4667,0228bcbb9700ecc72f5beb4279d0b2228a153803a2042606be6e259f57767fa9,10,selection_seed_mean,159.96051417618287,225.55940106597902,127.93651174537948,186.02822806640773
d100_delay_median_cap1,candidate_d100_delay_median_cap1_borough_06bb926f9d1890d7,borough,30805366.46666667,2654.0673348679416,06bb926f9d1890d75506a9b28dc5575bcd90b951aaef66573325a342c2d25fd5,c5509372a8952c84c8d44c2b904d5218413d3af9e10922ea7a0b9eeab78eb66d,10,selection_seed_mean,234.57694159066838,277.3722805141249,187.614773543146,228.76046671044256
d100_delay_median_cap1,candidate_d100_delay_median_cap1_borough_072ae30e65d3839b,borough,16036906.533333335,1227.218124211547,072ae30e65d3839b83dfb3ac4b7e509887ea9a07f0b03b39f2afcc9bbb557bbe,e61bcd8897827152a3f526d837b45fb0f16d260879aa4b4424b4083cf22d8ab7,10,selection_seed_mean,122.1179592599666,128.25457942564236,97.67001443854265,105.77689087308558
d100_delay_median_cap1,candidate_d100_delay_median_cap1_borough_0820484345d0dd83,borough,21702174.466666665,1924.2622679146439,0820484345d0dd8374296e90c584746be610cce2e0fd8b3a54beb55190cf4fdd,655191cb3691ce6164b5ddc77dcd93b162c5ddec15a2f5016923275dc8e0df0c,10,selection_seed_mean,165.25788510798455,201.10153444367072,132.17335208017371,165.85680728531753
d100_delay_median_cap1,candidate_d100_delay_median_cap1_borough_08dd5e5f745043a2,borough,41934872.33333333,4145.245883508059,08dd5e5f745043a2aa5cba876907776dfece89652b85d585015f40a28239f172,f3d98cabc77d561ab47c818596a845b74cc93da29027e24bd55c382ddf5e31df,10,selection_seed_mean,319.3259884959546,433.21293657292534,255.39711026948197,357.2887433875249
d100_delay_median_cap1,candidate_d100_delay_median_cap1_borough_08e95f9db6b7f6eb,borough,34083443.4,3426.207922662121,08e95f9db6b7f6ebe772bd232b2c55e0abf3e1a04c0c913067e271faf3c90480,a2a0b81aea6fa89592f5826cae47dcef4f5046920056aa8ee8784916cc50d6dc,10,selection_seed_mean,259.5388670445439,358.067443330951,207.57933595696528,295.31312681416995
d100_delay_median_cap1,candidate_d100_delay_median_cap1_borough_092f22490fce3058,borough,39332631.46666666,3231.334177276544,092f22490fce3058ef7dbaa84090a2078aad02933800f55f1f30236bc168e6fc,9c57e3e2924bb93b055664b46cb13a7a30b1ccdd1a63fbb6353672ac3216a169,10,selection_seed_mean,299.5104247224986,337.7015036805857,239.54861090387078,278.51648855320633
d100_delay_median_cap1,candidate_d100_delay_median_cap1_borough_098288665228c4a2,borough,16042548.0,618.2501405911165,098288665228c4a2505644c2b1080c1451285a87032c5509216790761bcb3739,f145b0c77cb5f68bf96dcaff5413bf54cb224de5a78bcd8245c46f74be276710,10,selection_seed_mean,122.16091794374607,64.6123213119116,97.70437281867305,53.28847118811239
d100_delay_median_cap1,candidate_d100_delay_median_cap1_borough_0b4f4062161df912,borough,19286378.133333333,1102.4416291137477,0b4f4062161df912383dff3fb376012cb1312a8159d4507da3e382a24c344003,8efb2e4afaa9406375d7cd6480d80e75523201fa06250ab8325f913eaa41dc0a,10,selection_seed_mean,146.86206060148248,115.21438992285486,117.46036100132619,95.02210372881514
d100_delay_median_cap1,candidate_d100_delay_median_cap1_borough_0c38679501182f70,borough,18491294.2,1819.8780438483961,0c38679501182f70b4aa88e0fdca8313907a6c2d038ce76c8ba2e43da50caa43,54c464556585a744f09e4bfe10e1b4e800f2b79d19a4f8dd92a73461bd245f40,10,selection_seed_mean,140.80764934846184,190.1925081734713,112.61803937981465,156.85967917899904
d100_delay_median_cap1,candidate_d100_delay_median_cap1_borough_0da8dfd898e062c2,borough,25173725.4,2278.836324939784,0da8dfd898e062c2040f64924ee268fd4bdac66cfcf74f4dac3a5507ea0578ad,01f37bf802b3f170d6ed88182092e653c53dc5fea47ce30b0fc6467ed6a39d94,10,selection_seed_mean,191.69307786567296,238.15749512565623,153.31623453559243,196.41840069437177
d100_delay_median_cap1,candidate_d100_delay_median_cap1_borough_0e035aaa15ca56ff,borough,49292513.13333334,4989.533399187001,0e035aaa15ca56fffea16bb6a980944dfc00210a2c9bd04a0691a4a10e9ac939,bb27e0479593c49d413913934683d39582cf880d7fd44e8dc8cbcc247b6d2df5,10,selection_seed_mean,375.3530082703919,521.4480580247802,300.207553086239,430.05992126501656
d100_delay_median_cap1,candidate_d100_delay_median_cap1_borough_0e258b84e3958ae1,borough,19740899.26666667,1298.0908947515422,0e258b84e3958ae18bf484ea3814b8468461edf813540891ab65ca5d3dde8d1c,70b27bd4560a9f5076bb9fde76222fc09cc66f5899ab305b3e356915d4032753,10,selection_seed_mean,150.32315162473094,135.66137793929457,120.22854360331475,111.88558595131278
d100_delay_median_cap1,candidate_d100_delay_median_cap1_borough_0e4d291c69116de4,borough,23828331.4,3932.3232183296323,0e4d291c69116de41c0e316d2f938718ce2fa3a1800637b4e501129e9bcf2a15,dadd11052272ae323414a04c21f5d3ecf0f4fc6f30e3c2666159cdd25ba94d31,10,selection_seed_mean,181.44816128284532,410.96073353429216,145.12234432787693,338.9364251853676
d100_delay_median_cap1,candidate_d100_delay_median_cap1_borough_0e6922b0c1e38007,borough,25720752.8,2221.303175539476,0e6922b0c1e380075088dc9cc86b35fddbb994994dd7c7c73b719463288bb53c,3eebf1a2cdda75878060fcc4fd4d0a12fdb564663b24523bdeb6022e71340b11,10,selection_seed_mean,195.85858632008936,232.1447988218839,156.64781060640294,191.45947974491855
d100_delay_median_cap1,candidate_d100_delay_median_cap1_borough_0ec0986d7a909418,borough,23857574.333333332,2112.219690994309,0ec0986d7a9094187b4be6dfd789b3fcedd758209395d1d32e3aee4be266e203,458704b7d74e396b69dce4ccdcf7720cfd17f230a42e50d8c61abe46e376fc62,10,selection_seed_mean,181.67084059659072,220.74466044663592,145.30044337178887,182.0573110406361
d100_delay_median_cap1,candidate_d100_delay_median_cap1_borough_0efea4ca00517332,borough,41453283.0,4547.859698271351,0efea4ca0051733292fd776323543f97e38c88095742ad2a11a98d1a49afd246,e96af8d6614a6ad450a09e1f7f1fe1832a57280f2c3c1861a9b8c39db3e95b1f,10,selection_seed_mean,315.65877833508017,475.2894545648633,252.46407346201872,391.9909994152173
d100_delay_median_cap1,candidate_d100_delay_median_cap1_borough_0f46dfef477efa41,borough,16283519.933333334,1004.8670304537791,0f46dfef477efa41f9aa190fc9a9096ecf7533f3947434cdc1936d18e5c3c221,51eeb33937e6adaacf76524bdb4f60255eb5bc3b918e7862088e71c33cfaf5a7,10,selection_seed_mean,123.99587287576055,105.01702657980593,99.1719708344768,86.61191366494883
d100_delay_median_cap1,candidate_d100_delay_median_cap1_borough_10546b596c0bbbe1,borough,35361414.53333334,3660.4439922044876,10546b596c0bbbe1338190451e81e82bcc9592a6d8bff83468954fa407f2a4d9,68dec5567132dab2c0bbc24a694c204bb27edabb1d463da114c9335bf2925d97,10,selection_seed_mean,269.27037146351836,382.5470757555233,215.362598819118,315.50249875849465
d100_delay_median_cap1,candidate_d100_delay_median_cap1_borough_109cb9b5beaf8e82,borough,24620916.0,2625.1631887660296,109cb9b5beaf8e82bb8929e55bc426de6a40c960faa1a1b891cb09f6509b36ce,767c07f9d1bf81ade0cb836a135e7d99c5182d0e373d23d91a85deaed8ade6d2,10,selection_seed_mean,187.48354059316915,274.3515549977545,149.94944419061315,226.26914862469803
d100_delay_median_cap1,candidate_d100_delay_median_cap1_borough_112273da645cf310,borough,13426167.133333335,1207.7485072657341,112273da645cf3100de325043ed609ba944020b794e052296192443b6eda517d,2dfdcc83c73203b1f76cf2605745b9e2526d470f514c5f88ec8d7f977ba8af35,10,selection_seed_mean,102.23768078949516,126.21984127787593,81.76975622083319,104.09875761674928
d100_delay_median_cap1,candidate_d100_delay_median_cap1_borough_118cf35b0f4ba329,borough,15454935.533333331,936.5506421294109,118cf35b0f4ba329d010bde1b762b5b10396be15558e17f1e23455f971a07e7f,64153b3493a5f44f5dbce3331d1ac6200e33e998e6bc93f29dc6c3c7838eb4cd,10,selection_seed_mean,117.6863620114098,97.87739143299778,94.12562039629597,80.72355933733266
d100_delay_median_cap1,candidate_d100_delay_median_cap1_borough_11a8a7e248216b32,borough,34323382.2,3148.654016954925,11a8a7e248216b323e3f53efab5ecf4b93cb65d248ae50e4eee1802ce011b971,ac215776a176b4f83d80bdf5960196a416bc071b88fdabd95a08d4848b846649,10,selection_seed_mean,261.3659548649027,329.0607339757651,209.04064185231712,271.3900860635692
d100_delay_median_cap1,candidate_d100_delay_median_cap1_borough_12470f5c3deb6e08,borough,23056733.0,2203.258175580103,12470f5c3deb6e08ea70406d93593638519917e970b5a3409367b70d1daac3bf,69fac34a435be94e63e1b5b7b2dbea8ef2fc309bbe588fb1943654a0004dce2e,10,selection_seed_mean,175.57258784975193,230.25894508906683,140.4230572981675,189.904137663629
d100_delay_median_cap1,candidate_d100_delay_median_cap1_borough_13ab933dc5e347e1,borough,23262520.133333333,3816.2819448835153,13ab933dc5e347e1b88d45af234b9e2e1385043fc806caa3d35c4d26b1061339,486777ca5005253a63d7f4625ec3915cb3eca125e6d1892f779edd5804926282,10,selection_seed_mean,177.13961729601021,398.8334479049266,141.67636835551858,328.9345478695728
d100_delay_median_cap1,candidate_d100_delay_median_cap1_borough_13c1664609e0be80,borough,13246823.066666666,725.8514694141152,13c1664609e0be8033ff46a58c48b9b42aca714e8998a0737aebb4900e9d0e49,f08929215aee047d32ded6eafb1536b9796dd279fd2810b103d65a4661fce1dd,10,selection_seed_mean,100.87201021074641,75.85756199208838,80.67749210216469,62.56288931489955
d100_delay_median_cap1,candidate_d100_delay_median_cap1_borough_13c99932940d5395,borough,15717134.133333331,806.5742152649368,13c99932940d5395609b38e0b4bcdeb669700efe11d4356d4899fe570e1d3901,24eab0de12096ba3ff2f959a4968cb35daa52815da9af81e3ecfcf15b7e4b628,10,selection_seed_mean,119.68295392807822,84.29376547941196,95.72249576590274,69.52057752890308
d100_delay_median_cap1,candidate_d100_delay_median_cap1_borough_15b21bbca7b73caf,borough,24230064.866666667,2495.295665497668,15b21bbca7b73caf90d286b8954de0fdd0271eb3cc8289d0781856f1cad8499f,620fe28830f51f3a95d1747720287459c648968067ad71dd00f575923bd8cd3b,10,selection_seed_mean,184.50728437580557,260.779310382695,147.56903274675764,215.07555347995466
d100_delay_median_cap1,candidate_d100_delay_median_cap1_borough_16e3dbdde82e5ab3,borough,16180900.866666665,1350.3469306077018,16e3dbdde82e5ab36b677d7af43ae502a17106748dba5d220d3291bf070003c2,155c46b92ed018975363976319e646d08e3a5c349a620aa9fa299242c9cba888,10,selection_seed_mean,123.21444841734343,141.12257164965385,98.54698710072674,116.38965975300006
d100_delay_median_cap1,candidate_d100_delay_median_cap1_borough_177cc2f765e2b4f1,borough,29531438.53333333,3621.081719301038,177cc2f765e2b4f11031e7152fb4a070ba29998944dc8b94d25ef8a45ad647c9,3947045352cff94be3c41ccd6b72697f1e018fbad1fe7a01626ea620cb0df4e9,10,selection_seed_mean,224.87622536216276,378.4333883377199,179.85613509353544,312.1097694927826
d100_delay_median_cap1,candidate_d100_delay_median_cap1_borough_17d33842168da15a,borough,29073486.73333333,3075.350701885583,17d33842168da15a86f2d4c607612b1b64d1f6f874d6c50d14749aa8b033f17c,c78f00836196988480a4d7cf09887cf2a4d46b9bcaf421522e1e7bd9e8c8520a,10,selection_seed_mean,221.38901047198505,321.3999231881441,177.06705860766908,265.07189648850334
d100_delay_median_cap1,candidate_d100_delay_median_cap1_borough_17da3dc04c7d51e6,borough,19751978.53333333,2291.1313941930594,17da3dc04c7d51e680874262ac43fe8667e57fc074aa6ce39f35a2075032a840,4e0edf3098b6388166b7053cf6d7c1572bcd41272d6f6b243cddfa6d629af90b,10,selection_seed_mean,150.40751810978946,239.4424329089057,120.29601996685481,197.47814237600335
d100_delay_median_cap1,candidate_d100_delay_median_cap1_borough_18a0b52f8191e1bd,borough,18035906.133333333,851.844738744538,18a0b52f8191e1bd077dacfd30e3c9ce1f37db15ceacebca102726d80b2c77e4,209f6f569d4417a68618f743e634786d6bc00ad1415e156aa041d40eb9eeb5e3,10,selection_seed_mean,137.33995679459645,89.0249146000992,109.84457686982091,73.4225531658305
d100_delay_median_cap1,candidate_d100_delay_median_cap1_borough_1a281e26dfc0acc1,borough,22805074.8,2026.8266978923996,1a281e26dfc0acc11855ad2593d5e072b96468a924df69d9044ff6b43125494d,66431ec428c7f083dba72c3cde433c39e5cb1696f1c0d6ca2397cebbd2e6aeb3,10,selection_seed_mean,173.65625905210266,211.82037697973507,138.89037641756943,174.6970829487718
d100_delay_median_cap1,candidate_d100_delay_median_cap1_borough_1a44e56eabd5b34e,borough,16321182.866666665,1649.4274776133032,1a44e56eabd5b34e1455921d1a612e1cd1dcbe542281344e7c9d604c2c1a8e45,65d41eba266b94d331fdc7bae791aed9d14a69ec93bbfba20abd14b827fbeb32,10,selection_seed_mean,124.28266887029046,172.37899543759187,99.40135043675971,142.16813365159845
d100_delay_median_cap1,candidate_d100_delay_median_cap1_borough_1a4b2e7096a62865,borough,24647257.533333335,2357.372050167545,1a4b2e7096a628659cab3a0638d4eaf967c7de31f40c439ea5579c8586e6c4bc,4362ec43f77e403ca6286a3cf0dde3ea711bb90325a330e7e90af38c2471f082,10,selection_seed_mean,187.68412630387084,246.36513662821764,150.1098727580337,203.18758432453745
d100_delay_median_cap1,candidate_d100_delay_median_cap1_borough_1bea56e190e15a6f,borough,21132748.06666667,914.0789609731755,1bea56e190e15a6f48a72a87fe0923724a61702ea1ec7e19bb43876390711c6d,6e0b906fe75c4d3b1b3ab8db975b12c3a6e7899655d228949fe93951e8ab097a,10,selection_seed_mean,160.92181257602752,95.528912414623,128.70535876150672,78.78667092401575
d100_delay_median_cap1,candidate_d100_delay_median_cap1_borough_1e44f30111f8438b,borough,21761077.666666664,2106.7090796003677,1e44f30111f8438bd2d093dc84aa0b035f4305896bb2dcdbcf2288cf6b798e0c,0f967a7a0f4e20eaf16ca55f44b593d7d1142ad0b957800ff402cf8369e1a4e5,10,selection_seed_mean,165.70642164855306,220.16875537094924,132.532091864715,181.58233814986704
d100_delay_median_cap1,candidate_d100_delay_median_cap1_borough_1e73a2fbab6038f9,borough,21121223.666666668,2512.992439006529,1e73a2fbab6038f90f36dfde5e2c4de40269b7a5642a071df25fc6f9f5a1215c,41cf19113e80a0d427d825deb1c97cf7f57571e21b5edfbe1c9fb1edc401d6fe,10,selection_seed_mean,160.83405648623736,262.62877153291066,128.63517139014203,216.60088108335455
d100_delay_median_cap1,candidate_d100_delay_median_cap1_borough_2075f63bff6f1468,borough,22590635.733333334,1483.9014585324367,2075f63bff6f1468b70478047ccbc7108a6c4bc5733b3a5be17a4ea49b1f4bf5,c3d1ba5e469eafb11285d1c2055687e2bd4832011e29a5f112ff7003ed4b6800,10,selection_seed_mean,172.02334679732866,155.08013915248222,137.58437225186657,127.90104672422599
d100_delay_median_cap1,candidate_d100_delay_median_cap1_borough_21cd610102c97e92,borough,15172839.8,1137.4941443776236,21cd610102c97e92af35331ba3eaceb821c094f2757594fe664645eda1c2011d,de64f8fcedefdb702988a0f746d1833d783f381e8a330d8f77cd5a7720cd85d2,10,selection_seed_mean,115.53825725074374,118.87767154678593,92.40756496643803,98.0433645859886
d100_delay_median_cap1,candidate_d100_delay_median_cap1_borough_22b314762d6dbc6d,borough,16141950.0,1619.1939163214042,22b314762d6dbc6dca5aefdf323cb112885bdd3527dc5f98476be9f8a1e2240c,5ac5a617529e85792576503dbf926a0d84c7d036545282fed32a73f26167722f,10,selection_seed_mean,122.91784505815733,169.21933489189783,98.30976356252008,139.56223006332428
d100_delay_median_cap1,candidate_d100_delay_median_cap1_borough_22f4b38793ac8dfa,borough,16907416.0,1184.6896371663818,22f4b38793ac8dfa14485c88b5be21f8faa2c3f12b0c7afc4caae56c1a47282b,5e2d26c81c5d70802d49659931f720e8515cef339dbeee2e419c385b2c1dddab,10,selection_seed_mean,128.7467214445473,123.80999609365246,102.97170226727062,102.1112579717918
d100_delay_median_cap1,candidate_d100_delay_median_cap1_borough_24d9a7b09ebae0ab,borough,13834696.8,512.6347631321622,24d9a7b09ebae0ab4c22d750faa3d58bed65e56c2bda0ee7ff5931b25382d074,9a419f8da4e940dce4122db9a9a98dc123ef206ed12c7429d1ed4b5693eb0d02,10,selection_seed_mean,105.3485556385062,53.5746291937469,84.25783572413205,44.185227000635095
d100_delay_median_cap1,candidate_d100_delay_median_cap1_borough_2545ec0ed4cbcec9,borough,30887375.133333333,4119.215486833011,2545ec0ed4cbcec961abaaed2b4a4f37998010392ce95ba14fd4362b214b9425,1c827ba98b9955c3f15a5c50bf9c552c2ebce9d34337ef5091d5ee8e23e19b0a,10,selection_seed_mean,235.2014218165865,430.49254195686166,188.11423318898042,355.0451206979981
d100_delay_median_cap1,candidate_d100_delay_median_cap1_borough_29b58759899c7e4e,borough,20426704.133333333,1497.9767249093009,29b58759899c7e4e079daee1fc33af42b06c2f624ebeeb09739801e8af4cf3f0,46a27799cef5795339d8d8b1cb7bb8952dd98be2d1844eef3c4047ff1d1f833a,10,selection_seed_mean,155.54542380009158,156.55112245516807,124.40531990927684,129.11422789078654
d100_delay_median_cap1,candidate_d100_delay_median_cap1_borough_29ef740fc61347ee,borough,18569559.93333333,2000.491027118792,29ef740fc61347ee9e64922b47aa05b1254048fb2a61e9de921ac58132f5b025,6d70fbae4dd4d05fc7d3bc313acea5506d5c787344ad2e1a5c805f2dfe7b9fc7,10,selection_seed_mean,141.40362785683467,209.0680786618372,113.09470333547345,172.42714794819548
d100_delay_median_cap1,candidate_d100_delay_median_cap1_borough_2aad9a8cc0f3e5f2,borough,29628118.0,3340.784637565338,2aad9a8cc0f3e5f2e2013412d0a6f0919359286333d676708444dc650cf1a47a,dafa12ab3aa36ea0430a71aa890bc0a4d92c25666ec1a6553686ba99a6a4459c,10,selection_seed_mean,225.6124209087999,349.1399940967055,180.4449447174874,287.9502877821861
d100_delay_median_cap1,candidate_d100_delay_median_cap1_borough_2bcbc460846c9abf,borough,21530611.8,1413.1415355957427,2bcbc460846c9abfc46da15ca52bd19692d2477cc22d6e6b7580dd294b7bb8ea,aeeaf7cf33e09df7702f28f70531ce24dbd3e7e2e33a2af1fcc96d6598bfb0d2,10,selection_seed_mean,163.9514683938269,147.68513415916277,131.12847923667246,121.80207825317986
d100_delay_median_cap1,candidate_d100_delay_median_cap1_borough_2c6591a3c7537bcf,borough,30729005.73333333,3259.419309939697,2c6591a3c7537bcf6e461c321a2608bd316fcca06cf649851a8ab57f5f7ce866,71f7af680aa863110939b7fe42ff009a080d2516c43127f2fb69241ba6a42b0d,10,selection_seed_mean,233.99546929095274,340.63663542836713,187.14971166156033,280.9372138947386
d100_delay_median_cap1,candidate_d100_delay_median_cap1_borough_2c717325d32e658e,borough,23503412.133333333,2310.0939467479557,2c717325d32e658ecb091e6e1cb20f6f6b3582ca9f9eb790fbb9157c39e7d507,2701b009a093a8c0789748504de30f5b2a92143341c359f141844676f579acb2,10,selection_seed_mean,178.97396355106304,241.4241785780608,143.14347955113638,199.11257052915917
d100_delay_median_cap1,candidate_d100_delay_median_cap1_borough_2c7c778ae47edf10,borough,39410043.93333333,4737.545985732543,2c7c778ae47edf104a12150418d2efdcf903e8910e376c8f138f9b5b37d4af6c,e0bfa1ffdae6a0f44862d916bcec40ef44594e2f4d21bed25c24e49b69755b1a,10,selection_seed_mean,300.099905769293,495.11326138549424,240.02007818600157,408.3405181625827
d100_delay_median_cap1,candidate_d100_delay_median_cap1_borough_2c966948c14361c5,borough,24460988.466666665,2240.576709507616,2c966948c14361c5dbf01f2224a3b5802ab232fe01a93ec2fd4ab6a597c64c75,3890ef28ff23c1de092d53c0599c1cf9333547843cd485f41d07778c1f332ed8,10,selection_seed_mean,186.2657231818403,234.15904465509126,148.97543312075248,193.12071213634567
d100_delay_median_cap1,candidate_d100_delay_median_cap1_borough_2ddcd7ccafe408f6,borough,26093229.066666666,2115.718843541446,2ddcd7ccafe408f6872aeda470237e0c9e00d4c84a73138be3be5bd00157535a,7194b1101b2c2f063c8a91f78987c28799a9b9dd15fabeb12a82fb8eef91a70b,10,selection_seed_mean,198.69492146138109,221.11035121458113,158.916313092698,182.35891144061762
d100_delay_median_cap1,candidate_d100_delay_median_cap1_borough_2e9d9a5b0523abcb,borough,21170109.2,1645.0811966696892,2e9d9a5b0523abcba0216bad40d4514e13bc74c19e51d25ed595833439fca21c,35006b7bf0416b83d57527605a2a99898e089b8b17a67a723a7028127afaf714,10,selection_seed_mean,161.20631042159536,171.92477265234172,128.93290030292073,141.79351721136965
d100_delay_median_cap1,candidate_d100_delay_median_cap1_borough_2ef9ea23a24801bd,borough,26412594.266666666,2607.8846379608212,2ef9ea23a24801bd9ef517c67f27eecf2dfa93916c4d16de7c1073f56605c2f8,1bc25e3aa419860ecce445ad5ee5dc0797d24bdc7c1b46525fa7edcc92e61f4e,10,selection_seed_mean,201.1268260435764,272.54580162523945,160.8613517839402,224.77986864511672
d100_delay_median_cap1,candidate_d100_delay_median_cap1_borough_30ef66b1a1c06677,borough,13914716.466666665,1707.4402948535856,30ef66b1a1c06677f3195b432e9afba86ddc8dab357b84e13ff63d26700f4831,9b14f681f44f238e94d05eb49e8b770c9b3324d997d5bc72127fa64c369dec55,10,selection_seed_mean,105.95789001192071,178.44182105078866,84.74518170837506,147.1683983294104
d100_delay_median_cap1,candidate_d100_delay_median_cap1_borough_314254566f64b22f,borough,13776639.666666666,928.1633048644856,314254566f64b22fcd116a9fb1fc282c50373b8bf2e996d55576f483aece5104,2eefc42c4fe5a840abf718dc1b8d2a2658481d57150a3287e211397522984b63,10,selection_seed_mean,104.90646173290077,97.00084439364801,83.9042487627601,80.00063450344646
d100_delay_median_cap1,candidate_d100_delay_median_cap1_borough_318e1bcb1ccec694,borough,29448910.06666667,2473.9005635738768,318e1bcb1ccec69437baa67edd50da77955f08402eb5cbded4d86e42d667ca6b,9c4c057f4cca0c7928ba975bcaa27ef1dbd5f0a12039b5d550943cdf5ba82245,10,selection_seed_mean,224.24778695920526,258.5433429170356,179.35350969541582,213.23145802800283
d100_delay_median_cap1,candidate_d100_delay_median_cap1_borough_32632f5dbc9aa93a,borough,17524488.333333336,1498.7298102127343,32632f5dbc9aa93a4351f3181c9a7a1ec190c1da97ae584cfcbb402f51c4049c,5800a1789b3af13816c8f1eb5d51a4d009fe0166c85fe383b76179c6bf71a8ea,10,selection_seed_mean,133.44560859624474,156.62982618106483,106.72987492862646,129.17913812995903
d100_delay_median_cap1,candidate_d100_delay_median_cap1_borough_35c3d2c673a39a99,borough,14030007.8,1371.2152795228035,35c3d2c673a39a996a965a87c0b7fe69a41326690513be3a298836dc55098f79,67d2a3f0713d5fd4b1a09d33b7856039290d6a0e9953f85220fda87ecc7e4f6d,10,selection_seed_mean,106.83581134405316,143.30348901113229,85.44734369752803,118.18835309230548
d100_delay_median_cap1,candidate_d100_delay_median_cap1_borough_35f041eaebe6df4d,borough,43765595.6,3746.200266121284,35f041eaebe6df4dfd6650da930b0b602899da3d3138ac80146a6f7e7b289e83,57506db1a4cc132ae4f581e0e8534498afab205ef7381df57e23d58b6d1b761f,10,selection_seed_mean,333.26659411277893,391.50932511227495,266.54681470385356,322.8940389002338
d100_delay_median_cap1,candidate_d100_delay_median_cap1_borough_36afb8883f6b9c5c,borough,24294282.066666666,3250.3171689125506,36afb8883f6b9c5c867378f76e8b29bd123fe442378c7403c01f0b5bdd5fc1df,40f5a94bd0c908d85fa0394e3bfb5edc5e11c2b56b08658486732d556be76554,10,selection_seed_mean,184.99628600446064,339.6853854050189,147.96013653215203,280.15267840007374
d100_delay_median_cap1,candidate_d100_delay_median_cap1_borough_37169ac4241c6518,borough,22587133.999999996,4210.820037808242,37169ac4241c6518a6e8be9236a7862f602a340bb4bef8154d78379be83b98dd,485a3b346c3130c507dcc960b832033302bc0913bdcfece72ab0f125aa159e4f,10,selection_seed_mean,171.99668177139918,440.06598528125136,137.56304554870746,362.9407379487703
d100_delay_median_cap1,candidate_d100_delay_median_cap1_borough_3819ef1b76d3c71e,borough,13226039.466666667,1298.6427605454767,3819ef1b76d3c71e92375d4c1099471238cde11071259df7d74fd91a455bd59a,777ee96a61ac335cbd9954d5a9c247b4c5ed0ea5ade5fafbe03b71ff28a3b1fc,10,selection_seed_mean,100.71374709355483,135.7190525400066,80.55091316950922,111.9331525955058
d100_delay_median_cap1,candidate_d100_delay_median_cap1_borough_386addb7acae34a7,borough,18313187.2,1148.0314942077928,386addb7acae34a75967ab154a403340be50e8e1879e920311ae09a12d14d4b7,e931667df0187f0d909028e6c4200f2e08b09ba9c46787d2c1c2287b8415cd7b,10,selection_seed_mean,139.45139879448456,119.97891291868751,111.53330940240609,98.95160418992488
d100_delay_median_cap1,candidate_d100_delay_median_cap1_borough_38d348be8a9e0711,borough,35781635.266666666,3212.7273165912106,38d348be8a9e0711dc74a4a3c9de501b822551590f2fd54d335ce9413aa44f8a,7047946ed6738c0418f94bf0a6594b1114af495759a019e8ecfcdd841bd6858e,10,selection_seed_mean,272.47027153693523,335.7569307928913,217.92188074838108,276.9127183404191
d100_delay_median_cap1,candidate_d100_delay_median_cap1_borough_3a1ef84657f151b9,borough,38679119.13333333,3566.2819720008615,3a1ef84657f151b920e418617b51def49b7f2e4a0f07cd8f533fc1c23c1196d9,91c0d81d1e1160474af34256b19ca55161030b37b4ca14a9070ce5cabed66726,10,selection_seed_mean,294.5340539784274,372.7063554623449,235.568506704862,307.38644706485843
d100_delay_median_cap1,candidate_d100_delay_median_cap1_borough_3a64bdaa3e1c3693,borough,13211942.2,897.6506914608239,3a64bdaa3e1c36935f4a6c4b02404dd10587041cabfd8f6c7f197dca124665f5,5ac70951e2d19683f194af989b83a9c12cabe9dc205a17503eeb2c11a7a47d9c,10,selection_seed_mean,100.60639911887537,93.81202056350935,80.46505619727985,77.37067874042728
d100_delay_median_cap1,candidate_d100_delay_median_cap1_borough_3b4cc2a614f07b2c,borough,17109567.4,1095.895643846348,3b4cc2a614f07b2cb7830cee498f70cbcedf3ed79ce772b1aba5098cdce8394f,42ec2330554dc0c67825d69b3b2fefc2d33c376b6ab2ea2cb8b599f6aad0be7a,10,selection_seed_mean,130.2860654806451,114.53027959981334,104.20287051756453,94.45788946598277
d100_delay_median_cap1,candidate_d100_delay_median_cap1_borough_3b78d922b1e4b3ca,borough,29494941.73333333,2618.804892528876,3b78d922b1e4b3ca88015d6c97b02dc505df93a3211df1fc348a444afb56f0d5,c8e4de3c50274e314b0628ffdc566b350bf5c49362dde58ec7115f36d8c32407,10,selection_seed_mean,224.59830924871187,273.68705975141535,179.63385762527489,225.72111173219514
d100_delay_median_cap1,candidate_d100_delay_median_cap1_borough_3bd82c2e9544c044,borough,16878101.333333336,654.0374023090487,3bd82c2e9544c04441c5d0a3e05e35fb56351a6e44325f3e48c9ceeb58761526,9b15848dbd7ac35646d2322e309ef0a35d5c6d6041b8dda9085c50716653fca5,10,selection_seed_mean,128.5234958952633,68.35239009827967,102.79316634385901,56.37306161478679
d100_delay_median_cap1,candidate_d100_delay_median_cap1_borough_3bfec8afb6837c0a,borough,52299456.6,4719.2844723637045,3bfec8afb6837c0a2e83c64f5f468bfb458eb0e25956b5fb67dffd1ccb6105fe,31f8eb6367a64bcbca97005f22df4afed582891b57e5ef7f9039e23948eca00e,10,selection_seed_mean,398.2503045161597,493.20478018676613,318.52082386541156,406.766514268178
d100_delay_median_cap1,candidate_d100_delay_median_cap1_borough_3cfb84c124469c1d,borough,31458595.46666667,3152.550670638153,3cfb84c124469c1daa8c70acf268bdc3990f050fe5666d2ea10f837642a47df8,15b18073d96f839a5201d317e5266eda4df89171937ecb46179a8aac6d1817de,10,selection_seed_mean,239.551154805893,329.4679669439311,191.5931521493355,271.72594804546895
d100_delay_median_cap1,candidate_d100_delay_median_cap1_borough_3d0e55b06cdb92b4,borough,17750143.666666664,606.0690343595763,3d0e55b06cdb92b45cfce6d6b5204659f3d141408848e7957bda2c3535e001fc,d3b8cc5dc193300d29b0d34ffe6009fd4cab43623ec164abc160d24753bbeb7e,10,selection_seed_mean,135.16393056473137,63.33929361956963,108.10418983275025,52.238552254267674
d100_delay_median_cap1,candidate_d100_delay_median_cap1_borough_3dfc70536cd56215,borough,30403758.6,2807.3878249031395,3dfc70536cd56215943e72892d0842c0b07d2e126eb3b064b76d4ae0f5491e17,7e2e962fc95b9f7090692ff6d5a1ed5672ced6cd72aab72786effd6ddd9084f5,10,selection_seed_mean,231.51877491755448,293.39555671812593,185.16885006941146,241.97552964269883
d100_delay_median_cap1,candidate_d100_delay_median_cap1_borough_3ef2cf2702308b11,borough,21507891.466666665,1517.4352711659164,3ef2cf2702308b1136357895ddcb57f5c64c68c8ead21c2e7e9033422a700b57,25d64ee88b3a8a71c73f4ef7a47d72bfc4a89f9ae07d8cb61dce09f23bcaf25b,10,selection_seed_mean,163.77845742474716,158.58470362312875,130.99010496354796,130.7914069377121
d100_delay_median_cap1,candidate_d100_delay_median_cap1_borough_3fb6b74ad1f240e3,borough,28101899.46666667,2910.345815598447,3fb6b74ad1f240e3caed0de2a1bf8e436714c653fbbca4e458c3ac18ea69635c,d4fb913861f5ab2e38d83d208c0d08ab5af33be61167c3de1ce6c4777c4889af,10,selection_seed_mean,213.99056027825932,304.1555296476487,171.14977386410624,250.84972725389093
d100_delay_median_cap1,candidate_d100_delay_median_cap1_borough_416142a4fc77cd30,borough,21112974.866666667,1730.9458379342173,416142a4fc77cd304668596aa7131f54aef388fdea919e691879c073289f25fd,5003712b3a7f71b5c19c5190660097ca069094304af5ea723aaded8259e4d4e1,10,selection_seed_mean,160.77124346053006,180.89834730516955,128.58493349585575,149.19439779625333
d100_delay_median_cap1,candidate_d100_delay_median_cap1_borough_42077aaa005f623c,borough,20629654.8,634.2983016838913,42077aaa005f623c13003a9122e232cb3038b149ba67fc4bda38c8c0336288c8,13dd75da6f518e0213ea9c773ff3b96b30ed134d1b19602ff3e613842f16e64a,10,selection_seed_mean,157.09085409815245,66.28948864745038,125.64135595540859,54.67170090998008
d100_delay_median_cap1,candidate_d100_delay_median_cap1_borough_43009886613de7a1,borough,32532137.666666668,2842.3829293963245,43009886613de7a18877ba96f8665180e3559a95f4bbdb5572f83a3dff7a9c92,9ceb6bc4d6effee4cb6ea758184339e85ba00664fb532d65c9cb27572dac62dc,10,selection_seed_mean,247.7259722104193,297.05283843535403,198.13137583708001,244.99184212703904
d100_delay_median_cap1,candidate_d100_delay_median_cap1_borough_43c632d0c026ce9a,borough,17898922.8,1263.5444908567001,43c632d0c026ce9aae55b1e4310ed1a250cdafc665e41a1446d2094d57150a96,97c8ef195e4b98876d2de48c388c9abcf7b3544cdbc3156e621c7a724bda5325,10,selection_seed_mean,136.2968550539631,132.0509891952007,109.01030349442291,108.9079480540645
d100_delay_median_cap1,candidate_d100_delay_median_cap1_borough_45131c448034a56b,borough,13499892.666666666,1116.9606678403456,45131c448034a56b79eef9fd9d69c330f49413cf264e9032187fef86c3d53e83,91bb1061f0d453505913fe5e613b447de69a08bb2dc376642e554346fea8d57c,10,selection_seed_mean,102.79908654797515,116.73175115539111,82.21876887113382,96.27353470483024
d100_delay_median_cap1,candidate_d100_delay_median_cap1_borough_46aab86b6ccbad59,borough,29457558.06666667,4031.6081257668084,46aab86b6ccbad59cf2563bf21bc52663a1f5eb9d4819c3dee87fe32a89dbad2,d75dba4dfc50f995cef8ae79ca4ddccef130957e7e57a628a24ca75e9c939a68,10,selection_seed_mean,224.31363981614405,421.33683847883896,179.40617884847907,347.4940308889779
d100_delay_median_cap1,candidate_d100_delay_median_cap1_borough_46dea6aff8564ef2,borough,13893118.866666665,1127.2093532065992,46dea6aff8564ef2a06123a5f97ae219669f72a526b56d3a9b2f5e2592858e2b,a4bb491e8c9c6d9ac42190336f70852652ab9891df922b46763ae02380e7663b,10,selection_seed_mean,105.79342844126612,117.80282467148595,84.61364524905521,97.15689362219895
d100_delay_median_cap1,candidate_d100_delay_median_cap1_borough_492db9c772a1fd98,borough,20644912.53333333,1172.1088549856581,492db9c772a1fd98b60ddc2fbe165c4cfa467398b539d7149dabed631e0e77bf,194254f2fd9e9426bb5672f7cf0af3b4d2d15b79a4b6ceb3701613e209257f72,10,selection_seed_mean,157.20703880333397,122.49519891489422,125.73428054980391,101.02689000364151
d100_delay_median_cap1,candidate_d100_delay_median_cap1_borough_496a86a9fe33113e,borough,17995122.8,517.4060113799053,496a86a9fe33113e821209cbab15b44e4d83eaf375dd9a55e73508f1bd41d548,4c3d8dff6f3085c14ae0e27d1f47a9d1fde8c3852f9ba7fdfa4593a0cd8af0c2,10,selection_seed_mean,137.02939955413777,54.073264623974744,109.59619300930272,44.59647239806937
d100_delay_median_cap1,candidate_d100_delay_median_cap1_borough_497b1cf1923682ed,borough,14676279.466666665,1103.9425614967167,497b1cf1923682ed66a9ffec749c1d427d5917d391280d878b5c512a63a44b08,42f658217b8a246ee9e2c00540e8fcf8f6367f08808738b6659accaffc2a16ce,10,selection_seed_mean,111.75704580388052,115.37124993634897,89.38334986451254,95.15147271200485
d100_delay_median_cap1,candidate_d100_delay_median_cap1_borough_4a0c624cd5706432,borough,21948622.6,1613.6838445377987,4a0c624cd5706432ebb78e264956c8d67af5b6ff18ac5280d48e2802be0b38dc,9d8d43bc0e4d348754ed31ffc233f9f454bcf99f610c05349a567522f1e9194e,10,selection_seed_mean,167.13454024989363,168.6434862100138,133.6743019479669,139.08730368287195
d100_delay_median_cap1,candidate_d100_delay_median_cap1_borough_4ac99a877c3aee5c,borough,13728216.133333335,1604.0347609337985,4ac99a877c3aee5cfb597522e277782bbae9740ce8b5c49160d3dec685bb59e2,f1e05a6932178d3ca30deaa7fb5c3a65360d0e0de7af3ee4f7ad1fecd1502f81,10,selection_seed_mean,104.53772583869747,167.6350761034005,83.60933358133148,138.25562588797192
d100_delay_median_cap1,candidate_d100_delay_median_cap1_borough_4e5e6fc52a163c38,borough,15397519.26666667,738.2544515868199,4e5e6fc52a163c3822a9b997a29123192d81d2e6db093f8f3250e77638a70e01,b6e72bb8841d770b49bc9f00601572633003ca3157db1e5971e1c519dd6a7a2a,10,selection_seed_mean,117.24914818222867,77.1537775798479,93.77593652287041,63.63193227140406
d100_delay_median_cap1,candidate_d100_delay_median_cap1_borough_4f62a75373243c33,borough,30227816.133333333,2985.747287259237,4f62a75373243c33795a054ac49100d4d6dc000869e3db99ec035f0087e0be83,2e96639d3e97997ce673194e8f08162fb59cada56392a12928f71540cc4543b9,10,selection_seed_mean,230.1790068686581,312.03561538394933,184.09730280909866,257.34876200751927
d100_delay_median_cap1,candidate_d100_delay_median_cap1_borough_4f706ace201ad5aa,borough,34038886.733333334,2563.2340040541326,4f706ace201ad5aa596d6385b69e80b4c1b2aa1372aa9c165439a5cd3bf4fe21,297abcde684843fa071156af2e48381e40160c54c9c7a16ee316e67662a4d7e4,10,selection_seed_mean,259.19957659638607,267.87943616028195,207.3079712603125,220.93132278600444
d100_delay_median_cap1,candidate_d100_delay_median_cap1_borough_500e7870e139a8dc,borough,13288867.066666666,524.2820312814615,500e7870e139a8dc3cdd5916640134726229e7f6ad5becc32d2788919b9a7789,c088e7e14e7fcbbb27edc17239a52daaa7617d1af15dbd8a1b374b47c2e7df82,10,selection_seed_mean,101.19216718543814,54.79186633234099,80.93355383567412,45.18913314225073
d100_delay_median_cap1,candidate_d100_delay_median_cap1_borough_5141158f1c4a846f,borough,18874718.866666667,852.2340628695083,5141158f1c4a846f38bf4171c4e6ba49370a4570a47cd1e84762981baa07e0d1,9ee0554f54d2b5127ce4aa7b3a04647257b39f02291050fa115ac9aed676c045,10,selection_seed_mean,143.7273544503119,89.06560223412548,114.95322120877817,73.45610995143265
d100_delay_median_cap1,candidate_d100_delay_median_cap1_borough_53d8b579ea990074,borough,18422111.06666667,1037.9233300792755,53d8b579ea990074a9d7c97edebd9ccbeebb74236e2a618071f80b49456dbbfb,ca09dfbdf95d17d4a348a8dd511635813e93002145c9bd8192168be83a499314,10,selection_seed_mean,140.28083309245162,108.47168693903089,112.1966914335929,89.46111588024418
d100_delay_median_cap1,candidate_d100_delay_median_cap1_borough_53f7742aeb75aeb5,borough,23119526.2,1905.6436823318334,53f7742aeb75aeb54856a6144d38da0bfd49bba89a27e6d1fa6f111fc99ab0c9,9e4c9c8597a8776f5c9b36693d643aa9f1f02dd344249d2d45828d705b6120d8,10,selection_seed_mean,176.05074599225057,199.15573620592235,140.805488457063,164.25202647532956
d100_delay_median_cap1,candidate_d100_delay_median_cap1_borough_550205c24740e7ab,borough,18198946.53333333,825.4125580204051,550205c24740e7ab342b75397f2627ca880f11b3f89d4e33280bd09eef84fdd9,8c4532ea998680aa40ee7c453771292edf08cabf51c5891f2bce1bdb0fec33c7,10,selection_seed_mean,138.5814780869694,86.26253018351129,110.8375463174489,71.14429973978157
d100_delay_median_cap1,candidate_d100_delay_median_cap1_borough_564b8551279031ce,borough,16737005.6,2133.3706473061384,564b8551279031cebe3480bdfd5ec57ad198785fbcbc305c2b0c204e945bd2bc,c25b927d77f37be558e1839be5b5c7aa7ef3c53a89a991e3321eda2da6ae01d3,10,selection_seed_mean,127.44907901946863,222.95511264963497,101.93384710524903,183.880362993275
d100_delay_median_cap1,candidate_d100_delay_median_cap1_borough_5673cfa24bffd479,borough,16321811.466666665,894.6114257735268,5673cfa24bffd4792ac1a079eb68eef36714df21cf05e6de83bbd5e505f36a18,14aa18772f8c9662c37e332aa25f3467535a585edd6ce45e004377468494e89c,10,selection_seed_mean,124.287455538407,93.49439182677804,99.40517881668751,77.1087170984037
d100_delay_median_cap1,candidate_d100_delay_median_cap1_borough_56ee39e60d7a789b,borough,14829426.933333334,1519.6299057315814,56ee39e60d7a789be14a9dba2ce8df478dfbae2fa37e6ee3e6e8bcc6728ec640,cd7e7c3c19317bf3de69ef0c7b88cf99da53fe4a060777763bf3604c6d709f48,10,selection_seed_mean,112.92323431138938,158.8140613287063,90.31606810724028,130.9805677856321
d100_delay_median_cap1,candidate_d100_delay_median_cap1_borough_588ca994ef027d99,borough,21976670.2,1368.2682352601084,588ca994ef027d995dbae8ed5eb7177f844f85dbdd1c7816b0595a2ead7b1d58,6918f1c20189a741da41f65cf202d7535de4ddc47653320b43e73d0861369684,10,selection_seed_mean,167.3481173301753,142.99549818618945,133.84512102029063,117.93434023735882
d100_delay_median_cap1,candidate_d100_delay_median_cap1_borough_58ac4e26cce65c9b,borough,21284198.466666665,1298.7399189436287,58ac4e26cce65c9b5dc7b80b7c015c0bd8c398a873552b20dfc02dbc5e3d47b8,932fa22ccfe780c2b633779d8d4732d883ce239ae8063162aa01e3d723e30bb9,10,selection_seed_mean,162.07507824722558,135.72920640690836,129.62774131227962,111.94152691224379
d100_delay_median_cap1,candidate_d100_delay_median_cap1_borough_59cff5e79c0d8868,borough,13741907.4,1135.1110748199235,59cff5e79c0d8868a86e002037bf0843fdbdfbedc42f211d6e523e055d506f8f,e5f25198a3a812818adf2451ba3724578f17f71698420daaabf1b175ade4ee89,10,selection_seed_mean,104.64198220145309,118.62862080524702,83.69271788055624,97.83796207149284
d100_delay_median_cap1,candidate_d100_delay_median_cap1_borough_59d75460e699b5c1,borough,27406709.666666664,2459.7062138112547,59d75460e699b5c13d35017649e4638ad49bcff67ae8e8ba8c5bfc2956666ab3,ce70cc08e793ff4bbb1fc87b2980a3f0248d6dc6d18ac0276aa03d071ea2420e,10,selection_seed_mean,208.69682364034307,257.05991440248755,166.9158402396633,212.00801277712708
d100_delay_median_cap1,candidate_d100_delay_median_cap1_borough_5c10df3b537e9593,borough,27343206.4,2548.8198160872207,5c10df3b537e959336f20722970511049c3427552684144aa8b936901ab1d7dc,3290511c9027d67a1621b1a4acc6c6277778ba19f2b189bff9f68ae64624248b,10,selection_seed_mean,208.2132584767278,266.37303271089826,166.5290845421517,219.68892914992628
d100_delay_median_cap1,candidate_d100_delay_median_cap1_borough_5c153478d4ea89be,borough,28763891.333333332,2607.3628505820875,5c153478d4ea89be79d35f23a5fdbad32014537c08ecbbd9828b6df992cd16eb,a8f3b1751b9f44e3839adc9290ae2687b78f737e6752ab4ef326e28c5d285d93,10,selection_seed_mean,219.0315010379998,272.49127047100626,175.18152119898897,224.73489453209606
d100_delay_median_cap1,candidate_d100_delay_median_cap1_borough_5c3a926d9c9e46ec,borough,23047368.4,2499.675276720995,5c3a926d9c9e46ec1162a80960bdb858a26fde3ce26aab1efb332d782c41e9f2,cd4c263c6c668c3afe2aa7d3160c8a90ff7a306750f72a689e135ec5f85449f6,10,selection_seed_mean,175.50127822161954,261.23701646151983,140.36602381634788,215.45304273740354
d100_delay_median_cap1,candidate_d100_delay_median_cap1_borough_5c4bad28e7b7513c,borough,20244280.333333332,1015.1214568877489,5c4bad28e7b7513c020c32bbcf4b780c7ed9214baa85e517a5154cd22cd5e06d,a2d40401a38636c3d990ddad15c83f9a30417f96e08dc5c1d0c43847e2d1a923,10,selection_seed_mean,154.15630164426034,106.08870008559362,123.29429920569542,87.49576741879473
d100_delay_median_cap1,candidate_d100_delay_median_cap1_borough_5d7d75cd75d2f497,borough,23821915.333333336,3820.875685687429,5d7d75cd75d2f4974658e67ff34eea83f75a2b716a636d8e4c7c4586a738f70d,5fc660ee8cd1f739b94183e00605ee5eb8f988ebc869b558be59f83718ae45a2,10,selection_seed_mean,181.399304169026,399.31353231956547,145.08326837998953,329.33049347217457
d100_delay_median_cap1,candidate_d100_delay_median_cap1_borough_6095ca58507eb42e,borough,17194522.933333334,1424.8106790534614,6095ca58507eb42e055048f8869a0e455bad2ea55c1398eb89255f1f563b54e4,a49022a0163a49607ee9a767e7e6de4b1f642675a891226b8179ad0e4c2ef010,10,selection_seed_mean,130.93298552953016,148.90465745082597,104.72027754678518,122.80786988040384
d100_delay_median_cap1,candidate_d100_delay_median_cap1_borough_613cfa9fd23f0343,borough,14127693.666666666,929.7195564135176,613cfa9fd23f03433e354589565d444ad449af8ac3a880c888e6ecfc1148a518,d29dd998912451043d4ef9f722c4277382f824b3a0cf69741b659966662a99a1,10,selection_seed_mean,107.5796704331536,97.1634857236315,86.04228262717405,80.13477157902037
d100_delay_median_cap1,candidate_d100_delay_median_cap1_borough_615f29a5e0dfefb1,borough,33783894.13333333,2639.26029964505,615f29a5e0dfefb1a9ce8b01840533f36d7dba4dab0339fa1e2831f8152cdb17,16ae388c9b87faee19c3f6b6b77ca435d6abc93f88446784489e195949ea4281,10,selection_seed_mean,257.2578569839615,275.8248212339967,205.75498279137338,227.48421262160073
d100_delay_median_cap1,candidate_d100_delay_median_cap1_borough_61be42c70f64a7c3,borough,33236678.133333333,4111.045848077722,61be42c70f64a7c3602cf3e640bd3f03b0f0414681b62d878b76a0a4cebcc534,500fa9c5ff5551779303051866d7b8673c66beb157c606f6d28c446e5657937b,10,selection_seed_mean,253.090912376814,429.6387462363233,202.42225808477795,354.3409598238699
d100_delay_median_cap1,candidate_d100_delay_median_cap1_borough_63583b6f339582f3,borough,23175448.266666666,1729.5348845937824,63583b6f339582f32b3782a8f03c2a4c915c25ca63774c80c18c46c8370331a5,7363d3a8129a5f285e4ae986dad4d7a85dec6dd000c4ac1796e29596e7357a31,10,selection_seed_mean,176.47658177577517,180.75089085574422,141.14607216299243,149.07278432382026
d100_delay_median_cap1,candidate_d100_delay_median_cap1_borough_647116cc9a3dce07,borough,20083768.8,2027.9035930471223,647116cc9a3dce07d201de28909bdd63fc41f8656ea5dbaf88f2b212e920c75c,aca441ca4757003b60a7a220c10b46c9857790b1d124c2a7e41586ae1f3819ce,10,selection_seed_mean,152.9340371852381,211.93292154897634,122.31673138451782,174.78990314024023
d100_delay_median_cap1,candidate_d100_delay_median_cap1_borough_651a18d28169fbbf,borough,15772620.666666666,1078.2786051950338,651a18d28169fbbf370b9fab33a2f4976173ef1fcf6d89ed07344266f5904610,22d83f0eb8d5a6c397ae24865c87f39cc8896c446c28bbeaa5c5d23de3c395e1,10,selection_seed_mean,120.10547320902513,112.6891514104776,96.06042693115253,92.93943440232061
d100_delay_median_cap1,candidate_d100_delay_median_cap1_borough_65492b9d74c5785c,borough,14882771.2,629.6947752624149,65492b9d74c5785c3532c36b1210dc7ebf468eb9872f76269cf6b03a5b48b0b4,2f275da7b44d93b53bd42629ba6d72653b8da64c554ee7d2fb9cb7225386b204,10,selection_seed_mean,113.3294406436401,65.80838155376186,90.64095216668886,54.274911861392056
d100_delay_median_cap1,candidate_d100_delay_median_cap1_borough_659ec69fe6753091,borough,28174642.2,2506.3589961562475,659ec69fe6753091602274958b3c2726196bd36c10d303ceb2260c85aae2dc89,2ffe73cbbfbc1b251271fe0c2b880bff120eb3b1412efad8efdc898de210f527,10,selection_seed_mean,214.54448220373754,261.9355211594667,171.59280094044405,216.02912864045624
d100_delay_median_cap1,candidate_d100_delay_median_cap1_borough_6823ebda3083245f,borough,14333618.533333335,1224.4568613793103,6823ebda3083245f889b2acac6e70c37907bf764f38ff6280063885b801bba0b,e6ff3e1f8fb70eba747aa5664cf88e1179f2bea1fd3bee463e97734c907b2f0d,10,selection_seed_mean,109.14774869225832,127.96600431723634,87.29643252564628,105.53889096784049
d100_delay_median_cap1,candidate_d100_delay_median_cap1_borough_6891cde0fd5d630d,borough,13704624.266666666,1365.1614998809277,6891cde0fd5d630d8f6ee00f4e1b0d94b019a601b748acd3fe5d573c7be23775,c20a2801ad3996acce732bf37721c139cccb11219d2815dc5005744e171f03be,10,selection_seed_mean,104.35807831088538,142.67081830118565,83.46565138469485,117.66656321981658
d100_delay_median_cap1,candidate_d100_delay_median_cap1_borough_68a0a8172c504f17,borough,13599195.466666665,1575.3923781511373,68a0a8172c504f179bc937fe92f00a7374a827cef57b76f2d1694c3c87130e73,ac070262669eea034f0d1fef062f3ea4f659c5031bb6327f6dc7a83cc40aed38,10,selection_seed_mean,103.55525827346317,164.64170704775805,82.82355545448318,135.78686981423553
d100_delay_median_cap1,candidate_d100_delay_median_cap1_borough_68ecad2361d4bb34,borough,24135913.933333334,1947.8515364793354,68ecad2361d4bb341272fd8ee0e547c7ab2db0f59863a02a9ffdea5556c439f6,2d1d7c853fadc0b722fae28d1523f0897742a53dab436757c1eac780201f1e9c,10,selection_seed_mean,183.79034312425003,203.56681071284805,146.99562271914698,167.89002325362503
d100_delay_median_cap1,candidate_d100_delay_median_cap1_borough_6ad01e394e345be8,borough,21550191.333333332,1187.4562831880885,6ad01e394e345be8ea7bf799b2a5cbf6d15765a422bc2b316af325f5071e6a95,a48412558a2053c50c79722b9199b48119d4f573b0cb8c195c4f57ff13bdfbd6,10,selection_seed_mean,164.10056277490088,124.0991337904752,131.24772500887866,102.34972186712463
d100_delay_median_cap1,candidate_d100_delay_median_cap1_borough_6af65a65ecbd6c4d,borough,40462715.8,3603.7037138452893,6af65a65ecbd6c4d278bce9cd05cb0d08e8cbea61cf501946d17f3283fa0b80d,8a38f49ebfd2e66c267785c78afa5e5221e0be49be287f87c06e0018b664f09d,10,selection_seed_mean,308.11579959897375,376.61724112068345,246.43119470667705,310.6119172769301
d100_delay_median_cap1,candidate_d100_delay_median_cap1_borough_6df00ebdb3545859,borough,13685977.6,1123.1312280631585,6df00ebdb3545859ec11cc271991de85a7b0e9d4b0d406434a4fd7ffd74508e0,7c10133916c6b624b5e5c0e1eb5988e46e257d8f84957e1a6f0cdeb81d3b5377,10,selection_seed_mean,104.21608753008229,117.37662641479612,83.35208707609341,96.80539017733119
d100_delay_median_cap1,candidate_d100_delay_median_cap1_borough_6df91eddf043e21f,borough,25203859.066666666,2710.3242965656846,6df91eddf043e21f72c8763d8daba0f9143cacda1ac16284348d8d7a46955ac4,e7bef2014ee6297a94b49f3ab469e407ded11b0475da650e0a579e859fc23a07,10,selection_seed_mean,191.92253994245843,283.25160450711434,153.49975843730638,233.6093899629219
d100_delay_median_cap1,candidate_d100_delay_median_cap1_borough_6e1b90d87d312296,borough,32489817.73333333,2972.8836450977824,6e1b90d87d312296aa3d74c4ada42057bb8bdea4b424e4b2b837b594514263ff,c2f44ac6fbe4451890ef7d58c86301ac724162a2a484b970e89c83fa60ce44de,10,selection_seed_mean,247.40371405645777,310.6912569665251,197.87363357917548,256.24001365521076
d100_delay_median_cap1,candidate_d100_delay_median_cap1_borough_6ee3b78e176f4c0c,borough,41497171.13333334,4053.909289787648,6ee3b78e176f4c0cbc1bdb10e1480a48d1d659615b312486b1817b2865e7dee7,10218b03a25f7cc6d2a836e3285db12c3c1871572279145d609e73525b1d8527,10,selection_seed_mean,315.9929780304676,423.66749702744266,252.73136657166165,349.41622201901083
d100_delay_median_cap1,candidate_d100_delay_median_cap1_borough_6f88d7b3dd622885,borough,20004650.333333336,1938.6876194887893,6f88d7b3dd622885e09173bd7f519b86897898721f8188b4ef5e789709274249,8d4374b059ad1f5cf6d3c4ffbc320066eef802e25336d4f9925b23989a451c65,10,selection_seed_mean,152.33156527651755,202.6091045835737,121.8348740035057,167.1001631396361
d100_delay_median_cap1,candidate_d100_delay_median_cap1_borough_702677a018126d43,borough,23759532.6,2222.8260298890514,702677a018126d43c70f407284cf32d9aa491b2194cadc1acb6daa0173d4a228,a246e6579adb80e5a70c902fc13be3ffb51baaa828f336cc377a0aaae1dbf605,10,selection_seed_mean,180.92427165125886,232.3039498646187,144.7033370975618,191.59073823529826
d100_delay_median_cap1,candidate_d100_delay_median_cap1_borough_7168e0639d8782d6,borough,39478871.266666666,4095.610428555832,7168e0639d8782d662cdcaa55c28824142e84233f3c88e2346c517a1e6caf314,fcfe0da82e1ee61ca5bd6db22fe1fd12deedf20c353746af3dce07b7f744eeb5,10,selection_seed_mean,300.6240126767257,428.0256155303942,240.43925919366418,353.01054377627753
d100_delay_median_cap1,candidate_d100_delay_median_cap1_borough_733f5a435ba9fc26,borough,14049927.0,654.3954000495471,733f5a435ba9fc263edfbc44b76bfd8cdd9ca281e0a0948612a1035ece1b9b3f,6a9fb9e5a1d739e13a90df10c0e6c8eae125ac6f76a00bae8a0cc6c982291122,10,selection_seed_mean,106.98749222147394,68.38980386257886,85.56865815100822,56.40391830373427
d100_delay_median_cap1,candidate_d100_delay_median_cap1_borough_73d2ce7e67128a3d,borough,17652037.8,1665.0732697249846,73d2ce7e67128a3d9f9c8a6611e45613422418e19eabfdbb8eac8f3fe99a0751,7e9ce278c225a6138eddf616d16d2365269644d732ce84228b10c6106547bf38,10,selection_seed_mean,134.4168732563994,174.01411184230923,107.50669296551328,143.51668222024318
d100_delay_median_cap1,candidate_d100_delay_median_cap1_borough_75e3af7f51badaee,borough,21198011.2,946.7557349621741,75e3af7f51badaeeeb5e70a8d01a167dac1573a798b90f5fa17ca95aa420f798,38377c7ac630c0b513b3f2830bab2ce9b030229b3e50c17555968a735f56174c,10,selection_seed_mean,161.41877878587678,98.94390916398923,129.10283262354625,81.60316090906991
d100_delay_median_cap1,candidate_d100_delay_median_cap1_borough_7657cfc797698cd8,borough,21025106.2,1896.5001185071444,7657cfc797698cd844dba0deac4419df3737fa71cd369ca4518fddb8d29f7b5b,1f745d0fc235f443fd786defadb75fb5dc6a04df8275871c4a1607f610cb656b,10,selection_seed_mean,160.10214046152436,198.20015715306212,128.04978453029995,163.46392064980927
d100_delay_median_cap1,candidate_d100_delay_median_cap1_borough_766780014e9e11fb,borough,28821135.4,4011.990657799795,766780014e9e11fbd982931a90360d03e9b2c720fa2f824153cf807906fa6c94,2507bd9cdd948a8293bbf60090358802d862110d172f734444bf7ef77543ec0c,10,selection_seed_mean,219.46740359729608,419.28664866020193,175.53015631800233,345.8031539964236
d100_delay_median_cap1,candidate_d100_delay_median_cap1_borough_78aa550e0285679d,borough,28496506.6,3828.891924983356,78aa550e0285679d186ea942f1a4957eaccaf0b38d73b5e1de382cfe4aab1449,b673b4e85d58e0b7446697be589ce9701115d67581748571d225bf0fff91977b,10,selection_seed_mean,216.99541771332198,400.15129651094344,173.5530605784179,330.0214324768137
d100_delay_median_cap1,candidate_d100_delay_median_cap1_borough_7a4d79aece23cbda,borough,41087869.13333333,4217.955046256782,7a4d79aece23cbdaf40d96e4ebc3e6e5344ce2f9e2e2a4094624281d35f2826a,91bf120159a501c38f4f9064ebb050ad590b5662cecc19d73225b41f56b0e1a8,10,selection_seed_mean,312.8762220116474,440.811653463388,250.23858330534833,363.55572154064373
d100_delay_median_cap1,candidate_d100_delay_median_cap1_borough_7a9a1f9854b6bdd6,borough,33735836.4,2907.9504259759133,7a9a1f9854b6bdd66b76bc7bc2660eae056ed6cedf45f94bfe2b172a027e1ea1,b80dfa9b880fdfc1a42386b18b1ab54f06f4f816f0f56f92085a4bbd7c99e246,10,selection_seed_mean,256.8919065864127,303.9051913560789,205.4622954517799,250.6432628432842
d100_delay_median_cap1,candidate_d100_delay_median_cap1_borough_7b1286ecb71ff34b,borough,17913203.733333334,973.4682382405612,7b1286ecb71ff34b5449c5267511110d6a597864cd7c11d4be5f166a797348de,5e580851257d6e0093dce875adc6f6f83813f42570f8a962caa9ef34d2f5a3cd,10,selection_seed_mean,136.40560161498905,101.73558963690984,109.09727905682102,83.90557601236725
d100_delay_median_cap1,candidate_d100_delay_median_cap1_borough_7b8af00b665c48b8,borough,44840582.46666667,4863.665499502472,7b8af00b665c48b80227d859dfa2693f935cc7f41d29cd6fa7cabb53b9d4be47,6abc9afa8254ada48d698648287f7e1f24ed12073fe8602a08fa307b70703061,10,selection_seed_mean,341.4524123761541,508.29380759550145,273.09383688486736,419.21106332632786
d100_delay_median_cap1,candidate_d100_delay_median_cap1_borough_7cf08dc25ec0548f,borough,13297845.6,1819.0208123246116,7cf08dc25ec0548f293554c4e17b624c4f819bb062a29ef35908f43a2f4cc235,bb8d994e31fcde0333adf7b4253302d19ba6d6ad026577eee31ce0c0f7877ec1,10,selection_seed_mean,101.26053699014675,190.1029202946873,80.98823604501922,156.7857923258346
d100_delay_median_cap1,candidate_d100_delay_median_cap1_borough_7d62237a31b14825,borough,41710085.266666666,4564.858775334589,7d62237a31b14825ffff1eb46a8e3abfbe5237d4ba7c13cb6baf8a9b6dfeef39,7f39c83bef2f06f44d6014ffe1ca3af9453dbb5274c39a5bb60c1a5c9bb8ee19,10,selection_seed_mean,317.61427821116183,477.06600058904337,254.02808339380013,393.45619087872876
d100_delay_median_cap1,candidate_d100_delay_median_cap1_borough_7ec9bb387447c1d4,borough,13838620.266666666,1090.7959761696734,7ec9bb387447c1d499a4c9d1284c7ec19dc06f1891d2f9b0cc7179b8941eca37,94337ca3892669effb6d0285a2f47857f0f6863ab0130e5a61fc28b5760ab328,10,selection_seed_mean,105.37843208266715,113.99732158674401,84.2817309214499,94.01833680563465
d100_delay_median_cap1,candidate_d100_delay_median_cap1_borough_7f33ea330d285e48,borough,22606541.4,1662.6832262735038,7f33ea330d285e482e4fde2400c34e78c74d6576381f367f87c032c5abdc86b7,e12d3d5d35953d6ab98a7816956f73ece51745d9a6dee017776da5d1e7cf6884,10,selection_seed_mean,172.14446539024215,173.76433227042128,137.68124297252325,143.31067860901746
d100_delay_median_cap1,candidate_d100_delay_median_cap1_borough_7fe5277e5ddc5b67,borough,21710627.133333333,1830.059804623203,7fe5277e5ddc5b67f20898bd4889ea06277f56079dd17ea93658dc8c3497fe67,677ee5ce1f7be6c38f2b0e9f9243a02eb13154e539d07859cf21a1e3da87a431,10,selection_seed_mean,165.32225053915377,191.25658750885785,132.2248315892462,157.73726970437082
d100_delay_median_cap1,candidate_d100_delay_median_cap1_borough_80da11cc15eb8418,borough,32999631.4,3708.534947596504,80da11cc15eb84180e4a1702c975504f35c6e1275297eea438eca51efb2da39f,cd22edbeb668c42535aab2c4a1ae37ede5ed7687712e50821de1a5e6f1c1e2fd,10,selection_seed_mean,251.28584708796046,387.57298364939754,200.9785658228599,319.64757422643726
d100_delay_median_cap1,candidate_d100_delay_median_cap1_borough_81315c82b720bf31,borough,38286044.99999999,3619.3150040931055,81315c82b720bf31437dbf132f9c07f872d96ba3e5bd2975b2f15520ff25a3d8,47879ad7b7bf3c645e7494379e43332a361c9f1bb31042918b8bcacc51b07054,10,selection_seed_mean,291.54087004355966,378.24875179146306,233.17455646275715,311.95749204669016
d100_delay_median_cap1,candidate_d100_delay_median_cap1_borough_81334dbe35c2043e,borough,14172190.066666666,753.6097526080955,81334dbe35c2043ef90a9487335ec0f4b3f33fd2955eef1db5f50fa5f050d555,335b5f0bb257b84069f25989dd4e6f1cee40041722c93efaee81826c6658d42f,10,selection_seed_mean,107.91850196223442,78.75853523098111,86.31328028008362,64.95544271213713
d100_delay_median_cap1,candidate_d100_delay_median_cap1_borough_81d2c34e9851d737,borough,38409806.666666664,3949.724270188833,81d2c34e9851d737fdff5c2666b37a5b2a6b50f9d9306c549d3d16f0ddd197f8,f39977c73cd8510fe874f54deee03ab21082a99b15356266d7b4c6b44e1f4b15,10,selection_seed_mean,292.4832913351306,412.7792892936437,233.92830555677025,340.43626382633465
d100_delay_median_cap1,candidate_d100_delay_median_cap1_borough_823178c6bebb1b36,borough,18876660.6,1630.783896021344,823178c6bebb1b36a0fc3494f1df7432e0ae92a8185c7a68dadc309bf31e17ed,b517b93002d901c83718e63bb7a08cbee3298bc9ffc27e6b83fb7fe64e25f092,10,selection_seed_mean,143.74214037623852,170.43058490739324,114.96504700088519,140.56119837527734
d100_delay_median_cap1,candidate_d100_delay_median_cap1_borough_82a7ba9c994f9e00,borough,18411612.8,1717.1187148152742,82a7ba9c994f9e0070432e76febe6e8cbff3c2a4cfba465ec8f22e0e6aac1256,2bfffd012438bc70f6b5b280bc37eec61ec7af9442ddb39707c57b3bb050c96d,10,selection_seed_mean,140.20089081066328,179.45329705265152,112.13275355038692,148.00260469575554
d100_delay_median_cap1,candidate_d100_delay_median_cap1_borough_82bcbbfe345704db,borough,29976841.0,2683.2094818700416,82bcbbfe345704dbfd97114b9b5cfb61d9fa8ea6ef2775d211d73b71caef519c,8807ca0b029c0819fc2d02bf9f2ba4fa8596ef23b4fb54e3831995931d1b0ef3,10,selection_seed_mean,228.26787949231772,280.41787911927577,182.56878202827156,231.2722986679676
d100_delay_median_cap1,candidate_d100_delay_median_cap1_borough_82ecafd5e3af1f8c,borough,39582047.33333333,4265.287752019018,82ecafd5e3af1f8c52d69247179232beb81b629cf840c71d320fde86d52bd131,a13f2fabba67120394a59c7d712f86b253bf0d6628508f1bf7efcfb1e82fbde7,10,selection_seed_mean,301.40967858302844,445.75831791597943,241.06763523988602,367.6354416436666
d100_delay_median_cap1,candidate_d100_delay_median_cap1_borough_83e3158117f44930,borough,21125030.666666664,735.5713760974052,83e3158117f44930ad74f1cb9b9564add2184f60e767f35dab157a8c524c6635,39481939e1e6ecdd16bd126e78768a6209ed1cea9a5fc92eeaed9722b3f18d3c,10,selection_seed_mean,160.86304605912886,76.8733737040632,128.65835726730572,63.40067152186907
d100_delay_median_cap1,candidate_d100_delay_median_cap1_borough_84ccb3939db67922,borough,32269574.133333333,2770.8912735330355,84ccb3939db67922c12b646d51ab32f4cabf6b6a9092ea677e7924e7e784d413,7233abc281b9550662591c5cbc377612b609108d8269e6795378f4a67b201f05,10,selection_seed_mean,245.72660139659635,289.58136121847394,196.532277903922,238.82980382969416
d100_delay_median_cap1,candidate_d100_delay_median_cap1_borough_881600b34f29de1f,borough,25740905.133333333,2590.7087332462297,881600b34f29de1f6cf233ac1db1fc3591090aab884ea3c23ac4f6f6ea14aa51,c6a7e784a0c4a526c9a5c5a418e4e48a5f3e5e885aa0d351d434c6f4dc2bc7d6,10,selection_seed_mean,196.01204246301057,270.75077562948167,156.77054491825706,223.29943597972638
d100_delay_median_cap1,candidate_d100_delay_median_cap1_borough_888f39f67bca149c,borough,18129446.733333334,2060.1110086411472,888f39f67bca149ce672877ac51072f3726a6a38fdcf6be3ebc3d36390e54ec9,b171221048bb164405e9bc6219226f0b9bd61b9b2a63404aa27f9b75654a7f31,10,selection_seed_mean,138.0522504751894,215.29886641232525,110.41426976748795,177.56593799287253
d100_delay_median_cap1,candidate_d100_delay_median_cap1_borough_88f95bb762a94662,borough,36210215.53333333,2956.148558644688,88f95bb762a9466209c246de3104fc22a31c9c21693722b655428e9a08175cd4,7eacc10df8da99dd6a1fd107346eba20353eb4c784d478005f431c3c1773bcac,10,selection_seed_mean,275.733827849098,308.9423001736385,220.5320749742064,254.79757617928297
d100_delay_median_cap1,candidate_d100_delay_median_cap1_borough_89724d8182778df7,borough,13248118.666666668,830.7982140848464,89724d8182778df7d3de8e3cd65b791c793b39f188f250df55c4426f99b99982,401de5172cc0f0ce00b4d04ae4aab9a2e4c16143ea3ca43aba9018d97291dd25,10,selection_seed_mean,100.88187595559492,86.8253763800013,80.68538273060001,71.60850242923777
d100_delay_median_cap1,candidate_d100_delay_median_cap1_borough_8a3c070eabb581b3,borough,37629337.86666667,3473.336645087865,8a3c070eabb581b3e61f517be811bc15887cd61d5be910f18c0f0faf9b63e4d0,39aa71bc572dbbd03bc84aa1db701cb6b7c4ae158c3855b7bbf45112874fc312,10,selection_seed_mean,286.54017151186724,362.99278981527306,229.17499488513985,299.375265101297
d100_delay_median_cap1,candidate_d100_delay_median_cap1_borough_8cf4537797150429,borough,17040271.0,902.691510146358,8cf453779715042953222dbf15e78988e7f599adb8966dc165e2925bde6352ac,e7f7749fe7e89bc3600c8bc1d15a883425b5a700cce75e238dc953db592040a8,10,selection_seed_mean,129.75838672075008,94.33882836378486,103.78083274023693,77.8051590642518
d100_delay_median_cap1,candidate_d100_delay_median_cap1_borough_8df3235f863f8080,borough,15685934.333333332,1463.020389093706,8df3235f863f8080cbb2cce564893c05234aa92b99c60d1c587ca48663d42f3d,a7f5c1f61fc06694b9a3d21ad2bed696d1bd6a9fc867131d2d4ff020ae22e3aa,10,selection_seed_mean,119.44537345098313,152.89789238967256,95.53247876292617,126.10125697229991
d100_delay_median_cap1,candidate_d100_delay_median_cap1_borough_8fb8f508cd1ac22e,borough,37416861.8,3113.4056091736506,8fb8f508cd1ac22e8d1c8a101ee56e9518bca983677b40ecd382fb47e6606db0,74b647e5f51342eb55c153d828b1fc4142099372d1258ac08725b4a412cb4381,10,selection_seed_mean,284.9222071245968,325.37697994196986,227.8809460325109,268.3519407577171
d100_delay_median_cap1,candidate_d100_delay_median_cap1_borough_91bf08892445abca,borough,13741909.733333334,1428.1858292945676,91bf08892445abca38cae6183411ed669c2246d10e7bf56a6ce6e88b86a039b5,2e107e909ef36f830d0ec0356f47dd6aa9b98171bf0e529ee77f90aee121fc9d,10,selection_seed_mean,104.64199996933772,149.25738893851445,83.69273209132066,123.09878222246456
d100_delay_median_cap1,candidate_d100_delay_median_cap1_borough_93eed0f311f00e04,borough,13719238.0,1469.9113677119421,93eed0f311f00e041935e31ce827c73c17c0395ac2c1b41d2ae301486055ad2f,be1bdcbe255aa204c43f7bb0163244e9e719394e9e77d14d0a1a619433822101,10,selection_seed_mean,104.46935907991192,153.61805740930245,83.55465380811741,126.69520704436084
d100_delay_median_cap1,candidate_d100_delay_median_cap1_borough_949ac1190cb8c45a,borough,21993100.133333333,2167.1272162044047,949ac1190cb8c45a83ece84f6a69ffef4aa59196360533b3d2e8f4562ee37772,c2dcc6c051a820a58666a4863ec530d8bf41f9e50305f33687a33f06ee9bf575,10,selection_seed_mean,167.47322811293594,226.48295701689563,133.9451846966958,186.78992310663776
d100_delay_median_cap1,candidate_d100_delay_median_cap1_borough_949cceb0c5cb7a09,borough,15435600.0,1400.136093242419,949cceb0c5cb7a098665d6e0c61aa2803c997b51500b3d6f639d69a45df1935a,64fcd9f919c439c8c1d41c7637314ff665078e1d3983be31c20b733831c2c73c,10,selection_seed_mean,117.53912564341317,146.32595643324578,94.00786066402355,120.6811078002316
d100_delay_median_cap1,candidate_d100_delay_median_cap1_borough_9675388430939843,borough,18680739.466666665,655.3227775923095,9675388430939843c11a1d8449f75dae88a06f7227b59454642eaeb4c28d1c17,e68af7a3b4fe7bb411a66df8e403ad7f6ea9f05e0d171ee281d1ca4662ff0b30,10,selection_seed_mean,142.25023862269043,68.48672258824729,113.77182311561103,56.48385121150644
d100_delay_median_cap1,candidate_d100_delay_median_cap1_borough_96be95223d2846dc,borough,18896894.933333334,524.5122572271201,96be95223d2846dce2673ad7985dc8a5ef60292de6ce65483c2799169e910524,7e314f1f65ee649ba2325c4b2821eb8ab75122e5893d6ee4bc83f7fe79bd5641,10,selection_seed_mean,143.89622093339062,54.81592687321043,115.08828071960224,45.208976871942816
d100_delay_median_cap1,candidate_d100_delay_median_cap1_borough_96c35f63201cce20,borough,17823432.733333334,724.4004412735103,96c35f63201cce2034ccbcfefe6b3784c4ecdbb18043c62e0267746ec1537dc5,0471f3835e8950c610b266c2926fce89e385600c8a67cabdfd879f881376fa11,10,selection_seed_mean,135.72201271347987,75.7059173901741,108.55054425806554,62.437821698756615
d100_delay_median_cap1,candidate_d100_delay_median_cap1_borough_997d380ff4b7ede9,borough,13450285.066666666,1593.9894043956583,997d380ff4b7ede9979676817f155d80f3b15d39443f8e75a46197180b095a7d,47dd999af6bc8837d33a7147e9bc179ceb4c2a269d389d506cb1197495f01fa3,10,selection_seed_mean,102.42133421380817,166.58525215396403,81.91664233580792,137.38979237284292
d100_delay_median_cap1,candidate_d100_delay_median_cap1_borough_99b409f7c7b3e995,borough,19658283.933333334,883.5675718451942,99b409f7c7b3e99511433e368e28c9a78ab1896b9d7514c9ce62cd6636003c17,7c8a2c8dc7fbd725714bb31b51acd7362f3448926967859ec3e8826956015e52,10,selection_seed_mean,149.69405174881166,92.34021653155371,119.72538915873777,76.15682068427108
d100_delay_median_cap1,candidate_d100_delay_median_cap1_borough_9c0badb6b6222fb7,borough,15459232.733333334,546.8924329131348,9c0badb6b6222fb7d94a1d35ab221b54569b2896177a644f3dc8f79529a6be58,516861c702ec32e306cc0e150475e0d8aa2def0681838f535b634bd9a0ffa529,10,selection_seed_mean,117.71908436303302,57.1548428030301,94.151791752048,47.13797820801825
d100_delay_median_cap1,candidate_d100_delay_median_cap1_borough_9c89bbf69a5f0021,borough,16996375.6,712.1379318260656,9c89bbf69a5f0021857c1dbfe79ca9340852ed8a24ac82b3d2a168f545c5b2ab,f9bf7290b44975b1c5441287f534b8cb0117d13ce012b2cfe62221ba463bd7ef,10,selection_seed_mean,129.42413169109346,74.42438237952112,103.51349537421349,61.38088642534231
d100_delay_median_cap1,candidate_d100_delay_median_cap1_borough_9da82092c7ffaf17,borough,14834890.133333335,486.0449702532066,9da82092c7ffaf176bdd710df7453bf5eeabc9f993937b799e13f1fac3b18376,3ddf760e53e2891ee7500c6abd9312b54557d9d1d0a4c6d79fb33f498515ea3e,10,selection_seed_mean,112.96483552878394,50.79577298601579,90.34934078497096,41.89338860271195
d100_delay_median_cap1,candidate_d100_delay_median_cap1_borough_9e0ed38c59befc9a,borough,20058045.4,1105.5655722667836,9e0ed38c59befc9a1e74eba548e47e6ec0a976253d32585e43f5b9a8a211e67c,20fc77d4a50faee7607a8c51756ee597a230c142ca9b0a1270529792a10c6e13,10,selection_seed_mean,152.7381584409991,115.54086816444674,122.1600674515962,95.29136392590091
d100_delay_median_cap1,candidate_d100_delay_median_cap1_borough_9e62b6aa3bc9eee8,borough,22454823.733333334,2340.0220340618325,9e62b6aa3bc9eee8e9e39c78b6915f6392e96e6e6bc9897496491d4381cebb31,630e57e3094b5df7c6167d83d6e8622070cb1cc078d837d5227f862adabca12e,10,selection_seed_mean,170.98916453477435,244.55191453284166,136.75723268019445,201.69214457829082
d100_delay_median_cap1,candidate_d100_delay_median_cap1_borough_9ed3063a60d8fd8d,borough,18535609.733333334,1266.489762192732,9ed3063a60d8fd8df359d73e43fcac0d821fd9e26cd0cd3e0c4cc0513361613f,5a0cb9a66bf3c2c3f07f410712d3bbc9961485e78a1c32a338d23d13643e00a3,10,selection_seed_mean,141.1451036126577,132.35879473444817,112.88793549547273,109.16180809618476
d100_delay_median_cap1,candidate_d100_delay_median_cap1_borough_a3364bab632c0a5b,borough,15335649.6,1624.2750505455388,a3364bab632c0a5b91bde6c7cff84f180a228590258de41a9bcda814de15c801,aece9d78a05695c0fbda7c902a76a6b8f0dd272e5d997e7dddcbd23645fa0ec6,10,selection_seed_mean,116.77802256846245,169.7503560038459,93.39912998452203,140.00018528068478
d100_delay_median_cap1,candidate_d100_delay_median_cap1_borough_a3920e8c0d24ad0c,borough,15189177.133333335,1172.5158931755686,a3920e8c0d24ad0c2018040e13b30ad301888ba6d7f9c1a44402b209d104f5fc,41ee7a29940a466dbb47855a0ac582a6d235e52a75cb33448a3fe1a8aac85477,10,selection_seed_mean,115.66266290231188,122.53773781717021,92.50706467850766,101.06197360723728
d100_delay_median_cap1,candidate_d100_delay_median_cap1_borough_a3eb7553a6980b6d,borough,30691033.73333333,3535.358333606636,a3eb7553a6980b6de40867f283d46a205f224862b961e8124e4edd5b51f9335c,4113734addef70e639d6c6e1aa7f2df2105238ad395f0c531503431635aa8414,10,selection_seed_mean,233.70631981319147,369.4745760758481,186.91844974202792,304.7210640662767
d100_delay_median_cap1,candidate_d100_delay_median_cap1_borough_a654ff1e56e98b40,borough,14080500.2,1555.5212703707093,a654ff1e56e98b40b33e149ffbc5273150ebfdaff4fb8de5574b938acffe27b7,2eddce99214a541ae22658bdb749d8d7efe20cd9b124ace61347364ce922f902,10,selection_seed_mean,107.22030126006791,162.56500974283696,85.7548589547122,134.07413109423976
d100_delay_median_cap1,candidate_d100_delay_median_cap1_borough_a79f0caf06c24df9,borough,20414697.4,891.6150350015357,a79f0caf06c24df9821c75b59369363740413e0365119b3dfb1a656adfc32447,a764df57918386b5bf76633d003d1e959acc81a04be0d50f58e83ae6f48b42a3,10,selection_seed_mean,155.45399483472363,93.18124387803545,124.332194969901,76.85045094876901
d100_delay_median_cap1,candidate_d100_delay_median_cap1_borough_aa08feb461e6389c,borough,25962242.8,2690.9102526843844,aa08feb461e6389c6c2e0204ddcf2362d9c97142dd6c81ba999a6fc543d032dd,1b08ce7a43d473fa9d6a669215bcd7f42f839b1a3abdd92a43f0f63c70f99c18,10,selection_seed_mean,197.69748623014326,281.22267421035326,158.11856381792407,231.93604668308978
d100_delay_median_cap1,candidate_d100_delay_median_cap1_borough_ab142c579a04ec8c,borough,23579274.133333333,2015.5647279362433,ab142c579a04ec8cc768bffb37ebf804af5276175e46a173ce18c39d6ca3fd16,66359185f4b453d2d07d00ac6c97a41435ccfeb6000f3848e5e5a12063da5e0c,10,selection_seed_mean,179.55163809235464,210.64340673154953,143.60550398333817,173.7263865879813
d100_delay_median_cap1,candidate_d100_delay_median_cap1_borough_ab96b71d9b08cd0c,borough,25274070.333333336,3019.2259819611136,ab96b71d9b08cd0c582d38295ea5de47236f4ca5163d25b32c01bd365c4920c0,d08a4a11495b23fbab2e527988b4e2cd6867caedc397583dc6f5aa3e52c36a86,10,selection_seed_mean,192.45718523608596,315.5344195687941,153.9273680523421,260.2343714735047
d100_delay_median_cap1,candidate_d100_delay_median_cap1_borough_ad85f18182603e41,borough,38815914.266666666,4479.899941368456,ad85f18182603e411491ec831b74320ef4cd1276b0606da4467ecc2358f5c046,276f416bd1ff05bdfe439b114c6bd858a6cfbb8f8a617b2d4ffeb86a5c0ebfbe,10,selection_seed_mean,295.57572261225266,468.187090390565,236.4016338806061,386.1333840102155
d100_delay_median_cap1,candidate_d100_delay_median_cap1_borough_ade0d94808f77e2f,borough,14586536.666666666,836.8867559122871,ade0d94808f77e2f0fb7c5394c612f15eed82090c98aa3067573e72cefab5f28,cd9f37a6250588648fcadd9d7b69c04d1ea17f622c0b769e649eda5b8c3a7124,10,selection_seed_mean,111.07367163994833,87.46168002968504,88.83678681299531,72.13328853836666
d100_delay_median_cap1,candidate_d100_delay_median_cap1_borough_ae948b96ad0f9a03,borough,14541742.533333331,578.6037556095005,ae948b96ad0f9a034a319b24f10f4fc75cde564612de3e25125ee66fa241c866,efe57cae2170e086b97d5a12c67004a7acecb0f4656d11edc1ad9a0caacb54e0,10,selection_seed_mean,110.73257292879005,60.46894180076631,88.56397586654906,49.87125361694339
d100_delay_median_cap1,candidate_d100_delay_median_cap1_borough_ae9ecb22e3928308,borough,13494815.933333334,507.56969872851926,ae9ecb22e392830871009456605b98a727a85e9402bd29ecb274b30662293350,71e8834056f4b8eff001278d4ebeff6c65a9092d03648c9da17519446fd48f0e,10,selection_seed_mean,102.76042819992747,53.0452875127231,82.18784990200867,43.74865687987232
d100_delay_median_cap1,candidate_d100_delay_median_cap1_borough_b060ddb68d058674,borough,13483750.0,1602.0832139211157,b060ddb68d058674c82bcc87caf066ff1823857b02e3ae29c7bf4d8201679b8d,6496c2bb01c6865db5de072aab4e539255128082f865e76f7819da237a84f6ef,10,selection_seed_mean,102.67616324563816,167.43112308445222,82.12045474283653,138.08741734270873
d100_delay_median_cap1,candidate_d100_delay_median_cap1_borough_b277d6f3a8c39231,borough,42459186.4,4020.1449410721093,b277d6f3a8c39231f75b52374ee4bf85c2beb010d167ba24e9d08b40fc9cccf4,04cca2e4ce3a4f6136c1e99cfb175f4995cc5db4d5920ac063c6f054a2d777db,10,selection_seed_mean,323.3185392849452,420.1388396040736,258.5903546994612,346.5059913444281
d100_delay_median_cap1,candidate_d100_delay_median_cap1_borough_b30b5e73bc16d8c4,borough,14441252.6,799.1769166597327,b30b5e73bc16d8c4064f0dbba947ae893779b3f68c3b8b607ef5bb5b8c32aab9,95313f25c324cca290766a98091cc49f6f929b650ae3f0a48e3f2800ddce0cfc,10,selection_seed_mean,109.96736141126145,83.52068577762229,87.9519592522978,68.88298651563393
d100_delay_median_cap1,candidate_d100_delay_median_cap1_borough_b335bf6d3c805f92,borough,19021014.26666667,874.4721076460652,b335bf6d3c805f92dcd279d1949af32bb2ab29236c14bae9d60ae710e8fcf6b2,8a2e922ab6d74a37f952dd51c0fdd8351507c68591d7a6eadfc42b91814118db,10,selection_seed_mean,144.8413657878468,91.38966429269254,115.84420812078598,75.37286068152142
d100_delay_median_cap1,candidate_d100_delay_median_cap1_borough_b37f58285b9ab5c2,borough,17171142.266666666,1310.0895622557982,b37f58285b9ab5c235107ea71d1dd6ba34f63e91bffad29d01febe26b9831215,44f5851a37307e9dd8e524b5c24a29cfdf60779fdd4a405ab746e0bfadce78c2,10,selection_seed_mean,130.75494624910309,136.915339255597,104.57788162733715,112.91978005110703
d100_delay_median_cap1,candidate_d100_delay_median_cap1_borough_b4608fc87c7e3295,borough,18254472.266666666,1947.832772461837,b4608fc87c7e329572b71d4c3eb05cb79cbdf25e5d88d66515cc59f8478456d9,74e6d9622e2bee5f3bb19f01dc6edd739c5b94478124086f3c9600e20793fa38,10,selection_seed_mean,139.00429586837794,203.56484971575625,111.17571622354052,167.8884059376874
d100_delay_median_cap1,candidate_d100_delay_median_cap1_borough_b568c98ebb357b68,borough,31702803.0,3475.945649327789,b568c98ebb357b68a3b4f11f56abde6895e0a8cab94e78be424a1ea574265918,1c837801f163b32b9ea7eb844770bf26f68bbcf586b2829fb5856b311fbf37a2,10,selection_seed_mean,241.41074820968257,363.26545262468693,193.08045602911372,299.6001414711364
d100_delay_median_cap1,candidate_d100_delay_median_cap1_borough_b7c870434b553415,borough,17227757.866666667,1899.310230690559,b7c870434b553415badd852ed066da6afc82672baf1d23ae955e3dcb44925343,5a374279a9e9f2d650f0ea7c5177c5823feb02e8c56d86a2a228e5c5d40b1d69,10,selection_seed_mean,131.18606315559052,198.49383742807782,104.92268917846637,163.70613099848475
d100_delay_median_cap1,candidate_d100_delay_median_cap1_borough_b89dd048646cd626,borough,27296315.866666667,2654.096745757317,b89dd048646cd62681c98fe558c8fc13e85fd0c1307e3cdaaf3ee63837bc7224,e283d578539ded6b36a8b04ece0832ed5a1aba5c15593b58b0c9c907d3a718ab,10,selection_seed_mean,207.85619608271955,277.3753541985604,166.24350583293005,228.76300170595357
d100_delay_median_cap1,candidate_d100_delay_median_cap1_borough_b97e45832c059215,borough,19138541.933333334,1931.999775504608,b97e45832c059215e7ce3e7222964b533c65d3052ca08da147900923bc88d18e,fcd9cf719a08ba9ca06815fe7c109ee5fe95bac84054489bcf6fb2102c70e8a8,10,selection_seed_mean,145.7363163682525,201.91016883569546,116.55999011255614,166.52372173176047
d100_delay_median_cap1,candidate_d100_delay_median_cap1_borough_bac71e49e1c587fb,borough,24817630.26666667,2125.5240413937663,bac71e49e1c587fb971b99f2a3845fdc5a41ae5a7877324f8178bb57a6564c11,abdad06f4a4b9e6a19c6fb06598b5624395dd7d87948d07580887211e3b3cc09,10,selection_seed_mean,188.9814819045264,222.13507656855396,151.1474985177158,183.2040450992166
d100_delay_median_cap1,candidate_d100_delay_median_cap1_borough_bbdd20eb6e128b46,borough,22542694.866666667,3834.557564529743,bbdd20eb6e128b4647ec80732d94cdcf72a28671da9ce85f6893d2d0af616c01,86b8954c5ae1361d8152f9e56a513888b77dd25c9f63b9d91efef50005060daa,10,selection_seed_mean,171.65828631697235,400.74340332786807,137.2923966685583,330.509767618058
d100_delay_median_cap1,candidate_d100_delay_median_cap1_borough_bbf5da0c009061e1,borough,13554949.0,1153.2135781204631,bbf5da0c009061e14c8b48eec80530fa775e058f2306d54bb8997f3f36bf3f80,28420d83b040297610dac76fef6b297b45883d138ff56fde3eb406e6af8f8d40,10,selection_seed_mean,103.21832993865206,120.52048411915762,82.55407997745117,99.39826050448823
d100_delay_median_cap1,candidate_d100_delay_median_cap1_borough_bcf88637a8641b41,borough,44685013.666666664,4556.187256934112,bcf88637a8641b41667f59bb5215b1bbb1e80d50e0439c8a1512d08d785a783d,1bfe34395d1bde3c51cd00ae5fe0044e164e9aeae4ce35f108044c23b0bf5d97,10,selection_seed_mean,340.26778588094845,476.15975423927614,272.1463719289168,392.708771787163
d100_delay_median_cap1,candidate_d100_delay_median_cap1_borough_befce3974a2b7f35,borough,14361742.733333334,1131.0648595766465,befce3974a2b7f35a52a7f319763b97d2b4e10111e3807ba096b72c6da1445ae,bb319825ca8e4e7dd9ca6aecad4a02d6c913bcde449c054bafc368b70e62cb91,10,selection_seed_mean,109.36190906680939,118.20575740056456,87.46771811706398,97.489209017905
d100_delay_median_cap1,candidate_d100_delay_median_cap1_borough_c07d0e40a8e74846,borough,19653520.866666667,2205.3812868257455,c07d0e40a8e748465948263bae2b74d4e0237cec05b3a41251bc17eaf9f3a3d4,063d6fb6bed5572a5e146bac3a3e08524bfc81086def717664cf2af72aad7f62,10,selection_seed_mean,149.65778191211072,230.48082800825748,119.69638052236904,190.08713374404138
d100_delay_median_cap1,candidate_d100_delay_median_cap1_borough_c4421114a94515b7,borough,19358253.866666667,1532.174559561085,c4421114a94515b772b2827b8a50dcd5d3079611fff9d4f39ecb43231b40434f,5af7ccd24fdd31f372984bb08a846cf6870654fdf9a3bb61c8df1fcdff6e658b,10,selection_seed_mean,147.40938048868995,160.12508279196652,117.898107763637,132.06182176402865
d100_delay_median_cap1,candidate_d100_delay_median_cap1_borough_c4c886126799e111,borough,14669919.666666666,1013.6427559751697,c4c886126799e1110a7cdda522476656d64a1a91150517dafe82510ef3b26ed6,e3348e88ab7d4fd95561e6565b1aa38e41d3ae97a259c73cf46cc0258673a4ec,10,selection_seed_mean,111.70861714990743,105.93416344707957,89.34461659905793,87.36831461967289
d100_delay_median_cap1,candidate_d100_delay_median_cap1_borough_c53a232b14eefef5,borough,20566634.666666664,699.7414261414182,c53a232b14eefef58b4a4d637d981834731bd451488d2a55dd82bf800d62efb9,2d3e093c58e440a27457c9762ffc12a1e6d221ca383bbf8340cc1d9ce94fc6ee,10,selection_seed_mean,156.61096790196106,73.12884363904374,125.25754269817023,60.312401692968436
d100_delay_median_cap1,candidate_d100_delay_median_cap1_borough_c5cda5c6b8b2e14d,borough,16593620.133333331,1495.0103491580105,c5cda5c6b8b2e14d07ef2e916bb018a274f0f9ac912c8c30d92e3ce37ddbf728,592aa47d7dc2f3bb708dac99b9ed6b3d7f90a81b3e20c0070b875117c99a8dc5,10,selection_seed_mean,126.35722626466978,156.24111132764776,101.0605826405281,128.85854880819932
d100_delay_median_cap1,candidate_d100_delay_median_cap1_borough_c71951e17fbef62a,borough,25829328.533333335,2341.4450514853393,c71951e17fbef62abbebc523468a5e1cb9fb14f3344d229668d83a6114182c5b,b7fdbc81ff14a2af160827944f831f36c85682e6d771a42fc81cc0acd71621be,10,selection_seed_mean,196.68536964967114,244.7006317800584,157.30907239154214,201.8147978831493
d100_delay_median_cap1,candidate_d100_delay_median_cap1_borough_c7552a19a13805cd,borough,24334283.0,3007.0766791071396,c7552a19a13805cd3212c3bbcbaaf7c97a171767f6a5cc765831dd382ee5d0e6,575cd2f5860139174befc2fbe53a6b9627b3b2d8e7033b1eb8650b2cf7f79ffe,10,selection_seed_mean,185.30088541937945,314.26471559595524,148.20375532035794,259.18719374950024
d100_delay_median_cap1,candidate_d100_delay_median_cap1_borough_c7df3d1fd0b07964,borough,13146899.733333332,962.9164453356447,c7df3d1fd0b0796437b16de9a72a68cec89792083b58c130f9d6f40f168efa28,d75d21eacf056c54fe6739956c16a8a6d4d7fd75e61fbcf2bc8e8a06fcc3a4cb,10,selection_seed_mean,100.11111324325726,100.63283884264821,80.06892626753014,82.99609152497358
d100_delay_median_cap1,candidate_d100_delay_median_cap1_borough_c8c3f784952b8837,borough,14967932.73333333,1292.7296030655614,c8c3f784952b8837fb8267cbe498af072aacaf3f4d68d1c81c0a52227f8a5f4c,58f2985279ceb826683716843acd71f36b3213ca3f050c2574cada036fed6f5c,10,selection_seed_mean,113.9779293429101,135.1010780245541,91.15961380339455,111.42348328641683
d100_delay_median_cap1,candidate_d100_delay_median_cap1_borough_c90d5f784f339b39,borough,16197898.333333334,757.3785678302517,c90d5f784f339b39dd5a99e0bd585ab03da58dd82b5815a6a480e5b37df3cf22,c3de5a010d860231a3e062294c867096cba9a079d04924a7eba9ff0474112c0e,10,selection_seed_mean,123.34388085729739,79.15240800853738,98.6505072410544,65.28028598865814
d100_delay_median_cap1,candidate_d100_delay_median_cap1_borough_c9b000d62442ede1,borough,14888612.6,826.4469629608062,c9b000d62442ede179fa868553e80077592ba7f0c8e12549c4dfe9461afea531,2997491c2ba7aa5c68728b6a44d6154064e5b414c9122f4284cb07e7564c2029,10,selection_seed_mean,113.37392178130455,86.37063416924096,90.67652820631692,71.23345759716712
d100_delay_median_cap1,candidate_d100_delay_median_cap1_borough_ca0c4fc39200b2a5,borough,21019958.53333333,825.785281908159,ca0c4fc39200b2a5c4c1db94daf156bcc7ab5c88650ec371ee167a3a0143bf75,8101b4d7a8d7c30e4bd5d2650666b42e7fcd01671dcf3e561dab44cadcd2758e,10,selection_seed_mean,160.06294196978422,86.3014829536201,128.01843355393717,71.17642571088885
d100_delay_median_cap1,candidate_d100_delay_median_cap1_borough_cbbd648621b4bc0c,borough,32172175.666666668,3576.0571090277635,cbbd648621b4bc0ccee04f75790bc3548c1738668c92dd9d4d37b51e4b2c4043,cea8abb4bd55b095f776e511f3c9f360f1cf79baf74276bdfc877ef1c32814b6,10,selection_seed_mean,244.9849308032272,373.7279392081185,195.93908933442754,308.2289897083908
d100_delay_median_cap1,candidate_d100_delay_median_cap1_borough_cbdc46cb82060093,borough,26287008.133333333,2514.870027389949,cbdc46cb820600933ea67a9a9be286dc9ffa3b07bda5308c68aa20e2bc133732,d602e879f1fa756cd3d042b6153eabaa263b1e42fd3cbd3071c24f395247735a,10,selection_seed_mean,200.1705117891945,262.8249952552459,160.09649109023644,216.7627149559314
d100_delay_median_cap1,candidate_d100_delay_median_cap1_borough_cd254815bb7c980b,borough,13829385.4,872.0123410976988,cd254815bb7c980b69cbd73abe8c8facd88c61981703a4ddc7678a6c7e3f956d,5d5b5987da6551535fab037d727982fd9bfaa8cb4f3f9bad1088784bb2914e39,10,selection_seed_mean,105.30811034891963,91.13259807282338,84.22548755813065,75.16084746836343
d100_delay_median_cap1,candidate_d100_delay_median_cap1_borough_cdcad5d33a6ba19f,borough,27432905.8,3573.6006461345705,cdcad5d33a6ba19f915b87f7182b386edf10d08806a5b4626413574482884198,737d2d2dcc7be427b44f6b518660d8490481ecd1a2d32b0edc510a01e30fcbbe,10,selection_seed_mean,208.89630215800605,373.4712182479033,167.0753832734512,308.01726124524254
d100_delay_median_cap1,candidate_d100_delay_median_cap1_borough_ce1b3d9ddf0ceb89,borough,45629394.33333333,5414.432181961395,ce1b3d9ddf0ceb8976bc969d86f10da6d14820999a13e4ed8753290fc71d5cc2,be805cf49ef244ab6c7c82ba75df82e6864419435c77dda33dcada14b42c2d14,10,selection_seed_mean,347.4590630476633,565.8535419465637,277.8979595656654,466.68297244958853
d100_delay_median_cap1,candidate_d100_delay_median_cap1_borough_cee43db37f647604,borough,17923284.266666666,1432.4499106679846,cee43db37f64760486054cc21e3fe50550cfad0c0448702aab7ff2c8d69cbb0a,de8058be60394c95e1e76ae99bc6bed44acbbc198b9a905a1ac18055e4e1d0e0,10,selection_seed_mean,136.48236293777654,149.70302117975575,109.15867280717855,123.46631368342605
d100_delay_median_cap1,candidate_d100_delay_median_cap1_borough_cf8765e65176d09e,borough,22627878.733333334,2284.5615355195814,cf8765e65176d09ee8c00d7a6319f07020bfe3a43a06d16d5d80553a44b0847a,5d53da6f0b095ee30e9bc8ff04a25bd64b668e5564051133ae27d6683e305c2b,10,selection_seed_mean,172.3069450802809,238.75582761484344,137.8111943225804,196.91187040670488
d100_delay_median_cap1,candidate_d100_delay_median_cap1_borough_d00e7628d66a8f57,borough,14973160.333333334,1283.4772637444876,d00e7628d66a8f5734830acb07e7873e60ddd1ba7683694a62b2047873c7c677,8edc306a02d614a56fc65e783e4a4a256709a70f3ead119adcbbebde6da27035,10,selection_seed_mean,114.01773651161193,134.13413102066266,91.19145159994328,110.62600183843482
d100_delay_median_cap1,candidate_d100_delay_median_cap1_borough_d06a017e6305154d,borough,23466796.466666665,1558.1569724694543,d06a017e6305154ddbf727038b90a49d98dc667a816bf8ed669d8afa8a632615,41fddb5a8b95516347010791752e7b64abc19b347f84763156aef51d2a8a3b54,10,selection_seed_mean,178.69514229080423,162.84046270225525,142.92047814593536,134.30130861694138
d100_delay_median_cap1,candidate_d100_delay_median_cap1_borough_d07f249872f9d433,borough,17013558.333333336,1583.7757868011445,d07f249872f9d433ff4f4e21e87a95f5140c1a649d05c3eeb3c3f50262c8494a,16decd78e38bf27d65f35d38784cc53d7dd2ff7301276fbd8e3dc7e464a72b6f,10,selection_seed_mean,129.5549749010862,165.5178435139227,103.61814384923404,136.50945603132385
d100_delay_median_cap1,candidate_d100_delay_median_cap1_borough_d3200c74eb81d44f,borough,35169777.4,3121.67106350578,d3200c74eb81d44fc05a6f7da354f00867f3f03acdfcb0155d74e33642b56bd4,1707306535cecb7f15ce266b581f5fb59b8b7f4392f73e24dbd4a278f85086ac,10,selection_seed_mean,267.8110915461319,326.2407891933286,214.19546589727153,269.06436020757474
d100_delay_median_cap1,candidate_d100_delay_median_cap1_borough_d353e26ec2332dba,borough,20457065.266666666,1288.3125134138227,d353e26ec2332dba5f39fd1d6eba3cea94ce2cd6259a1493c0a71839011a813b,de897c5806e1dd401a63e20fe03420f8b6be1ffccebf929262e9e46a280d0670,10,selection_seed_mean,155.77661799180058,134.6394551358496,124.59022915750835,111.04276367280391
d100_delay_median_cap1,candidate_d100_delay_median_cap1_borough_d3cb29693a0c8cf9,borough,26765597.133333333,2419.1886432731008,d3cb29693a0c8cf9c3440e60f53ec77d2155b5c730f03a7d11dc1c9df2d7837f,577a3af0796e8b12342d7e8805d13b0c3c01fd05d160b2baa1d097c34e8cdf71,10,selection_seed_mean,203.8148749887174,252.8254886991853,163.01125488479803,208.51570562104558
d100_delay_median_cap1,candidate_d100_delay_median_cap1_borough_d5149c053c2c16ff,borough,31212754.93333333,2772.1374290001904,d5149c053c2c16fff4cb1c8c91e0284c457b41ef5b284308aeab5cd3b4633afc,47c21cd4bccab9809030c590c9595d4d045229f38af74909e36910ed66abef1e,10,selection_seed_mean,237.67912642113885,289.7115949089531,190.09590276459053,238.93721297584318
d100_delay_median_cap1,candidate_d100_delay_median_cap1_borough_d553650166010235,borough,34053171.46666667,3689.502027983753,d5536501660102355284ab019581b617f7377b6f23222a6686f2e9579d840ccc,7072490c2f50f407ee986e59a2ea6e1621894880e1533ee92a3cc276a2d4c8be,10,selection_seed_mean,259.30835209368126,385.58388403294293,207.39496996595554,318.00708096679966
d100_delay_median_cap1,candidate_d100_delay_median_cap1_borough_d639e642dd8405fa,borough,21867253.866666667,877.6128547763874,d639e642dd8405fa4210b2e7c39af8e7a28de31fc132de69e5cc28cc529716aa,98c8c64abb8ad3b79cdf14c02569696345d849bb418db4d0b93f5809ed5fe1c0,10,selection_seed_mean,166.51493299324585,91.71789869074674,133.178739705773,75.6435692539502
d100_delay_median_cap1,candidate_d100_delay_median_cap1_borough_d67638c691b12967,borough,20089815.6,1598.2986988070513,d67638c691b1296770cfec0b170f2ce37246172770de83ccf4fc9ec6699908fd,bd6fc2b024089d0537f4693cd38afd7a9b296b9725a58ca2cef610e6df5b3b66,10,selection_seed_mean,152.98008240440296,167.03560953660912,122.35355837743444,137.76122085462714
d100_delay_median_cap1,candidate_d100_delay_median_cap1_borough_d7c3ecc1f0bce8c8,borough,13798391.266666666,518.8035805814245,d7c3ecc1f0bce8c8f1fcfff9020799f7dc9339ffe5b8e1ae3a37d51616b3c5a7,ff5cac9f1a3043a44f468317bff5f95543a8b898e651be0b1bdaec1c45c0cb79,10,selection_seed_mean,105.07209598394026,54.21932231870952,84.03672313252994,44.716932259279176
d100_delay_median_cap1,candidate_d100_delay_median_cap1_borough_dac0edf8955d7eed,borough,42903830.53333334,4272.910888773567,dac0edf8955d7eedadcdae477749e68da3fe39e057c8ab492eabd041b8bed5d5,afc16b5c61f4d17757375a0a777f86ea17d44e6a971fc93a2f796f9b160faa11,10,selection_seed_mean,326.7044188525988,446.5549995971492,261.29838313576926,368.2924981918777
d100_delay_median_cap1,candidate_d100_delay_median_cap1_borough_ddb2acbc73a038ad,borough,19907966.733333334,1702.61687360138,ddb2acbc73a038adc6c1f3032f193d5d23209ef604fbb947f98c51a81f173798,ad964c0c5005ad40c7931bd3c00cd90c4558f761d8716998d940b9921c11cb87,10,selection_seed_mean,151.59533825534197,177.937733104327,121.24603920619971,146.75265601485057
d100_delay_median_cap1,candidate_d100_delay_median_cap1_borough_de5db1deb11e61a4,borough,18110382.733333334,1606.3666757122633,de5db1deb11e61a4bb4465770d2f43a5211f3eed0d158f11de956f29c062179c,580b5952a49312e641c1e0295a0aa576536e90bcc211ee77529f666afed38649,10,selection_seed_mean,137.90708178130862,167.87878074177573,110.29816376216915,138.45661924863103
d100_delay_median_cap1,candidate_d100_delay_median_cap1_borough_e1226efe51ebf4a6,borough,28195947.666666664,2678.973554349796,e1226efe51ebf4a66cd27027ce807adcaeed547a3a43823b1b505ef80e69799c,f169065d3b133bb7423e1f3330b5abf566f2223ad5e4e72ac0bbea994873c223,10,selection_seed_mean,214.70671923523776,279.97518919165134,171.72255821206173,230.90719385553405
d100_delay_median_cap1,candidate_d100_delay_median_cap1_borough_e2de9eddf292ec87,borough,37920580.8,2941.72653537475,e2de9eddf292ec871ef969c38e7b2c1db9b36f0b1bfbb41266ea0b358eaa46ff,2c9223b3f167b2fe6af128fcb7a041bb387894e34a27ffe1641d99e23bec2b2a,10,selection_seed_mean,288.75793044147304,307.43507786942007,230.94875975959772,253.55450719953376
d100_delay_median_cap1,candidate_d100_delay_median_cap1_borough_e34a451225e07a24,borough,16395464.066666666,1121.696524987152,e34a451225e07a2462e35bdb9215a7524dc7a7bb4bbf9a2007dfe68364aa46f2,6a1b7fa6c99297cb66f0aacbe529cdb34fcfa740ce333f9e0d82102535c92673,10,selection_seed_mean,124.84830592357922,117.22668791895448,99.8537472790954,96.68172965789134
d100_delay_median_cap1,candidate_d100_delay_median_cap1_borough_e3867442153ccce2,borough,38692817.93333333,3451.0942669734713,e3867442153ccce2284deaf2e7d4481556bdb35eb54c44b26495d3af782fee99,584c38e295016ad5d5a7cfc349edfcbc25131b444f1f8152b70e95fa2f100941,10,selection_seed_mean,294.6383677060676,360.6682748865839,235.65193688455463,297.4581408703656
d100_delay_median_cap1,candidate_d100_delay_median_cap1_borough_e3e1380f24287c32,borough,15214519.4,915.5636015092565,e3e1380f24287c3232c6edc9b6b6cf37a3c99b3e94ec6aaf7464bde38af9f588,475d074119c57b114e00dfc903087a1bc079a4becb4e94f5490af78e08eaa8a3,10,selection_seed_mean,115.85563938951172,95.68406979357358,92.66140738457094,78.91463567361696
d100_delay_median_cap1,candidate_d100_delay_median_cap1_borough_e4ec078adacd18de,borough,19258722.4,1492.8161786230764,e4ec078adacd18de41f48c07f1566859904f4757bcefdb964cc47d95952fae07,94e2baea63d381c3f0558de6c7b8dcae1d8ec59a3188d9747faf2a7dadda106a,10,selection_seed_mean,146.65146751050918,156.0118021171707,117.29192852537699,128.66942795620753
d100_delay_median_cap1,candidate_d100_delay_median_cap1_borough_e4facaacd4b5abb0,borough,13228940.6,592.8752575028578,e4facaacd4b5abb03a082a6b9da9f3080ba623b82bfffb1c2c79753c7646ff2d,5bac212bf51cbb45d1ebe2eab04b9ef7e9e93ef9933baa566512d1b6d82453a2,10,selection_seed_mean,100.73583866598317,61.960433359596394,80.56858202191326,51.10134879610201
d100_delay_median_cap1,candidate_d100_delay_median_cap1_borough_e58161d80b681153,borough,20353024.2,1399.4636088808547,e58161d80b681153e391c0665a2ba362244fa40a4aceeda77174b51a4cfdba8d,1f573e08c0f0ae83ff0e63394127b6c3fc5ae3e0f0c8f96c450c3709ea133332,10,selection_seed_mean,154.98436527684242,146.2556761812994,123.95658497791464,120.62314475069407
d100_delay_median_cap1,candidate_d100_delay_median_cap1_borough_e76cf0268362986d,borough,34313955.33333333,3319.188987885621,e76cf0268362986da097ceeb0766adab627ea1551be4dc088cd62b300b4a5e6c,415fe1482126790711f2dabe0117e7b670dfa498639d328388bfc63088b7f8b1,10,selection_seed_mean,261.2941710880778,346.88306770973975,208.98322914609912,286.0889066353158
d100_delay_median_cap1,candidate_d100_delay_median_cap1_borough_e7dafc73252ab88e,borough,20193643.333333336,765.7881598444606,e7dafc73252ab88e20f18858f5dd3d37f596c06462aad4fae29cbf4f552324ac,8eae5ad52e7a459179470d65f8d2746d6d1f2c6776a01c94bfbdba00a888cf5b,10,selection_seed_mean,153.77071062705303,80.03128085570671,122.98590328714066,66.00512901307619
d100_delay_median_cap1,candidate_d100_delay_median_cap1_borough_e95875e0fed63824,borough,35222053.0,3949.6473220586945,e95875e0fed6382447430b3dfe88dbb7681f177bb46408683e890db720c33f3e,ee9f7eb19c53b97a3417f2ad2c95f27380bb75d25b744c1393be672824e8af21,10,selection_seed_mean,268.2091601872268,412.77124756913383,214.51384142662758,340.42963148135544
d100_delay_median_cap1,candidate_d100_delay_median_cap1_borough_ea40fea490b0871f,borough,31380080.53333333,2900.8549984032848,ea40fea490b0871fdb0f604113a61e5c1e5b758e603416b49eb25456141640dd,bbcdff86a14d769a5d41d8b5e601f6495d9e1f4aea17c9e62c018011c75f1e67,10,selection_seed_mean,238.9532786874427,303.16365970720653,191.11497048403933,250.0316908225971
d100_delay_median_cap1,candidate_d100_delay_median_cap1_borough_ea55843a8798e137,borough,27495489.06666667,3625.837238047221,ea55843a8798e13732487c2c3024021529eefb12bca6d586b64912e0274ffa7e,75bfd7550ff4e5d04ab36a3405984916c7f60f1edf6349e1370f373b5da37da6,10,selection_seed_mean,209.37286169854278,378.9303799032041,167.45653586957312,312.5196591265289
d100_delay_median_cap1,candidate_d100_delay_median_cap1_borough_ed650940ab0efe2c,borough,22225506.333333336,1869.4098927692182,ed650940ab0efe2c994437a9799738cf123d2d2fb1b1ee6c6391ffb25f00cd00,ccdcc69f69aae784268afd40d71551aff4c217aa7deec65f94e9127186376b8b,10,selection_seed_mean,169.24295663285795,195.36900151738757,135.36061459038672,161.12894873644308
d100_delay_median_cap1,candidate_d100_delay_median_cap1_borough_ee73e7e3c89d161c,borough,38539893.33333333,3122.7204732473742,ee73e7e3c89d161cc36220bfc55266dea5fb38ffdaa620252720c65dedac6869,e22bd560dfcf1ef621126e0430d02bd2032d2e177366c8a5789df14418cc8211,10,selection_seed_mean,293.4738762853668,326.35046130653984,234.72057597283745,269.1548113649752
d100_delay_median_cap1,candidate_d100_delay_median_cap1_borough_ef156ee91e8805a6,borough,43375638.06666666,4183.060831395183,ef156ee91e8805a63af75a8e2c8b0f5a290bc2ac2e9df1d98373b634d0ec7247,8a98cf046ee4d097b589b29a1e8f71889b3e7aeba52d8214731b859b3c86bff2,10,selection_seed_mean,330.2971424875708,437.16491555822734,264.1718455767392,360.548104977053
d100_delay_median_cap1,candidate_d100_delay_median_cap1_borough_f15254bbfbb25b29,borough,19285536.666666664,2053.9276348229128,f15254bbfbb25b297db87f3b9dabf4f1ea3e1ce1cbe1588d802eb501942070d1,0b9cb8e47c2c9ac8d6fb41e0da6e86dac5e42d8324eba1682273214f87571e93,10,selection_seed_mean,146.8556529946348,214.65265202480657,117.45523619366381,177.0329780856685
d100_delay_median_cap1,candidate_d100_delay_median_cap1_borough_f1f8e8eb2c967875,borough,14840803.466666665,503.42378208591197,f1f8e8eb2c9678754eef187ca61285f9ec3dc45a86ad8283be2bfb54debb9c53,42a0c91acb8e9fa475086409c28ba95b04ed86fcbd1203d2373b79f9b7ec3939,10,selection_seed_mean,113.00986442494849,52.6120044762026,90.38535492216418,43.39131032213979
d100_delay_median_cap1,candidate_d100_delay_median_cap1_borough_f2141e7ca6104656,borough,21866491.333333336,1715.940692123373,f2141e7ca6104656ea2e9d5899030895c357d45f0bf6cd1ce4b4945e41515be5,ef6ed6f94957e30a889ac6d555e6b029152e7569c052aad529cc3485e5ec21cb,10,selection_seed_mean,166.5091264485522,179.33018380821446,133.17409562796902,147.90106807788064
d100_delay_median_cap1,candidate_d100_delay_median_cap1_borough_f38d3c315089f026,borough,29800950.8,2938.31778384919,f38d3c315089f0268399db336778d523ad96da7b546a0f91628431269e6a3ee0,818e7bc45f2f03ce9ba98f13cda3e99f1667e19101304eab635960e6a7d9aa8d,10,selection_seed_mean,226.9285094440368,307.0788347658903,181.49755308908115,253.26069868170063
d100_delay_median_cap1,candidate_d100_delay_median_cap1_borough_f5ac51400fa610c7,borough,36783130.6,3499.183943347058,f5ac51400fa610c76d894e66abc20bb17f9552281bc55d37f067c1e6caf32067,e49fc97eccc527426645a67b59f23ccc6aa2aad873935d6441ce24451022e258,10,selection_seed_mean,280.0964659068307,365.6940491123127,224.02131541575196,301.60310609662395
d100_delay_median_cap1,candidate_d100_delay_median_cap1_borough_f691ffc5c5cd63eb,borough,28497872.0,2765.9538510244433,f691ffc5c5cd63eb9383c326550ebc3604156a831a0425f1b2fa40f2ba5ad71a,49c496e1eadef1a6faf887af639fbef20e6423c23b41663ca5555ff896cea690,10,selection_seed_mean,217.00581497174755,289.0653591852632,173.56137631171956,238.40423547181058
d100_delay_median_cap1,candidate_d100_delay_median_cap1_borough_fb010b2a68c4501a,borough,25061406.466666665,1936.4717156464449,fb010b2a68c4501a46bdfc0842d869be999775bbf2fa4fad06175a9d41a49db8,34973fb11d5431d9bd9dee1a6455003757f9689df76997f71b5a560189b3f1e5,10,selection_seed_mean,190.83779078793054,202.37752406032308,152.63217543619027,166.90916904144555
d100_delay_median_cap1,candidate_d100_delay_median_cap1_borough_fb216038337273a6,borough,36045682.266666666,4005.669006948123,fb216038337273a6e26a0084c0e8c802a1806bec3f1a8f275be4159b73ce18cb,13c20ee46ecfd5eb3799ba0d4f3dcc39de075b8a6ec7e80b09d8f7a0e63d7088,10,selection_seed_mean,274.48093866414547,418.6259831637745,219.53001347951908,345.2582756581049
d100_delay_median_cap1,candidate_d100_delay_median_cap1_borough_fb24a26da6cc7e7e,borough,25360515.999999996,2476.0149384786387,fb24a26da6cc7e7efd3c34aa38dec4407c4057892f237a95bede81982e31eca2,0b5cb1c8d32a8036cdbcd70788d30fac1250ead953b99e0c7716c181c2d3339a,10,selection_seed_mean,193.1154523637429,258.764312815384,154.45385048172662,213.4137011021177
d100_delay_median_cap1,candidate_d100_delay_median_cap1_borough_fd01947788c46017,borough,14786614.866666665,1357.3155799302695,fd01947788c46017fa97e3f913d2f523d781157f209d40af17ed77c69ceb537a,ba154df2d7faf293cc414dc23d1480aa4dc530cc6df8bf18202b2f67b178a7b6,10,selection_seed_mean,112.59722865673471,141.85085390885283,90.05532859611412,116.99030445045318
d100_delay_median_cap1,candidate_d100_delay_median_cap1_borough_fd9d699549591b19,borough,13566948.266666666,526.7076961849872,fd9d699549591b19c919ce9d52221ccead500ba32ee3ffe22ca18432c3613a5c,e661e16d58c1c259285ea9861e88931d52333ad28f45d8bdc0788b93cb23d6fa,10,selection_seed_mean,103.30970204678923,55.045368644514795,82.62715944238097,45.39820705236737
d100_delay_median_cap1,candidate_d100_delay_median_cap1_city_01ab6c45f250cc8b,city,14368755.6,1201.4473064414162,01ab6c45f250cc8b7ec8a860f7c1093172e353d1204b290ce66e6dc6b6b15de5,ed4848dc105fce1960197c01bb18944a63d3141286444952bd9405fb7d3f7cc9,10,selection_seed_mean,109.41531069786058,125.56131298070089,87.51042877246158,103.55564191562527
d100_delay_median_cap1,candidate_d100_delay_median_cap1_city_0266ed7a1f47daa9,city,13527743.866666665,642.4294524572299,0266ed7a1f47daa9de922ba3b0a08027c3254be1284e16682f80f80ba7a133d8,07a726fa7092344249cbc33c909eeb2f1b4ac5133be8cf1ea7b3c6e23cb1e65c,10,selection_seed_mean,103.01116808002573,67.13926205130313,82.3883918031174,55.37254441208907
d100_delay_median_cap1,candidate_d100_delay_median_cap1_city_02cf8e69fe62a0dd,city,12841100.066666666,1191.6254656313954,02cf8e69fe62a0dd309eda542e838abfae3b539c420665159b574e76a187afae,738a836278edde3d8dc9694bfb95d0449863f879c0f558a513c0513b9861d230,10,selection_seed_mean,97.78250758866352,124.53484829816193,78.2065061183228,102.70907376034978
d100_delay_median_cap1,candidate_d100_delay_median_cap1_city_03391572b4ec63e8,city,12944885.2,666.161077971261,03391572b4ec63e85daca8b5cc1a41c27fa86c047416b7039405aa9b9ce5b383,57e3f274e82b80726aef06ad1f24168eb37b1e32d3dbbc1d06b4134a8b09c773,10,selection_seed_mean,98.57281142050583,69.61941581479516,78.83859158007337,57.41803046930597
d100_delay_median_cap1,candidate_d100_delay_median_cap1_city_035d41f8e1639d1d,city,12805020.666666668,816.5131389183234,035d41f8e1639d1d118af2f13d417140cb873b83c5571ac11a7f7020d58c74bb,0ca9def8d66c583e5787cadf95d4fc20a849adae29b93a5190cf3345db33bce7,10,selection_seed_mean,97.50776989594416,85.33246630036636,77.98677075280145,70.37723733691855
d100_delay_median_cap1,candidate_d100_delay_median_cap1_city_04e1c7cc93a03232,city,34413471.8,3509.9134743158,04e1c7cc93a032323213c665a49da24a270e840ce6c877ef2ba2045f3b6b6436,7f806e8e2f481a602199318fac935ec661b4e1da9740c7a8b60a48f91a2c7743,10,selection_seed_mean,262.0519698441431,366.8153750238857,209.58931702944514,302.52791025654386
d100_delay_median_cap1,candidate_d100_delay_median_cap1_city_051638a6652acc95,city,13892505.6,1393.1523545435716,051638a6652acc95b60c8206a5c83bc910544b785eeb3a14dca230ab3e821b6d,19395c24672ba3603c13af89b0f0c928ea6da718e9c8662a33017190a071722a,10,selection_seed_mean,105.78875853353425,145.59609720775993,84.6099102541506,120.07916251303278
d100_delay_median_cap1,candidate_d100_delay_median_cap1_city_0669e2a0d30f6141,city,27873615.133333333,2269.638064600279,0669e2a0d30f61416d7631e4ff2afbcbbf56767da64b658f05e2be19e47b04d7,e3fa87d82530a421b7c0fdf372da7a339d3867af73dccba7fa970675033a92de,10,selection_seed_mean,212.25221898034476,237.1961998285804,169.75944748872854,195.6255804442804
d100_delay_median_cap1,candidate_d100_delay_median_cap1_city_06a0099d5f635c0e,city,21026931.93333333,1933.8295102340658,06a0099d5f635c0e88ee851f761d71ea6c26856c984faf21e133e5fcc4cef6d2,6b9812a10cbdc6270db9b64ab6ec0f035dfb667a2d40cf68b011b1971f9d6573,10,selection_seed_mean,160.1160430697584,202.10139145012508,128.06090384440557,166.68143098245213
d100_delay_median_cap1,candidate_d100_delay_median_cap1_city_073ea0e5a1266068,city,13704864.466666665,1797.9965840473628,073ea0e5a1266068517c99bcc9711d7ce9e02860007ec75f4d22298ed9c95a6f,d46adeec96ee8832f2233d73e8b768cc0d1afba74fb5ec9461f16aa526e146b0,10,selection_seed_mean,104.35990738769351,187.90571223342303,83.46711428138377,154.97366336823617
d100_delay_median_cap1,candidate_d100_delay_median_cap1_city_0b04afc6f315b162,city,14170083.266666666,538.1984373388644,0b04afc6f315b16285661f8532b081139a99ba7c1df8b2eb632f2880eaffa3bc,5ebe2cc8f188f6d579486e2d5ea56f20914c6b03601069ec84f2831819b26252,10,selection_seed_mean,107.90245908538442,56.24624740021789,86.30044917790119,46.38862175461555
d100_delay_median_cap1,candidate_d100_delay_median_cap1_city_0b26e2e73efc15bf,city,27626213.46666667,2793.5129536252302,0b26e2e73efc15bf28c47c6a728bf5d3ac7742ba903e3059b51fa216a57782fb,48044e3ec7e378c2d6f12501b874f5a54bf5a55e245c1949ccf2be7124d1cdf9,10,selection_seed_mean,210.36830286547246,291.9455163828135,168.25269029056022,240.77962101318403
d100_delay_median_cap1,candidate_d100_delay_median_cap1_city_0b57f3fc2f723e11,city,39236281.46666666,3733.315138064877,0b57f3fc2f723e11579ea0b98050b3e380a2c2cfd371195d5425f96f8b832cbd,06fd0858da7ef9ef018ce2b9256f919d7802e4ceaed23a473965ad390625e7ac,10,selection_seed_mean,298.7767380011698,390.1627212387526,238.96180783985133,321.7834386268032
d100_delay_median_cap1,candidate_d100_delay_median_cap1_city_0be70400a6ad75b8,city,24065927.93333333,2179.3618234623373,0be70400a6ad75b85c6a6d67a7d851737271181897fa854f7ba3f3f863751e7c,684f4a719cbc41e3350d37a79d53d2c725099f61351616275a6d584534270129,10,selection_seed_mean,183.25741319296904,227.76157601489336,146.56938505190803,187.84445342302206
d100_delay_median_cap1,candidate_d100_delay_median_cap1_city_0c4bc1c501f0b011,city,15599160.466666665,1121.1261999589065,0c4bc1c501f0b0117143bb1ce10429a2ddb93ead2f0fc3f6b892888c2c19f49e,4fa811658fdb015b0d7853ab2bd4a93b5115e92b67d88c1ed83084beb3e07657,10,selection_seed_mean,118.78460714344094,117.16708417354813,95.00399748802408,96.63257196775888
d100_delay_median_cap1,candidate_d100_delay_median_cap1_city_0d11818d69e2b222,city,18387583.8,1498.7582430071564,0d11818d69e2b2220b13fccaa8dabe00d369bda93abe21d0309c96d555b35e0a,724acf51b8802039edb8deed1bc0986fdd26d1ad87f74851767bb48a65b6fab6,10,selection_seed_mean,140.0179145965812,156.63279764638023,111.98640906854652,129.18158882110635
d100_delay_median_cap1,candidate_d100_delay_median_cap1_city_0ef2e4540e24a12a,city,13222150.0,337.83215849555484,0ef2e4540e24a12a73ece2b2bd40524ebbd9275d3ccd6c52947d103c18682e64,965a53650acdf7926f4ff4ab1d0f711c28402990d59f9885126bc03dc9cba7a1,10,selection_seed_mean,100.68412955285545,35.30629197001282,80.52722504332964,29.118568783818997
d100_delay_median_cap1,candidate_d100_delay_median_cap1_city_0f9472a52735d12f,city,18998669.0,1279.0508012365558,0f9472a52735d12f218ad7d491719b3ca208110857d2e240c4334bf28edb0547,722fc0851a1896bb47e472ac66a64f2e8faeb67ce5d70cd842f2fe4e9aa4daad,10,selection_seed_mean,144.67121087930622,133.67152858993106,115.70811812653241,110.24447435573397
d100_delay_median_cap1,candidate_d100_delay_median_cap1_city_104fbeb7a526734a,city,12512181.333333332,482.2812563788948,104fbeb7a526734ad000ef067d97e24004f0cd1b768b4309414f174789908b5d,4cf2bff31ff12cbf6ac6ae538e0b9757e172d74047781c6cadafe5047af97b2c,10,selection_seed_mean,95.27785468733548,50.402433342064185,76.20328327936693,41.568985023669
d100_delay_median_cap1,candidate_d100_delay_median_cap1_city_10d3ab5b0823a86a,city,27815986.4,2705.3800028092123,10d3ab5b0823a86aa1d016bc1e87d80648183957baf251d2d9ce763a56508486,0ef11137493bf81ae3d7f56e46b8dc00a4e04af38c3f07d9459dc8bce4645065,10,selection_seed_mean,211.8133872583555,282.7348843709115,169.40846962369938,233.18322935560622
d100_delay_median_cap1,candidate_d100_delay_median_cap1_city_10dce0f06d51eca7,city,23859545.066666666,1984.2980886352211,10dce0f06d51eca7cac3f60adb7138072180de9e7b12594ea2417ed47a72d9f4,98fa34829d58cb173dc57cf145cf0cc61aea5606478f63243b33f698cd5c9e14,10,selection_seed_mean,181.68584735194045,207.3757808755655,145.3124457833962,171.03143951372974
d100_delay_median_cap1,candidate_d100_delay_median_cap1_city_1361e57b2210040d,city,14186913.4,1847.171895247596,1361e57b2210040dfc01bd776ac16bbb9ef3ee8e45109584424bc5697b09be80,f2306a44e98c9208332a45314ca1c1e82f97d77a546ced0a2bb0d1d4baf10b20,10,selection_seed_mean,108.03061731418423,193.04494439735723,86.40295020341085,159.21220207937114
d100_delay_median_cap1,candidate_d100_delay_median_cap1_city_14654e2b418957e5,city,21323470.933333334,1503.969483136588,14654e2b418957e50d185511610717f6281f98018aa322730ef49a22ff626657,1ffe383de9cb7208cd612cf75a9e41085c7a5612a4ea6b6d6c861e5a21db0841,10,selection_seed_mean,162.37413052856613,157.1774159158632,129.86692349984168,129.6307581803337
d100_delay_median_cap1,candidate_d100_delay_median_cap1_city_149623aedb52449a,city,19815422.2,1662.7305509942876,149623aedb52449a38876197c800532976e93e436afbabdb709082ee01fc4b56,b36e973d1306b0f9067c734d7ae8ed7b440882861cf29994f22840adbd8ae58d,10,selection_seed_mean,150.89062943086623,173.76927810037668,120.68241268084162,143.3147576408759
d100_delay_median_cap1,candidate_d100_delay_median_cap1_city_152a7b5d7140607d,city,21606284.066666666,492.6514989399678,152a7b5d7140607dd1f7a5e6e43d1154479231366d1aaac9f0faf7131278a922,9b91d3e9b2e7d00d5402adcc54363459241f2f9193c9a01e87e8d2abe2ce1e00,10,selection_seed_mean,164.52769815227197,51.48621060380144,131.58934813071807,42.46282124892422
d100_delay_median_cap1,candidate_d100_delay_median_cap1_city_16353056a8c4d585,city,18851528.6,1613.7524166117869,16353056a8c4d5857e646404f6526b412b8bc8269dd43d3175c7c6846a68e083,90374fca3b3710b9a50850b994c233fdee6b35546412b97d187dbbfa42f2c39f,10,selection_seed_mean,143.55076502926983,168.6506525664554,114.81198488770474,139.0932140753638
d100_delay_median_cap1,candidate_d100_delay_median_cap1_city_166d27913c8730c5,city,13804937.4,1625.6714097855868,166d27913c8730c5030e4c3ab48c962e798521233b369d5da80e30e852614989,111dbf1ffda9c54e5d18d3104dd3fdcda8cb96f3acca846bc8af5e2c1a40fb58,10,selection_seed_mean,105.12194353041369,169.89628724746612,84.07659122902689,140.1205408523963
d100_delay_median_cap1,candidate_d100_delay_median_cap1_city_17c4671d20123e11,city,20277367.066666666,1583.68911293234,17c4671d20123e114c8df16ef167455f35d46b53061d4efdd3827ff93e47ef73,a64b3b7dd48c148d6676100342651c307a4b25307c1cf56484fcd93930cb7db8,10,selection_seed_mean,154.40825075582043,165.50878536820974,123.49580825082666,136.501985401465
d100_delay_median_cap1,candidate_d100_delay_median_cap1_city_19d2e2c5b1ff8bce,city,18209309.333333336,1432.551616265319,19d2e2c5b1ff8bce176f095a3f25dba95b993be04d84c764aeac299fe9ab4d04,3aaa696d38e0c3d4778fd66e7dd058976aa6c1da25724c99a562326fc9ef68ac,10,selection_seed_mean,138.6603888161421,149.7136502670826,110.90065916427632,123.47507993423199
d100_delay_median_cap1,candidate_d100_delay_median_cap1_city_1be4b00e7730c83d,city,22648350.133333333,2189.960877375541,1be4b00e7730c83d62f0fd653eb06ca7786330a7b0b9ea6c937fadfbfef1bac5,7862555d3e4a785ea493e93a4f55a7cb6ca0963fc744606b0b4d4f7ba6eb1231,10,selection_seed_mean,172.46283085451037,228.8692659806205,137.9358718549599,188.75801145074038
d100_delay_median_cap1,candidate_d100_delay_median_cap1_city_1beca5470bda053a,city,36733574.99999999,3331.88670865324,1beca5470bda053a5dbfc88e0efd6db9f0b61e6f824ea6879b097dddf1241612,ef239e78203bf94484b16dc9fa0b0d820ff306f53830e2a98df9c0090fd03f8f,10,selection_seed_mean,279.7191095426637,348.21008595090325,223.71950557746106,287.18335382239286
d100_delay_median_cap1,candidate_d100_delay_median_cap1_city_1c5b8c8344e49903,city,21959263.6,1701.0629429236753,1c5b8c8344e499032162f4e2de2edce83b0268f261d03673c6dc11e4b34731e0,83fc80f3203c8cddfc812f9ab8a1e349ed6b2c2e6658232634b32e5868426d01,10,selection_seed_mean,167.2155694185668,177.7753343248487,133.73910912393194,146.61871898077564
d100_delay_median_cap1,candidate_d100_delay_median_cap1_city_1c6ead4c8275b3be,city,33649555.8,2685.386799742287,1c6ead4c8275b3bed23d198f63d61c399ade6c7b7901c0afc8d275a25aa407a0,bf52323b4a6beacf30ccb3b4619ac5aacb4820c84438ede6903a4bfc189972ca,10,selection_seed_mean,256.23489640967904,280.64542708525795,204.9368183324707,231.4599669483041
d100_delay_median_cap1,candidate_d100_delay_median_cap1_city_1d36801c2068d73f,city,23173841.4,1778.2316455135028,1d36801c2068d73f37e292bb1c5cebb4481f231f63180917fbbc3ea6ff284aa5,4639dc35849a68ed3e74a0fde772581ce684f70c851e059c38ae236353d5a444,10,selection_seed_mean,176.46434579511842,185.84011050458406,141.13628581858694,153.27007563174266
d100_delay_median_cap1,candidate_d100_delay_median_cap1_city_1dee59c90269afca,city,13163008.0,1258.1798465516276,1dee59c90269afca7f57055a850823d9afa19612d8e1600c18eb785b3cb6aa42,e66b212af4612dd156fefe2110a1ef61e943e560ec78efbc34158c9582ed3486,10,selection_seed_mean,100.2337745962096,131.49033890366653,80.1670308885581,108.44555641884061
d100_delay_median_cap1,candidate_d100_delay_median_cap1_city_1e7ba85bf18f9e2e,city,27085982.666666668,3023.6289193023495,1e7ba85bf18f9e2e8694faa5605a7b5bb8e3720102e9c4f28fe70727f0aa379d,11fdbfa15b8c10650c78c6ea1a607d7d7f4b5cc0c71caec7dec459aa18b0d598,10,selection_seed_mean,206.25454921302995,315.99456342243906,164.96250774029886,260.61387126533197
d100_delay_median_cap1,candidate_d100_delay_median_cap1_city_202193cfc1660074,city,12994703.466666665,1849.0609473339623,202193cfc1660074f478ea51b83c997160a45124f56d4672593086441f37b18b,1993542ec9d3a5b2f66148f56980860fb031649532ab06aef7312932ea81cb1a,10,selection_seed_mean,98.95216794082704,193.24236617272882,79.14200114441314,159.37502403616185
d100_delay_median_cap1,candidate_d100_delay_median_cap1_city_2056dbc464bda3ed,city,12865992.2,362.66343191569865,2056dbc464bda3ed146b4ecc9353e87b0617151dd01309779bbae1a5a768e177,6730ccb23de960beb76b5758cd3366e3c06d275aae04f6ef5573732e54ad2218,10,selection_seed_mean,97.97205639709334,37.90136815595962,78.35810736492355,31.25883614703921
d100_delay_median_cap1,candidate_d100_delay_median_cap1_city_2267f8f825814b5c,city,24357081.2,2289.6121749284885,2267f8f825814b5cbb874e6013fe2b171b11604531b0ec7b0d983158c25578d8,e4ae87980e0595126eff3b83d159fe466c6ff57d786f53a994a10ff1126f133c,10,selection_seed_mean,185.4744893281516,239.28366176301992,148.34260382699134,197.34719720237007
d100_delay_median_cap1,candidate_d100_delay_median_cap1_city_23f63f35e64ee4c0,city,17440559.333333332,1279.5232627690245,23f63f35e64ee4c0453b93415160367e84b74c146e08cd81f43b66337f41bbe9,ea46290617798e21d38c66da4038fdf389e52d308ddf586ba9e759b3a614e944,10,selection_seed_mean,132.80650540128462,133.72090477982434,106.21871982369558,110.28519695506306
d100_delay_median_cap1,candidate_d100_delay_median_cap1_city_2649b357cace3de7,city,20281337.133333333,1373.7212805510976,2649b357cace3de70bf2c0a90e434707c00d11fa2a3d7fd7d127a3c16d405be5,68800423eb0565cb52c23cdd1ad8cf14ea82135c237df326a9ff62ecaf6c6838,10,selection_seed_mean,154.43848205001993,143.56538712165,123.51998725741056,118.40435136683227
d100_delay_median_cap1,candidate_d100_delay_median_cap1_city_27f574400c6e6df9,city,16175873.4,1121.7180115959038,27f574400c6e6df933bb094a0f2d6ee46a4d0a9cc9a6d8dd65b26f74c7e206d1,d6b99ba604af08316d67e01eda449c49796e7d31a7c2972aff73a7d84ec01f4a,10,selection_seed_mean,123.17616522548816,117.22893344965058,98.51636818174123,96.68358164053754
d100_delay_median_cap1,candidate_d100_delay_median_cap1_city_28747357e67f8b8e,city,17334668.933333334,1196.945906392934,28747357e67f8b8edc14d73b64981b8314538d88808821f15e31caee82bacda8,e4696564d48d5164b0c8993667ad9e3e3a297107c398899cd51759ee7ac617fd,10,selection_seed_mean,132.0001703686308,125.09087894892224,105.57381259826488,103.16765538551243
d100_delay_median_cap1,candidate_d100_delay_median_cap1_city_28e602ba98fe3fef,city,13654670.266666666,1910.3344556476263,28e602ba98fe3fef63ba631961e01c1f29970d513c007479523d490d589031a9,f7c79c23ccc260c09079e9410d7cad4aeb654bc26d2a0b2b543790245bbbf655,10,selection_seed_mean,103.97768820733313,199.64596133129245,83.16141515988916,164.6563355442278
d100_delay_median_cap1,candidate_d100_delay_median_cap1_city_29c398fb75dff83d,city,23212453.0,1632.0591357558417,29c398fb75dff83d9569c80ed092fd2c22c26e8ca149cdd919a31520f6722608,5bb0b91e90634d6a1f23ec3aec04b9cd33798a9d0dc5e7d09b627550576af999,10,selection_seed_mean,176.75836570388083,170.56385814756803,141.3714431116507,140.6711143645964
d100_delay_median_cap1,candidate_d100_delay_median_cap1_city_2a032002bd1d7a8e,city,18428564.066666666,1095.255180632255,2a032002bd1d7a8ee7edb75396977fb641850fa9310d4530cbde900cacfd44a6,fe40059286447dacfa1fa4ba9358adb87f61a13b484f4d45f8f05362ca7ae6d5,10,selection_seed_mean,140.32997144650176,114.46334582615033,112.23599231757957,94.40268639639896
d100_delay_median_cap1,candidate_d100_delay_median_cap1_city_2a03ada85f0d6fe6,city,24159162.133333333,2809.5050465225386,2a03ada85f0d6fe681a6643b5c49b27c66ad69c064b3aef93cc13fd8ee572752,8c7937210c802f389e6b6d667b93899dd343a6b611139dcd1954e1041ea0949b,10,selection_seed_mean,183.96737369648454,293.6168241220126,147.13721187319922,242.15801808201618
d100_delay_median_cap1,candidate_d100_delay_median_cap1_city_2a3ec86be1ba4361,city,16938680.4,1075.2083449685426,2a3ec86be1ba436192e331856f819b0ebe6de368047a27165aa3bcb6426114c3,815612a07cd6d86093846fb7954d234013b9252ea6701c7466c22e1074ac02ff,10,selection_seed_mean,128.98479383821945,112.36828348463199,103.16211270541001,92.67480126618747
d100_delay_median_cap1,candidate_d100_delay_median_cap1_city_2a4dd2b8fb965b78,city,15584431.8,853.7711991329413,2a4dd2b8fb965b7804c488ccd87d49e5c57854db7dcd2ee7537013377c2a7e4d,b9284f147721dc8bde6dadb48a2b1310fa247de179ce31ee7942d57a9e38116e,10,selection_seed_mean,118.67245117918343,89.22624585655662,94.91429508294965,73.58859943442384
d100_delay_median_cap1,candidate_d100_delay_median_cap1_city_2b1983c17f4f35a2,city,28748812.8,2803.6749719857894,2b1983c17f4f35a270eddd319f8a547d54bb7d7f086cd18eec688cd291c82b6b,fcb2b3d20cbfe3a17b07462faeb315535f1c28793cf21cc349a493e1bd07cbba,10,selection_seed_mean,218.91668090635704,293.0075324704479,175.08968799129912,241.65550989224192
d100_delay_median_cap1,candidate_d100_delay_median_cap1_city_2b4365ea76856c14,city,15560596.866666665,1038.7013134170127,2b4365ea76856c141b1229f69f054a3c552e88e549bde3b8b260c72ea45b8e14,fc06612cc7956f3595dffa7d360501bf64bd395e481be7721db20828f24576eb,10,selection_seed_mean,118.49095274544783,108.55299271818548,94.769132530685,89.52817214106155
d100_delay_median_cap1,candidate_d100_delay_median_cap1_city_2b7b5e8816447137,city,17745129.46666667,1132.3481622712736,2b7b5e8816447137ef0b2698cc583746ff2e0c13b6fb7caf4dd07392960ac593,13299c0791f6e954e89fca55269ebbb70b017b74c003d74e1821ca118d5ba868,10,selection_seed_mean,135.12574839599154,118.33987328764938,108.07365171211089,97.59981997321005
d100_delay_median_cap1,candidate_d100_delay_median_cap1_city_2c1b9e062b058231,city,29835753.4,2118.3106793098414,2c1b9e062b058231a9721a91368a12b1345cc040e858919cfad6712b81b8d20e,33221fedff56382e8a04cfd3d66d59a05ef08953fed96741d46e6fd1a28b1fd2,10,selection_seed_mean,227.1935245502923,221.38121977482947,181.709512324326,182.58230801847589
d100_delay_median_cap1,candidate_d100_delay_median_cap1_city_2e3973251fe6e248,city,32091396.666666668,2629.3495377050235,2e3973251fe6e248f03e792460611994f76b63a2f16bbae397773fc82e91c0a6,e4272fa5cc38f25c9dc6ce8415853b31e017316ade1a81a5aa5e8d2c88010a37,10,selection_seed_mean,244.3698142525036,274.78906354811477,195.44711876142878,226.6299801396018
d100_delay_median_cap1,candidate_d100_delay_median_cap1_city_308552fe6827ee62,city,17613629.8,2573.851714320371,308552fe6827ee62265e2230482552ae15b44b77efb2afa9fd8f99e8dec69908,7ef434adaf78908afb6416daaa196033b3394258af26dc9ae2f96dd02f824e4c,10,selection_seed_mean,134.12440372248352,268.98907587126206,107.27277566314837,221.84648884980052
d100_delay_median_cap1,candidate_d100_delay_median_cap1_city_3191b3a6b613dddf,city,15606474.733333334,1655.1910433720634,3191b3a6b613dddf3f85fbef198004b25bf2db6cc23873942efe0c72833209db,8cc3c197f41d88f60369926d9acd12b60f4ebcf79fd02997a31e60d836282d47,10,selection_seed_mean,118.84030387753116,172.98133636443956,95.04854376815959,142.66490928934087
d100_delay_median_cap1,candidate_d100_delay_median_cap1_city_32a2064f9593f7ea,city,26144196.26666667,2221.37718923403,32a2064f9593f7ea2cc9cb4ff8f7f40122df6c13af797debd7aca096543bb2e8,c347a0765a737cc63cfaf6966f70974c61c73276d866ee5d4d817730d2e7fce2,10,selection_seed_mean,199.08302688808905,232.15253387328147,159.22672003742548,191.46585916381522
d100_delay_median_cap1,candidate_d100_delay_median_cap1_city_32c9b809371c6f53,city,22893839.333333336,1555.9771912350284,32c9b809371c6f53686cb1078b5aa2f8b59738da032e2a463954e525fb815e20,2e133f344bac69560f8e6b0fa487b7d13ac66bb09aba8702f32805073c77b53d,10,selection_seed_mean,174.3321839034946,162.61265729427953,139.43098150460895,134.11342801347556
d100_delay_median_cap1,candidate_d100_delay_median_cap1_city_339e2f55133b9363,city,25679784.266666666,2547.9319915380447,339e2f55133b9363550d87cecbffcfc43ac47c887d50e0da63847abb35df4a7b,27ca06a0f550ec594bc0173ea3b6df83a4d6121d286826f56ebc2823a62d44b2,10,selection_seed_mean,195.54661881724573,266.2802476045575,156.3982988172137,219.61240541009565
d100_delay_median_cap1,candidate_d100_delay_median_cap1_city_363b9f41c027fff4,city,13689849.4,455.3975160500797,363b9f41c027fff4fc93bf1cb40003f83fed547f6744e5042b31df09b15c413e,e39f1d53f9beae1a80829c4ee4de1af5d2af58615bd6a0ca629b910660a54d26,10,selection_seed_mean,104.24557054251241,47.59285716221793,83.37566760648544,39.251810585874225
d100_delay_median_cap1,candidate_d100_delay_median_cap1_city_37c95659f8fe2668,city,24460863.866666667,1762.590435929957,37c95659f8fe26682f3924c1a966df7b8199be85194c1a3d3d57a0b17006009d,7e49e67f39daa7e8efa2a8c1c23deaf83e17c786656fbd8735500fee95ade09f,10,selection_seed_mean,186.2647743768016,184.20547301246356,148.97467426593383,151.92192204225364
d100_delay_median_cap1,candidate_d100_delay_median_cap1_city_3ae96b9119bbcf65,city,20932909.066666666,1424.4567948376537,3ae96b9119bbcf658bcb1507113f110f4ae59c63c06930b49a6efaf28c887b96,8ff19bb05a9907a9bbece5f9263fdb825b4777688f8d55546f5d2ca9def07c94,10,selection_seed_mean,159.40007702124157,148.86767358433283,127.48827378474925,122.77736774607361
d100_delay_median_cap1,candidate_d100_delay_median_cap1_city_3c487b92a3c02733,city,17881890.266666666,1224.1862862048142,3c487b92a3c027332e8eac776dfbc2f92af6614bf357db6381aedb8065537207,8fa4c6127f8736c7f6fba62e92181069b185d1828ccbc58d3de91b7dfcd1d664,10,selection_seed_mean,136.167155588086,127.93772694378221,108.90656978660749,105.51556944076964
d100_delay_median_cap1,candidate_d100_delay_median_cap1_city_3eddd98e66bca2e0,city,26022891.6,2241.681667534011,3eddd98e66bca2e096d80c5da367625933d3cf4f1dd99fdc7e4d2caf2665964b,e4c6d0738647f823303a7160bfccc2ccd58cd6f8f7a8df193334fcde307c931c,10,selection_seed_mean,198.1593151790226,234.2745220296202,158.48793487831952,193.21595113442714
d100_delay_median_cap1,candidate_d100_delay_median_cap1_city_3f8157bb3d0bca8b,city,31099014.73333333,3716.371343598547,3f8157bb3d0bca8bfbb8cfd18f97f723d8a8d16e7daaf7e0ec6fdd40a399e33f,32f468007f7853502c0468118ec6d1a58ad901ac59724225afec50b0b9383624,10,selection_seed_mean,236.8130166710477,388.3919527092788,189.40318768558495,320.3230121036923
d100_delay_median_cap1,candidate_d100_delay_median_cap1_city_3fb0563643633f87,city,20242453.533333335,1733.796287524348,3fb0563643633f8704040d19c560e865a77e11ca21377ecc911eef44ff127c9d,558fc9de4a384531bb9143c0ba3f5454d5c4c5180d084ca2057ba01017df3795,10,selection_seed_mean,154.14239091356472,181.1962431772592,123.2831733952403,149.44008492333043
d100_delay_median_cap1,candidate_d100_delay_median_cap1_city_3fddef31bc5eb143,city,14997571.6,888.1798179019783,3fddef31bc5eb14398ac1191188364ead00cde359a9b3ecb9871b7cbd46ff7a2,016cc8aad1a1dbcdf1a07a5eac83a312fb67ca49d703f60e7273ecd8aaf3ff8c,10,selection_seed_mean,114.20362361284856,92.82223490021207,91.3401242110133,76.55436129926298
d100_delay_median_cap1,candidate_d100_delay_median_cap1_city_41470de81f014212,city,12664253.2,557.3160640287422,41470de81f014212a2b92ad0c337f827d5093f829ffcb4d50e0a15bd4f002c2e,82204ca5b56037768a60b5e4ab92ca945b6dc5df8a41a9e7c158a9063b39e235,10,selection_seed_mean,96.43585270768855,58.24419961617134,77.12945076573081,48.03641612159232
d100_delay_median_cap1,candidate_d100_delay_median_cap1_city_427e15e2a087d7ce,city,21194358.933333334,1384.075888305299,427e15e2a087d7ce1a45d8bf11e1d8a65cf76062727c9c36bbe9f37c2e5bf206,676a9da0546eede3788b38da6e1d6958eee3da8e7814acbba74203430a6459f2,10,selection_seed_mean,161.39096747756247,144.64753041503218,129.08058912307283,119.2968399903632
d100_delay_median_cap1,candidate_d100_delay_median_cap1_city_434b2a9b9ba6f732,city,13152328.066666666,308.35453601765585,434b2a9b9ba6f73200902b62de262dffeb21660c9a45f108ec36791921804b4e,75a2b8139addadf5cd1b8b51e0be7a31a70bd2dfb7c2c35e9bfef5c30ed3b3f6,10,selection_seed_mean,100.15244895769021,32.22563336598532,80.10198659583861,26.57782138567737
d100_delay_median_cap1,candidate_d100_delay_median_cap1_city_44b16849ca0007c5,city,14543062.533333335,765.7736433341677,44b16849ca0007c5601ffe337e4c106e108ec4177d94c5097a0929a5426f55e1,38d88e202248c1bd03de1a0e7afc2d706b8565c5390bc0447f58748eb0adde4b,10,selection_seed_mean,110.74262447494633,80.02976375871668,88.57201509897779,66.00387780003197
d100_delay_median_cap1,candidate_d100_delay_median_cap1_city_45929cccbf04e56d,city,24980658.8,2322.5230499306135,45929cccbf04e56df31a6ba4bbfaa894f6e1db93e84e0fb269ada03dddffb089,f07f1f2aa0ad27b2c3cde79c31afeae2006994adb3e17f61a0b5e522a1d17603,10,selection_seed_mean,190.2229128345147,242.72312403028337,152.14039569345627,200.18386491853025
d100_delay_median_cap1,candidate_d100_delay_median_cap1_city_45f120325051851f,city,16275499.26666667,1262.803135641167,45f120325051851fc1bba7cc7c26b20b9170dd0803c04dc8f8f51d3182a251fe,7fb39e06ef27105451db326de588cfcba8a39166ea45e23f512bdebf4b87a487,10,selection_seed_mean,123.93479704151524,131.97351136180066,99.12312234692642,108.84404885946778
d100_delay_median_cap1,candidate_d100_delay_median_cap1_city_4629bd9079baf9a9,city,24504963.2,1984.5562499984917,4629bd9079baf9a98816e2a62a22ed74f633ee6d2a54c9c3d213a47d472a1cc7,01b2d1632ecccd8e996400257e68f5216a6e9f457f3b0f76bb7a14ad96e75815,10,selection_seed_mean,186.600582319574,207.4027609017051,149.24325365276533,171.0536910644619
d100_delay_median_cap1,candidate_d100_delay_median_cap1_city_463a810ba8fa4a53,city,23475928.8,1994.3294862458213,463a810ba8fa4a53c5ae81db4967e6f010a1bf7dc5c3f9fb875cb26a678438ff,ff075a2071d43dad48be7110e328eb803cd951e02803016fd8b5f0666a3343a6,10,selection_seed_mean,178.76468325293618,208.42414600008277,142.97609704766498,171.89606987521717
d100_delay_median_cap1,candidate_d100_delay_median_cap1_city_46aefdbebb7b3984,city,13090275.066666666,424.4890331525251,46aefdbebb7b3984deb05324c6e7999934176b042ae70acec3b69134095046d1,8812103ff62e1fd97f7e5a64876af2f25dbd563b78418797cd8cdc2632362318,10,selection_seed_mean,99.67992729584675,44.36266165214317,79.72406349743072,36.58773387611429
d100_delay_median_cap1,candidate_d100_delay_median_cap1_city_46eddd2754dba26d,city,19909789.4,1420.3558628680332,46eddd2754dba26d0127b12f8de655454f27243d9a579fbb4070d5f4ea3d3a46,26ed4a4321dfc729e37adfb1f2737a6aa178b46700940072f00042796b688ac4,10,selection_seed_mean,151.6092175114991,148.4390918231608,121.25713984330075,122.4238985258344
d100_delay_median_cap1,candidate_d100_delay_median_cap1_city_489effee6ec05c6d,city,17677583.733333334,1411.584958153778,489effee6ec05c6d3c722c3393bc9e84dce0bdd580c179c30612ee95c18b7e05,f5df42716b85307a989060b7571e72f94d8672e469676f1d1dc13fca23c23828,10,selection_seed_mean,134.61140062609965,147.52245877063646,107.66227606829727,121.66791308810784
d100_delay_median_cap1,candidate_d100_delay_median_cap1_city_4a63f6b19e7c1c13,city,13796102.6,768.0530787412018,4a63f6b19e7c1c13b0f79f073f37988eecc0f20b6e7d7dc614606cd8b526c1ad,c8a40348f86098c04ea3f5d14068923b203e98f9d7525b769a9d3ef3f630867c,10,selection_seed_mean,105.05466822739766,80.26798386294217,84.02278440276847,66.2003478370574
d100_delay_median_cap1,candidate_d100_delay_median_cap1_city_4c0935c136df9f00,city,22752436.73333333,2344.966911593358,4c0935c136df9f000e20edfb8b59993462e0b688672847248a8504e045665c7f,af0f9a7a0f2f1407719f698b4032083cf37f71673786c9553cb4a5ab22a4bb3b,10,selection_seed_mean,173.2554302970455,245.06869567843023,138.56979334747018,202.11835550258675
d100_delay_median_cap1,candidate_d100_delay_median_cap1_city_4c0cbb6d4ef71e2a,city,13096001.133333333,1028.1157777633575,4c0cbb6d4ef71e2a8b0b3af6526737439192b841d6d39cf79d705a89dad942d6,1bfd395f0e0f347f9ab145342aae8d7d3bffb14720cc430b0079543ec2db4e1d,10,selection_seed_mean,99.72353019235715,107.44671552387909,79.75893711927586,88.61577928474739
d100_delay_median_cap1,candidate_d100_delay_median_cap1_city_4d2c7a2785ddb491,city,21416489.666666664,1602.5254177503382,4d2c7a2785ddb491df8b3f5e067de0d606a3500e6aa256f451fc541d461ca429,50681a33884b6918bea9a663fd434ea79782fb7d0ccff65d26061cae5ed98cec,10,selection_seed_mean,163.08245029485042,167.47733709076326,130.43343805854647,138.12553195759625
d100_delay_median_cap1,candidate_d100_delay_median_cap1_city_4dc32140f36b3bae,city,12535428.866666667,467.7447753246821,4dc32140f36b3bae0fa92f674e333a66462d9210a68e95469729b144e5d6d8eb,2265b6a8ff26ff35984b80afb08febe0114b44ad267c8507b040fd720bdd5bde,10,selection_seed_mean,95.45488018303155,48.88324924010622,76.34486837320082,40.316050651356
d100_delay_median_cap1,candidate_d100_delay_median_cap1_city_4dee0f1f09d1f621,city,13259525.333333332,1402.4201668001535,4dee0f1f09d1f62185051774370bed6947e67af309bb4d24b54dd782576bff80,3795b810438e3e1fd841039dba0f42486e5d6b972b4a51f27c4dcd6f7c6d1abc,10,selection_seed_mean,100.96873552869253,146.5646612630923,80.75485306739553,120.87797761065575
d100_delay_median_cap1,candidate_d100_delay_median_cap1_city_50297bded5f02ebd,city,25032765.6,1940.805170073856,50297bded5f02ebdeb45e71e58ea6570e4607ee32889e694266a90adf65d2e4f,6f117024f59b3c1d53fbd90fdd2c647bdeb5d672f33fb1a8771c384b7a139c91,10,selection_seed_mean,190.61969609607084,202.83040636712968,152.45774317551385,167.282679933298
d100_delay_median_cap1,candidate_d100_delay_median_cap1_city_5044e71dac7787f0,city,25314130.866666667,1988.4475727521992,5044e71dac7787f0df8309b911662436cab62bea5fcaee49df362367d74cb862,0d6eb9c8aefef5050e90a3bd468aa8fb541897a344f898efceefd6bd9933ce3d,10,selection_seed_mean,192.7622384935433,207.80943674305712,154.17134982407276,171.38909356068507
d100_delay_median_cap1,candidate_d100_delay_median_cap1_city_50f1d8da215a28a0,city,26036813.933333334,2405.3840819276584,50f1d8da215a28a0a80c0b10081a891194a3ef9db8980cbf2e878b00d960c1d0,2460f007d57d818d36d10535d38d527fdf9fe0c10a956d03de141b5b1bcf972c,10,selection_seed_mean,198.26533107000944,251.38279634109074,158.5727264492412,207.32585717423765
d100_delay_median_cap1,candidate_d100_delay_median_cap1_city_5200401baa6f1fa6,city,33653837.0,3384.417522189485,5200401baa6f1fa68ac158e2ca932515e4ea70f70089cd76cbd1585bf1a06167,777d5b5f65a617edf18e8613019f026153b7a454a4a19da05d72b86f14147517,10,selection_seed_mean,256.26749692437915,353.69999623177245,204.96289224298116,291.7111113752466
d100_delay_median_cap1,candidate_d100_delay_median_cap1_city_52057f828d44e51c,city,23177150.866666667,2459.9199169907783,52057f828d44e51c8d82193be6f929aaa7a0724b04bdc8274ea625b113d3f2d8,0670d1ca2e311dadda1f627c772fdaca1f04270492e7e1e1e028d242b1cd3439,10,selection_seed_mean,176.48954674735518,257.08224817581686,141.1564415547599,212.0264323697437
d100_delay_median_cap1,candidate_d100_delay_median_cap1_city_5215f2c2adf80672,city,23442490.666666664,1723.387378057556,5215f2c2adf8067250eeabec1b9968b7e9fb21b31df8264a3b2c30b700074c2c,2d2501abf754c9dba4fc03e2cfa5b25a17fce5d219b0a15940040b2dd9c0dc22,10,selection_seed_mean,178.51005829795238,180.10842489980286,142.77244786141597,148.54291590418472
d100_delay_median_cap1,candidate_d100_delay_median_cap1_city_53331dc38dc7bc37,city,25078382.93333333,2245.3863885437354,53331dc38dc7bc37661495f959ec5489d81dbed627dee7c1c13f0861163f38ca,b5e2d0359e250c7866ab53f76ce72aa8568c165f0e2ca8a7928130ab28454843,10,selection_seed_mean,190.9670633169229,234.66169642479693,152.73556767963836,193.535269976147
d100_delay_median_cap1,candidate_d100_delay_median_cap1_city_5359abb82c2ddcde,city,30277447.73333333,2457.875029232857,5359abb82c2ddcde88cfaeb9e34e32c411de7ed33c880341609fd44a7031fc1c,de8e6bbeb57f17ad9b55579354d17baf9ac49a1933c2496a04495cec08c447e1,10,selection_seed_mean,230.5569419582097,256.8685402666924,184.3995755122869,211.85017856045744
d100_delay_median_cap1,candidate_d100_delay_median_cap1_city_54c8a7a07f28715c,city,21827336.666666668,2070.945491562475,54c8a7a07f28715cddfe3df429e790c7fc6792e0bcc939351c1520ebec26ccdc,a3527045567fd1f53843be1a77543e2f637b12ae262bafb3adc6414a2fe743f8,10,selection_seed_mean,166.21097119155803,216.43116068255694,132.935630880998,178.49978821478962
d100_delay_median_cap1,candidate_d100_delay_median_cap1_city_55c5864f3a499a0c,city,14754789.266666666,1352.057798239556,55c5864f3a499a0c25981ea44e10f60aed39622b588d8b8f2ed66dedb50e1992,6ddf6932cc0ef88b0970d753a0cdc6bd2d6232dbd7b04257452ef2dd02bef282,10,selection_seed_mean,112.35488283298461,141.30137165614607,89.86150026612701,116.53712356177422
d100_delay_median_cap1,candidate_d100_delay_median_cap1_city_5886c5f739951802,city,14352363.066666666,1301.6005494712824,5886c5f739951802652b89bb2d53e1e8d5c61b1ef8a9f71c36554e8f58cc4b36,5d48dff9b13ddff88d7e2094d9009f817d99d8e22f36e65754fd0a444a142125,10,selection_seed_mean,109.29048470890774,136.02816627229666,87.41059287430859,112.18809155888819
d100_delay_median_cap1,candidate_d100_delay_median_cap1_city_589d0d660e777d50,city,22986507.333333336,1882.1670452416517,589d0d660e777d50adb70c97045d3c0686f4f8b29003c6b71e37d5f6a26ccd3b,34330be90ff7f8fee19b5935cc645e1a6828e44e673723b45552917940a1c0a4,10,selection_seed_mean,175.03783290289365,196.70223086980766,139.99535998241439,162.22851848554117
d100_delay_median_cap1,candidate_d100_delay_median_cap1_city_58f819ee9eb38c65,city,19958975.0,1461.6495910386905,58f819ee9eb38c65634e90f540e4985706f5f71c553bfee8a3059f35aa0d83fd,8adfa9f9175c48ac9c12a0024dbf35396881bc04d17fb395040368f1224402ea,10,selection_seed_mean,151.98375639681922,152.75463250411923,121.55669626038053,125.98310458079446
d100_delay_median_cap1,candidate_d100_delay_median_cap1_city_5906e9fd4b63de28,city,13125721.8,775.0043793751408,5906e9fd4b63de2811848d2b0491422e8a882039b5056d5b6f112dd5c36509e8,395d27b842f32264a926d170ca084df41db32cc36383aed94b8de82bcc1e2149,10,selection_seed_mean,99.94984735356496,80.99445303877825,79.93994571569206,66.79949720918272
d100_delay_median_cap1,candidate_d100_delay_median_cap1_city_59095cf8dd30fe69,city,20899549.53333333,1358.3186621311193,59095cf8dd30fe697c7f4ad2951b0fcd9ab379551a7609e44226774d73b255c1,497753962ed8084f56a0a2bfb6ccdeaf0f562b5c5542d1ee51f2cb1efab53c68,10,selection_seed_mean,159.1460505901425,141.9556844057802,127.28510329824938,117.07676252534858
d100_delay_median_cap1,candidate_d100_delay_median_cap1_city_5abb9b170a0579ab,city,14946874.866666665,1505.049280202895,5abb9b170a0579ab1da758656613cae1f77cd92b0456565d057c945c04f45401,d93fa2136baac51bf0d17001d92d5b541ced8a7980b3f0903cfe796712d6b991,10,selection_seed_mean,113.81757773779495,157.2902637591863,91.03136449689,129.72382849456267
d100_delay_median_cap1,candidate_d100_delay_median_cap1_city_5c1bb9e2d72b2176,city,29591707.866666667,3162.1513937619516,5c1bb9e2d72b217630401453d199e79943118e01684e2ace33d182be48b64494,6d5c1aedd772c6d2ebf5d50facef33f3208c82378a97711675d671302ba71669,10,selection_seed_mean,225.33516474534915,330.47132297504896,180.22319507761858,272.5534575339074
d100_delay_median_cap1,candidate_d100_delay_median_cap1_city_5c2a86794504c56a,city,18547721.866666667,1374.5082058665405,5c2a86794504c56ab055f9c56ac4921bf112f1b40db5a218667a60d39b19136a,3f464895f5b498044aa63bb5b37247c83947e21598999c0eca24a2d212231437,10,selection_seed_mean,141.2373351787566,143.64762741241847,112.96170235537737,118.47217835828121
d100_delay_median_cap1,candidate_d100_delay_median_cap1_city_5c39f322549adaaf,city,16479944.2,1096.8652787320475,5c39f322549adaaf6481599d27b65ff09f3e6c07e0f5680d0842fcc0258bd39f,67c417da2b932a53ca5157c082dfef22e3c17ff16fec7be91d2d82b5a82180cf,10,selection_seed_mean,125.49160589288645,114.63161457198196,100.36825896657616,94.54146463609139
d100_delay_median_cap1,candidate_d100_delay_median_cap1_city_5c4a70b8c41b9301,city,13213576.733333332,313.05487978177075,5c4a70b8c41b930195ebab1a90924d9bfe92c19a9479ad78dd5d3d99d4526528,b633f2b9ec4c778be54c0932073aded361dc5c9a627909ce0da93e8f1b6e9b36,10,selection_seed_mean,100.61884577587833,32.71685868341599,80.47501104074887,26.982955354605835
d100_delay_median_cap1,candidate_d100_delay_median_cap1_city_5dd65a35af16efd2,city,23727925.73333333,1707.4435828659578,5dd65a35af16efd281f8938a6175f76d409ed239a364be556eaf697c88ca0b6e,2677d425409c6684509f5d80c2bd6be671ee12be967ca32b43bd071e85c058e5,10,selection_seed_mean,180.68359143977838,178.44216467563876,144.5108409252312,147.16868173112934
d100_delay_median_cap1,candidate_d100_delay_median_cap1_city_5e4b00955c307060,city,12736027.2,1114.63529671579,5e4b00955c30706018b9b132c5a174f9074ade9df7593554900968bb9192247f,2011ab544f05b536fd0cc048895df96372b3bed1d836ac2659852077dd2598f0,10,selection_seed_mean,96.98239791512657,116.48873038369248,77.566577938714,96.0731053574886
d100_delay_median_cap1,candidate_d100_delay_median_cap1_city_5fe0f0b0e1c7b0cb,city,13795265.133333335,1009.2355941863794,5fe0f0b0e1c7b0cbb35fc148d9c37da1d6360ae85cbc1b01ce41e769b838e915,a0db2ebff8fe74243677a581f468f57222952469b24a080f6007dee5ca5343b8,10,selection_seed_mean,105.04829107978075,105.47357810325963,84.01768395641649,86.98845071251914
d100_delay_median_cap1,candidate_d100_delay_median_cap1_city_60515ade8e5a191b,city,13181323.466666665,657.6892077764802,60515ade8e5a191b036fe2b8c7cd7a33fa4442a429b1266c6b7ee3eb222aca6d,86538da68b26b67fff27a777c8e177189ab7146f3e290655d6e87f15915fa93b,10,selection_seed_mean,100.37324335270438,68.73403437579601,80.27857808065923,56.687819538254075
d100_delay_median_cap1,candidate_d100_delay_median_cap1_city_608bafc2c0ca684d,city,13879465.266666666,1126.2348714906852,608bafc2c0ca684da5a39d6dde7d769216f7cb13393dbe43d5b409f7c943a10f,d60e6448425fd9882fe37e85dd70f029e5def659e53905fcb6d6a4fddb47c598,10,selection_seed_mean,105.68945890293362,117.7009831649381,84.53049035216993,97.07290069210083
d100_delay_median_cap1,candidate_d100_delay_median_cap1_city_62f7432df312e04a,city,28402875.53333333,2658.2098357959812,62f7432df312e04ac137533f5a50425c8c60fa2a7db50b8ccdfa04f6638644b7,87d829a51604a8a1ddcce4d388d107d40108cfb67c4dca5cae89add07a2c9252,10,selection_seed_mean,216.28243514645965,277.8052065798456,172.98281670911422,229.11751885949587
d100_delay_median_cap1,candidate_d100_delay_median_cap1_city_6523266a45a19e3c,city,34833031.8,3605.6255072059707,6523266a45a19e3cde3826b00b9e5897b69f98c55dfe8bf63f22fab587182d32,2a90f5c97c39af79a6886023c439c5b5a40bf65c089fb8d00f4d02eaf052f7e9,10,selection_seed_mean,265.2468385602896,376.8180846336291,212.14457487625364,310.7775612831446
d100_delay_median_cap1,candidate_d100_delay_median_cap1_city_65e2fc4c1ccf464f,city,24786103.199999996,2238.672334836044,65e2fc4c1ccf464f9e0fa024909f6fa75f20ef3fc0c3037262df86e38d53d04d,8809af54ae4e530ed9ef0514ff5c10406dd475026bd4003e6b850de900ba1091,10,selection_seed_mean,188.74140935469984,233.96002154114544,150.95548835352741,192.95656948896928
d100_delay_median_cap1,candidate_d100_delay_median_cap1_city_66d6b19530dd05af,city,18677220.066666666,1009.9641341226716,66d6b19530dd05aff293b26f1d0116670cd53568ecfd1b733894465fea19c421,7ca811e0b25cac39bbcd1d7ebd1508022b44f91ceb125177b2915e9add55159f,10,selection_seed_mean,142.22343906849176,105.54971663257278,113.75038881666438,87.05124532728036
d100_delay_median_cap1,candidate_d100_delay_median_cap1_city_6978dc76e9e23486,city,12975076.933333334,378.17892298850654,6978dc76e9e23486332e477b877e048fa92de191965331c1af99dde87430603f,5edda6ed6fd1a817c0aad30f08a2de85c346b2a6f6edb08e7356cadc74968757,10,selection_seed_mean,98.80271566379142,39.522867010047804,79.02246912680985,32.59615375478326
d100_delay_median_cap1,candidate_d100_delay_median_cap1_city_6af6cf008a10e9c2,city,18609663.933333334,1543.2478023012773,6af6cf008a10e9c27d56dba7a52214bb1d2d8bb52bbd40fd8fe869a1f68b32a2,a17cb2236d36fa56b8f4248799694125682563c378b32210361fe844cea1c09a,10,selection_seed_mean,141.70901210459982,161.28232946434093,113.33894983344375,133.01625127075792
d100_delay_median_cap1,candidate_d100_delay_median_cap1_city_6c24fd1927ddfc33,city,24608528.46666667,1863.732138811105,6c24fd1927ddfc339db11683726e3c39dbaf3d64f381a83104dadeebf615e779,ad3843a7edd3519e787ac31e90a006341c1df5d74ace74358920bbad0a01cede,10,selection_seed_mean,187.3892119090313,194.77562864290533,149.87400005448816,160.63956942482523
d100_delay_median_cap1,candidate_d100_delay_median_cap1_city_6df3c9fc29bfe77e,city,31884139.4,4085.6595960723616,6df3c9fc29bfe77e9f8175098cf0881b49f7b30e7dfe2f3728fa55e44858b91e,23e914a520eba4c9f234406cf90c66866b4091b18cf49954c2c7330862d833ba,10,selection_seed_mean,242.79159002362724,426.9856701368868,194.18485411046566,352.15285751746626
d100_delay_median_cap1,candidate_d100_delay_median_cap1_city_6e269a3dffb90ba3,city,14701568.466666669,1243.2281019818304,6e269a3dffb90ba302bd2961d1d5d02a94fce48f6fa554b8f11d2b1324d371b9,845a8764d0ac0b2baf463885e4f9b2f4200708950c34f8bae5f89af7fc7905a1,10,selection_seed_mean,111.94961667565724,129.9277562839623,89.53736815912582,107.15682948226788
d100_delay_median_cap1,candidate_d100_delay_median_cap1_city_6e4aa47fe8a5da42,city,12882884.866666665,636.9911672220013,6e4aa47fe8a5da428e5d61e40f45cfbe2fd8175fc7bb5305861566bd72416ff8,36ca096b6f9221798433c67bdddf4c54ac6f47ccda64d390ab7c366a400fe18a,10,selection_seed_mean,98.10069080520093,66.57091566537517,78.46098923891896,54.90380548743126
d100_delay_median_cap1,candidate_d100_delay_median_cap1_city_6f4567bb3b1199a1,city,28422936.4,3088.45873659688,6f4567bb3b1199a137384582af1966f4ecfead403a843413c164d476ccb4036f,b9de132dc26248b4cfd9198f12bdb4e439899f6e25075de93fc17b8dc95004f0,10,selection_seed_mean,216.4351947883038,322.7698226753067,173.10499395900408,266.20170962429637
d100_delay_median_cap1,candidate_d100_delay_median_cap1_city_71a0b5bfb90f048e,city,37139761.93333333,3087.970996600611,71a0b5bfb90f048eb50ea4e664f1231736efda6c7856b18b17dd69d06c287778,685f4a7ebcf5ac6135c932dcafe6e02f79abbe0e9a4529383cacf27ccdabc151,10,selection_seed_mean,282.81214492786285,322.71884975789595,226.19331706728633,266.15967013731205
d100_delay_median_cap1,candidate_d100_delay_median_cap1_city_72773c1456c843e4,city,13637392.266666666,1630.8655996503858,72773c1456c843e4a8034d20f7f5529c4398f9a434db06be611dc3be1c9fe496,39ceaf7718ac5373930b42d654d2c09b4b1e04f79f05a8284b96fc3941086b96,10,selection_seed_mean,103.84611955999407,170.43912362139494,83.05618647965949,140.56824060818005
d100_delay_median_cap1,candidate_d100_delay_median_cap1_city_73566b8fb23dd908,city,31296357.4,2852.430141653033,73566b8fb23dd90866f5e1ec3d08b2895a091124f06b3c6642c1da67dd25d6a5,9f09013da7e87fabc355e1a58ad159b5ef1603a5973d5b39e7bbfd1ab48f9707,10,selection_seed_mean,238.3157431275599,298.1028563229339,190.6050691745499,245.8578355910285
d100_delay_median_cap1,candidate_d100_delay_median_cap1_city_73ed0f040f11374b,city,25153713.933333334,2063.5614603600397,73ed0f040f11374b6e17cda87a74c2d2d837d63a3dece50b10547187301f6b8d,8ad855cbbb35fb24db16d6f199972c6fc38d5e57528a417cb724242d7bf73dc3,10,selection_seed_mean,191.54069439532896,215.6594675355521,153.19435814788594,177.8633407509736
d100_delay_median_cap1,candidate_d100_delay_median_cap1_city_74c5542fcc954cde,city,22988626.2,2071.025737007086,74c5542fcc954cde4c9cf7ca767ec01a592430016761bbaa5d96125f90e2e964,5104a88771528faa9f3e8ceea92f33edbfd8a9fb43d219839824bef07b928ab8,10,selection_seed_mean,175.0539676650898,216.43954700406434,140.00826457454983,178.5067047632582
d100_delay_median_cap1,candidate_d100_delay_median_cap1_city_74edf000674e493e,city,13036087.866666665,924.2905630637263,74edf000674e493e30e4c8331e37f0539fbf07cc0dd432b2f1fb0ec13ac41a80,6a38cec2c08d52521a3a656930674dd919dd0166fb80d35dc868a00393f5b74f,10,selection_seed_mean,99.26730218836373,96.59611041760802,79.39404569783927,79.66683354438572
d100_delay_median_cap1,candidate_d100_delay_median_cap1_city_7690f6cb756516d5,city,15242006.0,1229.6658471073483,7690f6cb756516d54e2b1a21ed84cf105a52c0b864b4a6a4d550dbdf514dc7a9,072f9a6bbdbe8e6c69eb1cc8fed81ff7e1df7bb939d44b7572d13b941fe25aa4,10,selection_seed_mean,116.06494456267703,128.51038698287937,92.82880978311248,105.98786601477288
d100_delay_median_cap1,candidate_d100_delay_median_cap1_city_76bd7b411a7318a2,city,29552855.46666667,1721.3877131954334,76bd7b411a7318a2bdc00e55c54e3d672fb1f61e27a19c61976ebc1ecd34283a,f0bdf4ef9e9c26f51e93e44cac8005f3a4188054a05c4030d9319b614801979c,10,selection_seed_mean,225.039311190894,179.8994431623073,179.98657123366937,148.37055996539073
d100_delay_median_cap1,candidate_d100_delay_median_cap1_city_76c222bbb98bbe8a,city,13713212.533333335,701.9548324227233,76c222bbb98bbe8a182669e8cbe782bbe561a141b05f4551aa1fcf6acfff12a3,24d29ee42d1d8882436cf62ab3628643d0a9c07643d0c0d194e1a0d6031f04b3,10,selection_seed_mean,104.42347630997791,73.36016314623342,83.51795674218958,60.5031805203475
d100_delay_median_cap1,candidate_d100_delay_median_cap1_city_775f0bc7e376737b,city,26781219.666666668,3486.678103151056,775f0bc7e376737b6f40c72e02b37304f4de39bbeecccb2a1c32df777a221b13,1caf8a8592fa425f403f1662589c3a77fc8c90164dcfd7e5e2033c4cf88d5610,10,selection_seed_mean,203.9338375757458,364.3870839990546,163.10640123070095,300.52519755893945
d100_delay_median_cap1,candidate_d100_delay_median_cap1_city_7b1cda2851807e0f,city,16258440.4,775.5178950699781,7b1cda2851807e0f7cc5f91d9845dd12143bb32854a979759362a5d563dae304,8b8b8cfc171bf7328d01d8391979c286417bb34fbf3bd7354b0ae913ebe8e204,10,selection_seed_mean,123.80489705236886,81.04811973271836,99.01922826048428,66.84375836581233
d100_delay_median_cap1,candidate_d100_delay_median_cap1_city_7d8304305de3331a,city,25429119.26666667,2491.0909446196656,7d8304305de3331adebc3e8ee34d1031b7f13cebcd696e153180f32e5a383176,c61678355de2a0a2c82bcd3b44e4d96f2df5436f475d7fd8e8f400ea07e4362d,10,selection_seed_mean,193.63785304659828,260.3398818107312,154.87166684998556,214.71313844330422
d100_delay_median_cap1,candidate_d100_delay_median_cap1_city_7da4d136144cc6b4,city,26509987.533333335,2788.7611194563497,7da4d136144cc6b4557bb12d9cc7eab6f5f1413e92d15f4e66147e4bd2c06d49,100ac0a1621e08186d74560acb4850471dba5899b1206175cdc48058536b014b,10,selection_seed_mean,201.86845703994555,291.4489098865383,161.4545086837312,240.37004896204473
d100_delay_median_cap1,candidate_d100_delay_median_cap1_city_7f025c0e51f9de26,city,28481679.73333333,2499.2887928541245,7f025c0e51f9de26cbdbb27817ebe67fedd01d1b6566e222c574c7e6efbe99c6,7ce2d3a2569b6a98f4ef6b0a1989b79c9cbd2bca0f1727fb8d369f6caea5913c,10,selection_seed_mean,216.8825139749489,261.1966256582695,173.4627601031734,215.41973076049936
d100_delay_median_cap1,candidate_d100_delay_median_cap1_city_7fa7497226504e9c,city,13302892.333333332,986.0581985270192,7fa7497226504e9c40ea5452dd30bb9889f40a3cfcd6efb4a2c44e7bb68f1e0a,50b0a9bda05e4b352322ee9357cbb028a5fadf855173f747100eaa33727fe0d3,10,selection_seed_mean,101.2989668939636,103.05134600464,81.01897230431645,84.99073506359356
d100_delay_median_cap1,candidate_d100_delay_median_cap1_city_8021d11b5a2f26bf,city,25644604.6,2210.7940046345493,8021d11b5a2f26bff32c055876a8c3b52c4f73aebf775efc7b20caf4aed4fe32,38c4f0e073f06dbb14a6d4d8288cc594453c65c2bde55cd8f0424b710ad00beb,10,selection_seed_mean,195.2787324208357,231.04650238384073,156.18404312244274,190.55366895053248
d100_delay_median_cap1,candidate_d100_delay_median_cap1_city_8091705f9496b272,city,29507757.06666667,3575.3108022322704,8091705f9496b272897d2a66bc2ea063ddd87c64c169a4c6b23325ebf5088c45,6337e652ae1bee1beb97abf34a1d3c4de752e0fb1138210fa588dd0766fc0201,10,selection_seed_mean,224.69589554758136,373.64994389311295,179.71190720354613,308.16466372517135
d100_delay_median_cap1,candidate_d100_delay_median_cap1_city_83f0291da30c4039,city,27374376.8,2292.6701803045285,83f0291da30c4039c819ea20ca69480995634ad784ef4fe7fd17f2f868592580,70bc1a8b82b55e508f40a175900d185d29e8c365abc864177c514aab9199de1d,10,selection_seed_mean,208.4506150784767,239.60324895428417,166.71892248949695,197.61077406337714
d100_delay_median_cap1,candidate_d100_delay_median_cap1_city_843c7073a776f3ac,city,24148914.333333332,3021.795277652833,843c7073a776f3ac1b58023f752758e86b4d8cda4994ba45bc8a6c2faa4d4731,3095f51acd08b7d67f2a1ff7b126950ffa3fe5131b8cfd963e3874d4d8fa0e0a,10,selection_seed_mean,183.88933867019665,315.802932502119,147.07479941404551,260.4558252677748
d100_delay_median_cap1,candidate_d100_delay_median_cap1_city_84ba156791f48550,city,23592469.866666667,2892.9744396293113,84ba156791f4855041dee9ace6e228628e0ae09f390d550f46ca67b788f370ba,fecbc778a4ac2a27d9a6dc82fdfc878c1cf1d35c99b969c0637806da9a7c38c4,10,selection_seed_mean,179.65212106407088,302.3400752675256,143.68587032222746,249.35244644948366
d100_delay_median_cap1,candidate_d100_delay_median_cap1_city_8560ba7de8ab8eaa,city,20448143.46666667,1465.264297991044,8560ba7de8ab8eaa3604f72448347b84199060bb3bf47cbf36ce1ee4eec9528c,a380830cb9b4b262729ca90508614a05fd5f1fdb7a96e8aabfa4bb8ad270a6bc,10,selection_seed_mean,155.70868020051518,153.13239967588333,124.53589247274896,126.29466489374447
d100_delay_median_cap1,candidate_d100_delay_median_cap1_city_8750ba64fb5a6a21,city,12507486.533333333,356.77631874260436,8750ba64fb5a6a2126851f5abd58c0fd816dd4ee39a48399fd55fdf79b6caa10,d2155f4ed96c16ec94f65c3dec053214803c3843b41713176a711cbcffbd30c2,10,selection_seed_mean,95.24210468817311,37.28611548885003,76.17469040936219,30.75141165958879
d100_delay_median_cap1,candidate_d100_delay_median_cap1_city_87c353aec23eab7f,city,13962704.8,1568.758135810284,87c353aec23eab7fb95ae6c9ae02eb34cd7794577da8f06b9cf2493e70aac8a4,cbf63fe942fe6aa0c1c7b515cb4c1f0d86f80c9b10947578d9ba95f4c152405d,10,selection_seed_mean,106.32331194181556,163.9483731208487,85.03744637923324,135.21504846131597
d100_delay_median_cap1,candidate_d100_delay_median_cap1_city_88b721ed78c76829,city,22715502.53333333,1725.2944785815985,88b721ed78c768293c7472f81d4a0da66c9966ca0a87f0f326be9193d11de123,65f5bce92aa11510e881b8f0f179b6c2961de6cae0512852039cafca85a5fbc7,10,selection_seed_mean,172.9741834667092,180.3077328881775,138.3448519699185,148.70729349936184
d100_delay_median_cap1,candidate_d100_delay_median_cap1_city_88f92d569af63cf1,city,22666424.6,1722.2225064414517,88f92d569af63cf1b2cad4ce6aa0347a7fb0efb7783179a90e97db454b98746f,4785f73ffbe82523f444a0f9184c9e3caa104c2555811db2415121a3856bd2d4,10,selection_seed_mean,172.60046444235087,179.98668605300716,138.04595127811004,148.44251280926065
d100_delay_median_cap1,candidate_d100_delay_median_cap1_city_8a2475a8b0fedd9e,city,25217971.2,2445.7548941045707,8a2475a8b0fedd9e78f6e7700a6e3374830e13d6b8bee3bea273e0ea5b37dcb7,3ccf195c9a497540c1e147c10199cbf9b52d1cea7894cbe8eff2ef0b73a4c4fd,10,selection_seed_mean,192.03000112394562,255.60188456564578,153.58570595240604,210.80551487309916
d100_delay_median_cap1,candidate_d100_delay_median_cap1_city_8a4b4ca25ff4975d,city,12853556.8,1452.3406023856612,8a4b4ca25ff4975d5ef5ac747181ff73f82c83038c885d47014a32371ed902b6,726dbc392cb7aa6dcdecfecb5235521b12f3b8537f40030d9dffb12d5f313a8d,10,selection_seed_mean,97.87736321749384,151.78176517025437,78.28237170511755,125.18074039022085
d100_delay_median_cap1,candidate_d100_delay_median_cap1_city_8b647a4ccfac69d0,city,22775028.133333333,2849.376210938177,8b647a4ccfac69d06f6316f2b3d2e611bf96502974dd81f8558d0e74abe32c36,3ed4c3fc1617013444f98db2ea82c0cefdb6741b416037b700218c22e4db2620,10,selection_seed_mean,173.42745946358656,297.7836949679135,138.70738237435646,245.59460993489924
d100_delay_median_cap1,candidate_d100_delay_median_cap1_city_8be0b78465160ed1,city,13279060.066666666,720.7367643616966,8be0b78465160ed129b5ef4144892debfc76920aa737758eed0c88dcc1b0e413,ee749964398f1f61f05882700e872a6dba306fa319f300ad7ed238dd9d913183,10,selection_seed_mean,101.11748876638187,75.32303244722397,80.8738259929254,62.12204054685737
d100_delay_median_cap1,candidate_d100_delay_median_cap1_city_8daebb0c8b9d0361,city,22180694.6,2918.2839600323896,8daebb0c8b9d0361b198be77154766eab914c57a8f003f8a9967e8174138f781,954b15a31e41c392e7b5704aca24798e58bce4f6653613be87346d3011d0d89a,10,selection_seed_mean,168.90172390108427,304.98513227142786,135.08769645417473,251.5339350739664
d100_delay_median_cap1,candidate_d100_delay_median_cap1_city_9008971a7d9d92fd,city,23593642.4,2192.6355536914693,9008971a7d9d92fd7091f5dc37e5a3655cca0f489498abbc5724f45d9aed1043,c560ebc152c573ef69843dcfc55055273cd484d359b63079c28b1d28c57ba432,10,selection_seed_mean,179.66104967991916,229.14879207238153,143.69301143434646,188.988548255249
d100_delay_median_cap1,candidate_d100_delay_median_cap1_city_90a5f1430078c07d,city,12505802.733333332,480.5168979000442,90a5f1430078c07d75f6141b85556f037528be59ecd535d74d5cc0fc1c7e139e,9182bfe5ae07f4c79b6fa527fb09cc21bdc58205ec23930ede1e27824e84502f,10,selection_seed_mean,95.22928287497774,50.21804309374836,76.1644355157535,41.41691070974189
d100_delay_median_cap1,candidate_d100_delay_median_cap1_city_9141fc603ff7a03d,city,22944207.733333334,2951.3329985508667,9141fc603ff7a03d5b3b9260d5207fd2e2fb571e03cfdaa1c4d5aff086461c14,f32167223beab70528c58827f474ebcfa16077b15aa3a6ab13ac3d90d12254d7,10,selection_seed_mean,174.7157295833553,308.4390337841132,139.73774156117105,254.38251143692983
d100_delay_median_cap1,candidate_d100_delay_median_cap1_city_9169496eac0b6a2a,city,14164380.466666665,722.800997688578,9169496eac0b6a2a14e45e0e4af7c3f5ba70984cd637fe3cd308ce50246e1789,00df31f8c0c3425b5bc6fa30c128bdf7c8553e3b2140c29cd8b376aa15d27342,10,selection_seed_mean,107.85903336006638,75.53876213044201,86.26571725767813,62.29996179740476
d100_delay_median_cap1,candidate_d100_delay_median_cap1_city_916ef40d433d75d0,city,25620145.06666667,2354.6886382824496,916ef40d433d75d0f256f1d80fae2878a5402b22a21da10ceced4348e6a538c3,857ae8548171e1b1b6e6baf7cae1f0c30793dd38ab7b4b270ec8e7aa9433896e,10,selection_seed_mean,195.09247777821437,246.084697596265,156.0350765515607,202.95629458024723
d100_delay_median_cap1,candidate_d100_delay_median_cap1_city_950743373e7efc24,city,18316750.46666667,1604.164296518478,950743373e7efc24199007b3a50a8ffe90241f1a033247c44e6fdd0f9ed662b1,a9a1ed97208952774de466fdfcf2942e2b377758d6903098d50087848d26d5da,10,selection_seed_mean,139.47853238491413,167.64861365765105,111.55501086372337,138.26679087252887
d100_delay_median_cap1,candidate_d100_delay_median_cap1_city_9517335e1cc7635c,city,21668684.2,1662.392003127079,9517335e1cc7635c21a9c426ea1b5445e13bf882c7b71d93f4242f9574039d34,c3bcfbabad2a2c29048ad874be1c0e35f086cb435ab8aa2cb866ede171d95f38,10,selection_seed_mean,165.002863167693,173.73389701084776,131.969385384846,143.28557738343144
d100_delay_median_cap1,candidate_d100_delay_median_cap1_city_98296dc0024a282e,city,21882884.666666668,1483.2791428954483,98296dc0024a282ed998b40228f774f9e74f7055cb48b6481356123b5cee9890,8cdc37f1699f0e0ee7d55d4c5448b05419d26a594ccccec6f214f25d3cc7f4fb,10,selection_seed_mean,166.6339585293512,155.01510195272346,133.2739363983841,127.84740783809512
d100_delay_median_cap1,candidate_d100_delay_median_cap1_city_9a54cd4d185d6ee3,city,19074680.53333333,1130.9468243303966,9a54cd4d185d6ee3ae7751df6566ac5e62de7c86ce901e2f9c6005feae1e67f2,a19d62d18049b98af80d38021cc7f9a723dfe33da0a8e9313181040d5eca1eac,10,selection_seed_mean,145.25002408817497,118.1934217280655,116.17105326572091,97.47903527526263
d100_delay_median_cap1,candidate_d100_delay_median_cap1_city_9a802786b5aaf4e6,city,22524374.466666665,1590.006795277189,9a802786b5aaf4e6d9e399c9c278b625d9de030024eade5af790ab7691f673f2,44db3f6a8a06e1c12e7db091ac1bd01e57759808c640824a3ed414af52abe666,10,selection_seed_mean,171.51877999409294,166.16903612241367,137.18081943084104,137.04652168460638
d100_delay_median_cap1,candidate_d100_delay_median_cap1_city_9af228d943704b76,city,29200337.46666667,3729.4675088363265,9af228d943704b761d67179ccd712c6b67c16d4f372d19c2d1a3ea0bc80548ba,7c6d34d9aaebb026f01f33d5ba0060cad62d1248d778ab13edfe69b1f6a39bef,10,selection_seed_mean,222.35495441217697,389.7606117369796,177.83962112965264,321.45180218092696
d100_delay_median_cap1,candidate_d100_delay_median_cap1_city_9df8d9895369c391,city,12450771.866666667,489.5602883261439,9df8d9895369c3910db84ea4f8697b9c045bcf170c2535c43693686cb60fa5bb,d612a94a822bad3632a693e1de6424c1175cb9dbb61b188df984f2fe52136268,10,selection_seed_mean,94.81023340807013,51.16315318689214,75.82927950977897,42.19638234836265
d100_delay_median_cap1,candidate_d100_delay_median_cap1_city_9ebdd3c20ea5efba,city,14116486.4,624.6613237588549,9ebdd3c20ea5efbaa9d6aca33b456b635f6c6373d13b94ea8c04c9e15898eff0,0203ff0e6aafc3ed38c228be99698c4f29f8d1457c863ec258e1b04ef8712fab,10,selection_seed_mean,107.49432925271019,65.2823436857478,85.97402670170149,53.84106653275571
d100_delay_median_cap1,candidate_d100_delay_median_cap1_city_a12d4b0fc3a9bea6,city,14047412.8,1407.9475658752278,a12d4b0fc3a9bea6d22ad2486cd81f60c5273750a1df5cff31c5f6034c9e8fce,a9a9b3226985422e9d5ca4b91a6d56b07f031b2782e46028e19ef822dd9c7cd3,10,selection_seed_mean,106.96834707196938,147.14232079215668,85.55334584936257,121.35439747216304
d100_delay_median_cap1,candidate_d100_delay_median_cap1_city_a15c50ec15b81006,city,19932742.4,1952.8151096358986,a15c50ec15b81006175d48eadf87ce3b7926159b7a020df6e12e5d28e91977f2,4142e70b54e05f7de27b383aa98bf7ff0d2688551da4cbd3d23a06195f34d628,10,selection_seed_mean,151.78400019250233,204.08554570794308,121.39693113264624,168.31784559894746
d100_delay_median_cap1,candidate_d100_delay_median_cap1_city_a1d06302f6b19b91,city,13673920.666666668,942.3868303068015,a1d06302f6b19b9147d87d23d02728c021057b9c292efb0d9a63d7ac6c676039,da95d4868818013adddf0d9adb0af46579102591889780743053987b6db206ce,10,selection_seed_mean,104.1242763013681,98.48732201124852,83.27865640227215,81.22659447654337
d100_delay_median_cap1,candidate_d100_delay_median_cap1_city_a32097308f6b84a2,city,13340857.466666665,723.7551546735101,a32097308f6b84a2e8b5af9ac9ab96ffa1702b0500c882bc7c30205af7290b89,573b9d739cf0561ee8164de6e2d6c3406b09913f8c3154228377cdad4054ef20,10,selection_seed_mean,101.58806408337868,75.6384795322585,81.25019240359934,62.38220288990474
d100_delay_median_cap1,candidate_d100_delay_median_cap1_city_a324bbb3e5e086a4,city,24001087.4,1844.2629157792812,a324bbb3e5e086a4bdeca1bb59d981eb8fc8ad44c9cbe2c9d6ea4f545a5d8ba6,c4eee4c5fa988c33b4e5001c84806c89469472721eb800f5ff83204d625dc34a,10,selection_seed_mean,182.76366500085135,192.74093166245223,146.17448496231125,158.96147012088605
d100_delay_median_cap1,candidate_d100_delay_median_cap1_city_a3b69e328cc3fb33,city,22200347.799999997,1539.954283791272,a3b69e328cc3fb33f29c648c376eeb3084d40afc49296743761522b4868a6d14,6ea86c490be1a67e8edbe08de523c213912564aeaca89d33218bdf7b1a7480b0,10,selection_seed_mean,169.05137923965836,160.9381291767167,135.20739088051394,132.7323749645429
d100_delay_median_cap1,candidate_d100_delay_median_cap1_city_a3f47a5fe431dafb,city,13665336.733333334,1274.6303713345164,a3f47a5fe431dafb072e2dbe26ced18b8bf2922d5b4aebdf29bf2b28f6f43d70,4f7e1b255bc7bb38cbd07ab0b169e97724899dab36082b3761ea2d6867e062c0,10,selection_seed_mean,104.0589112997756,133.2095566170751,83.22637743619704,109.86346683788904
d100_delay_median_cap1,candidate_d100_delay_median_cap1_city_a429951251cca526,city,13203175.733333334,287.219325762883,a429951251cca526aa323f80a7b38a2e49ee2d4c1565471f8e9c7216b321af16,3852ac842b53163eb7bbac2005f8272aebe91754c390ec2e57a3deec0c756381,10,selection_seed_mean,100.53964416105177,30.016826757918018,80.41166554340725,24.756126623684548
d100_delay_median_cap1,candidate_d100_delay_median_cap1_city_a53315e9a5be9ab0,city,19229946.666666664,1506.8180001418223,a53315e9a5be9ab0cdd1457fac44ca3de5e7d8a31b19a7eb04efc113318b86f2,047a7fe369389b9a3378cff891c94790457c246a38b04a31fe57be793468af1a,10,selection_seed_mean,146.43234583491846,157.475109816634,117.1166748825186,129.8762787332561
d100_delay_median_cap1,candidate_d100_delay_median_cap1_city_a7649b25be6444c2,city,14024924.4,1084.9274619424855,a7649b25be6444c2cf317bde89cbc92c6f81675504027a0b88bd17bb16e48b84,e05d7aa2d36216d4e2470dfdf2ea8e7ea4ba84cebb36467ffde67a7025e51cf5,10,selection_seed_mean,106.79710223062085,113.3840126653614,85.41638412621889,93.51251540620312
d100_delay_median_cap1,candidate_d100_delay_median_cap1_city_a8742d4694ca1bbb,city,30819398.333333332,3236.8251469157967,a8742d4694ca1bbb743076e9ced0e4adfb09375376de663a87a0f32b3c57757c,7cfc3663de08ea7521f99797c8569cec3a21fc566ee35f349d02108f049a1e72,10,selection_seed_mean,234.68379155692458,338.2753560282878,187.70023220795042,278.9897684737518
d100_delay_median_cap1,candidate_d100_delay_median_cap1_city_a8867ab247fca12d,city,16107972.6,1201.4853988032435,a8867ab247fca12d370bf992b01c8c419713be33b6272f66a871c458d6b87d5e,c53e0e9444f28ed4ab3fa007f88935b6368f03be80fffebd76e4908e1f686e8e,10,selection_seed_mean,122.65911369121102,125.56529395176796,98.10283006560867,103.55892518819158
d100_delay_median_cap1,candidate_d100_delay_median_cap1_city_aa471dd1d9304a13,city,28165342.733333338,2093.797125536618,aa471dd1d9304a139ba700589354da3ff29206483d780e27636bf370cb231c7e,cec597130958e66e16d50ffa60217821c435945e007e6d74f8bcde43c357b1c9,10,selection_seed_mean,214.473668553413,218.819347954828,171.53616414196202,180.469425678144
d100_delay_median_cap1,candidate_d100_delay_median_cap1_city_aaa717add354ef39,city,24566523.8,2583.6863864243264,aaa717add354ef3934904faec5e2622de475cc9af4d9298da29c1bddd08fbf9e,bf0d375da1457a35d51e3afe242b4eabb7e5dfcf557fe1579d0f9e030e33c9d3,10,selection_seed_mean,187.06935445010885,270.01688153155766,149.6181778738642,222.69416296525662
d100_delay_median_cap1,candidate_d100_delay_median_cap1_city_ad4049b9def7162a,city,15079917.466666669,1016.6786087231834,ad4049b9def7162acdcd71cccb661f32165bedb6d8e59d3e56ab180a69980200,53fc1abb236a5be407f227d768c8a269f59101fa3d2032f2e4c0feeb6ed2160d,10,selection_seed_mean,114.83067155192118,106.25143550305155,91.84163751531365,87.62998209222567
d100_delay_median_cap1,candidate_d100_delay_median_cap1_city_b01ccb237e0bd7d7,city,22387952.8,2561.903060426901,b01ccb237e0bd7d7cca1bf90fd7b79fd178d6f101c2a64836b519161cadaccee,1d1a60c2a6e17ce11a34eafcdfea46ee1891c23f61f1534b8180943ce6366c64,10,selection_seed_mean,170.47995523711444,267.74034139645624,136.3499667894436,220.8166055437812
d100_delay_median_cap1,candidate_d100_delay_median_cap1_city_b05e2b609bbee5ef,city,23447926.999999996,1851.2502293874095,b05e2b609bbee5ef0aeb1114e7248cac8c7af3845e314044bf5b4e467b91974a,831facc7cfbb1d3418f82b11b32446268fb14b8ae6910abd21be4394f35a5148,10,selection_seed_mean,178.55145493084686,193.47116449591965,142.80555691234517,159.56372353814052
d100_delay_median_cap1,candidate_d100_delay_median_cap1_city_b0deeff883365551,city,13671575.333333332,1433.2798290436267,b0deeff88336555170de82ddbe3fc6d8ebedeb4d18a58233ac974ed657339bc5,431fa4175651ff73fb502e27658ef7225c6d3173d6abaec0147a6628e9d45b46,10,selection_seed_mean,104.10641703905614,149.78975460564445,83.2643725539468,123.53784635045724
d100_delay_median_cap1,candidate_d100_delay_median_cap1_city_b0ef907cb3dc5473,city,32517413.93333333,2958.3843938467317,b0ef907cb3dc5473af05678b414773e0c54a6e22b4435438c137a9c7ff1927da,72222468675291fa6b049b1ec0b82e3bdd37cdc73b5effdba90461e02dda29ad,10,selection_seed_mean,247.61385381254635,309.1759636910245,198.04170347762172,254.99028820945173
d100_delay_median_cap1,candidate_d100_delay_median_cap1_city_b203f58bbc0db1eb,city,13154967.0,348.3542295988163,b203f58bbc0db1ebb7dec37b1912ac7100e99a1188406cbdf8f9602195af6a9d,9e9f0c4179ae47bbfb1ad98c283dec5e96b080e4c695114b668d469292212506,10,selection_seed_mean,100.17254392754114,36.40593658689991,80.11805856434655,30.025491477422136
d100_delay_median_cap1,candidate_d100_delay_median_cap1_city_b25fe07a6dd05e21,city,19415956.0,1373.0091303527815,b25fe07a6dd05e21e68c869672137b031601914aa2add244a048274792480813,e974370fa495d150298c6a937ad3322af3f3e7ff8eadb79aa58ff67b8d1be602,10,selection_seed_mean,147.84877113756394,143.49096145731946,118.24953265871181,118.34296942312858
d100_delay_median_cap1,candidate_d100_delay_median_cap1_city_b2731e3a5e80b2e0,city,16796125.666666664,1194.5749157684882,b2731e3a5e80b2e0516ddaec0b90db4f6022859ec97756bcb1fbfe44acf459b3,0a343fd3792fab5bb58d99197745796264123bbab8e9fe64f8cd4678f8bba29e,10,selection_seed_mean,127.89926695799905,124.84309055714321,102.29390767883525,102.9632939834151
d100_delay_median_cap1,candidate_d100_delay_median_cap1_city_b2fcc2fbf6d76a98,city,20407765.266666666,1677.996812457389,b2fcc2fbf6d76a98bb0fd4331062198bf814aa07b81ee673c24f0ca79a40d6de,f11b7a543e731aeb258c5be8d15047c84a0338e7ef27112d7ed3df457ba8d00e,10,selection_seed_mean,155.40120797248028,175.3647303714307,124.28997600695142,144.63059354727596
d100_delay_median_cap1,candidate_d100_delay_median_cap1_city_b3b4deeaed1fca64,city,13083058.2,352.25866290132296,b3b4deeaed1fca64501a965b63c8c27b52cc8fb9f0f33895187995c2746e8c85,ba64482df418d731fbaf9d1917673cf162669e159eda99b56760f4d27dc170c1,10,selection_seed_mean,99.62497224402595,36.813982590482354,79.68011041520322,30.362024003476403
d100_delay_median_cap1,candidate_d100_delay_median_cap1_city_b4e97448fc447ba0,city,27291501.333333332,2942.309890953068,b4e97448fc447ba068349806480f55e5d33a4d0cfee1a95ca7d58b41389bf0f0,1074e8ef7fe44106efba4ccc26ebb5afb68c81c66c04880849a4da32c37be3b2,10,selection_seed_mean,207.81953433724925,307.49604341651946,166.21418374770093,253.60478802421412
d100_delay_median_cap1,candidate_d100_delay_median_cap1_city_b53dcf40dfea094f,city,13614739.4,544.7466617206816,b53dcf40dfea094fcd46007d8d6f9e89d7b49876aa1cb759b20cb15beeaf33cc,dbf13b3c2a5abd12d61bda7bc5658e4c0d3e25913f7df2046ac5eada79123c53,10,selection_seed_mean,103.67362233660678,56.93059172948231,82.91822310063694,46.95302901212159
d100_delay_median_cap1,candidate_d100_delay_median_cap1_city_b629f8dd1ed8053d,city,13348920.8,876.9900920295119,b629f8dd1ed8053dd7bba661eb9abd4ffe2e793d571b1c3c65c8a5404e29bf3c,2dfefb80aea021ef893a3012aeabcfd0eefb4d92f7154df0b9f64004db78c315,10,selection_seed_mean,101.64946481608564,91.65281476425747,81.29930074512723,75.58989183033948
d100_delay_median_cap1,candidate_d100_delay_median_cap1_city_b6967b13dada4c66,city,25100396.666666664,2166.9911984408677,b6967b13dada4c66b5a7bc7c08a0e8fa5aa9f203310e37395f7afa7ced755f4b,457acab341cc3b0b80b175bd044bc49c0fda54525714d64f9c346f4de2c2ee33,10,selection_seed_mean,191.13469366288595,226.46874202062665,152.86963852728246,186.77819940744632
d100_delay_median_cap1,candidate_d100_delay_median_cap1_city_b7a8bfd66a47322a,city,23429525.466666665,2105.2946979464477,b7a8bfd66a47322a270f84672c8eebc9909010963b09d8e356f1648078677968,2d78bcf48b08133d5c6abf83b5962845dc92f7472dd5aac58c9f515ab6f84b38,10,selection_seed_mean,178.41133079323654,220.02094063403163,142.69348554604883,181.46042918282365
d100_delay_median_cap1,candidate_d100_delay_median_cap1_city_bb18c8e0d637346e,city,20972264.8,1579.403286976641,bb18c8e0d637346e105d210a098e52f31420c27b15293704b1d29eb3686cf51f,67a0ba10368a9febf366b89591bfad8f30cd61ec6a0f5562235013699be2828c,10,selection_seed_mean,159.6997633622361,165.06088063587634,127.72796309358922,136.13257972249633
d100_delay_median_cap1,candidate_d100_delay_median_cap1_city_bd311e09fe0de375,city,24427049.133333333,2115.076084307663,bd311e09fe0de375186c3d2daf3843d4cfa0b65d696020cd82c3fa6fc124685c,d7b5d91a6c20e3efe51c13626751261b437d1d30d2c2763ddd58a8bdac4da501,10,selection_seed_mean,186.0072816852402,221.04317748761736,148.76873146231162,182.30351047155744
d100_delay_median_cap1,candidate_d100_delay_median_cap1_city_bdea6f541804a7b2,city,23687336.4,2138.193173877605,bdea6f541804a7b200c4b1318d7ace2c7772e75b9ccc7fd41cad6e8baa9af409,bb59cc7cd5268fb441edd1a98d73422880f996a0ebec98baf5bbb25f65d42281,10,selection_seed_mean,180.3745114720124,223.45910709446102,144.26363858826693,184.2960281931435
d100_delay_median_cap1,candidate_d100_delay_median_cap1_city_c0ee824f3dd92208,city,14510686.933333334,1152.6507062641467,c0ee824f3dd92208f994721d2c1451c673c3b4d5e4d035eb310e6191dbd533d4,b663f84d271371ac973c15200f9f6a1d0f683d833b58a6a0647d51c85412420e,10,selection_seed_mean,110.49609050696445,120.4616592926837,88.37483708881204,99.34974522122566
d100_delay_median_cap1,candidate_d100_delay_median_cap1_city_c12c1ffc7913c726,city,25533920.999999996,2031.6748441267712,c12c1ffc7913c72694716de15708d3de994979fff632b3006c6e6542323ee7a0,7cf66e5e729682d25229bd0d1758c2bdc2103a5376edb2caf0086efcbde84469,10,selection_seed_mean,194.43589809194236,212.32704889405576,155.50994373877168,175.1149563691952
d100_delay_median_cap1,candidate_d100_delay_median_cap1_city_c1b0256db03f9253,city,14386422.066666666,900.5973551881834,c1b0256db03f9253f6943fed43fd39e71c1bd7103270ec6250f49bc2955e3311,0addff48a0bd56f1afc368bda3463c840a25a1d3cecf71c953cb4f3f5085e58a,10,selection_seed_mean,109.5498374441619,94.11997161932031,87.61802334195197,77.62465879611528
d100_delay_median_cap1,candidate_d100_delay_median_cap1_city_c1cb7fba6491170e,city,14214753.933333334,993.2507459382814,c1cb7fba6491170e6c0ab220aae40d295c0e5b71fa39363d1d73ea5f43116a42,489c7217c5d7e5e91116a219fe57920f8027ba143345ac56bcba509a3bc5f5f4,10,selection_seed_mean,108.24261762161939,103.80302749062125,86.57250817190007,85.61067807748069
d100_delay_median_cap1,candidate_d100_delay_median_cap1_city_c2fc2a83786267f7,city,14520967.733333334,1494.5380237497789,c2fc2a83786267f7be3056d201c177fcc7a808f680defe3b3f438b44bda40145,c3609b0fa8b0da3262d815a36095f48b5784c69e025b4d0f8b27f40f38e09bf4,10,selection_seed_mean,110.57437682190621,156.1917493638781,88.43745052877647,128.8178379417466
d100_delay_median_cap1,candidate_d100_delay_median_cap1_city_c3161bc89ca0ad11,city,36658699.86666666,4561.603328593096,c3161bc89ca0ad11ac9bc13e8d0eb69a483f01c1b61930e94c75146b56eb8082,aedfc1bdd4b0928866f750739d9174efed5b4835215988c3588d17372d32b18c,10,selection_seed_mean,279.14894980125854,476.7257791203122,223.26349148655433,393.1755960700925
d100_delay_median_cap1,candidate_d100_delay_median_cap1_city_c55db0bff8aa1923,city,22995989.6,1700.6411098898807,c55db0bff8aa1923467ad27be1cf847c8dc07c192935c222bfbb6ccd13fee276,0924e239d28cce7f99f5f2152a710f142dd00716dd793b62513d7b445d45c3f5,10,selection_seed_mean,175.1100385400647,177.73124923738968,140.05311009278128,146.58236017389194
d100_delay_median_cap1,candidate_d100_delay_median_cap1_city_c5b58a9552ecb573,city,33715548.86666667,3767.692105563188,c5b58a9552ecb57311a18d40b59a27f9c1b3a65b5206b4b75863a40e5e1fe864,82bac87e6ac868e1e72e601c47deaf4096286aa1f4ab3f09061ee5796dbf5415,10,selection_seed_mean,256.7374209214912,393.75540245934457,205.33873772763462,324.7464723922576
d100_delay_median_cap1,candidate_d100_delay_median_cap1_city_c657fff0c69800b6,city,19325794.999999996,1425.4519656033358,c657fff0c69800b6c3133239b2efd7c4d2a27a6f8fedfbb16a18014610ca2904,be26de5ca69433ae47d283d2b37e0b1adf7e4e434a666460cf519f6c9b1a5b17,10,selection_seed_mean,147.16221246105403,148.97167726997856,117.70042263219327,122.86314391528497
d100_delay_median_cap1,candidate_d100_delay_median_cap1_city_c8083421d84b2568,city,20230808.2,1308.043386597506,c8083421d84b25689fc010ed0b84973a4eb7ec9596c484aad0dae7394d65cbe3,ba16ec9f9d146a6a240a40ee529796798f13d77292ca97ce6bdc01e3ddd2aa10,10,selection_seed_mean,154.05371393969742,136.70149675008977,123.21224950025817,112.74341523458071
d100_delay_median_cap1,candidate_d100_delay_median_cap1_city_c822268375a11e62,city,14007194.066666666,1244.2716991815173,c822268375a11e62f030768415273ce66ccb436d8c689eb87caaa23a10c4eb8d,bee3ec30203a1535cde1fad2df19a14807bc3853b7fd2213c404e0f08ddb1faf,10,selection_seed_mean,106.66208915193481,130.03682093782865,85.30840058780595,107.2467796426582
d100_delay_median_cap1,candidate_d100_delay_median_cap1_city_c9cbb9b4f2110168,city,13333988.466666667,1172.8593181588383,c9cbb9b4f21101681e559b1c176a94f1aac93e4fb158c1cb61da5ac3046d2363,c141608a306f3c2a5355394d5c03925ec4713ef0e445c8914e513ac818cbd268,10,selection_seed_mean,101.53575796932776,122.57362860620317,81.20835794333212,101.09157423508142
d100_delay_median_cap1,candidate_d100_delay_median_cap1_city_cb3a91e4507e87a9,city,12869226.933333334,751.7678042722297,cb3a91e4507e87a96301c968f092495cc30d4ca81ba334d0bffadb50ea5ab9aa,a6bc805795615a1658bf457cf428610f45c0e6b3d56fb31742a8f8e9c9e90ca9,10,selection_seed_mean,97.99668826936843,78.56603619231835,78.37780795061411,64.79668074124307
d100_delay_median_cap1,candidate_d100_delay_median_cap1_city_cbf6a9658ac40319,city,14982557.0,820.793428185377,cbf6a9658ac4031992c12fb8dc1036e2c09a1994868dc7821fe6550df8873ee8,4da51822ad46b64b5d4f3016f86c98a80785ea228fd5b83b95b630e67fe90223,10,selection_seed_mean,114.08929032124436,85.77979240233276,91.24868037826782,70.74616579533524
d100_delay_median_cap1,candidate_d100_delay_median_cap1_city_d0e1de4e1012b13b,city,13182938.466666665,591.3500550111596,d0e1de4e1012b13b738cbf778bd0cb4a1caccb4b879ca4f813ac3e8a2e1d9ce5,ecfe6214761d031ce6c029dde99f0884fbf6e786d332fb23b2882b06f065d0b9,10,selection_seed_mean,100.38554126713039,61.80103691632974,80.28841395972921,50.96988791368767
d100_delay_median_cap1,candidate_d100_delay_median_cap1_city_d172666c888f27a6,city,28176826.133333333,2018.612832991741,d172666c888f27a6d1794e0baa524a2565d19a687b105f253ddbc5f0abb12f93,5601c55c01fce6643021f7c64356fbbb6f22914cf941bda32b2eb85182742eea,10,selection_seed_mean,214.56111243608765,210.9619592563415,171.60610180989514,173.98911011647562
d100_delay_median_cap1,candidate_d100_delay_median_cap1_city_d238573db94fecdf,city,13248237.666666666,667.0240879854266,d238573db94fecdf0e21a79440c19d19c8fc4a1d6def58e65f5aafe5a0cf2f38,3b10f85214e0f5520acb4a52a20f10c3d2f322d7c7db5b88d5265462956e621a,10,selection_seed_mean,100.88278211771049,69.70960759425412,80.6861074795841,57.49241538449733
d100_delay_median_cap1,candidate_d100_delay_median_cap1_city_d271abe3a1b9a52d,city,13528735.533333331,1052.4982712940187,d271abe3a1b9a52d47b7fe148e1a109b9e7e94699b38d73c2130b8c6dd1a5979,93d71f1fb65cd48737e582f99050844589fe6601c93e33f11ff5c42dcbdf7a4c,10,selection_seed_mean,103.01871943098905,109.99489045010299,82.39443137798493,90.71736522658107
d100_delay_median_cap1,candidate_d100_delay_median_cap1_city_d27754c14a1b3228,city,28739081.93333333,2063.0895346196717,d27754c14a1b3228fe96c4f5f1e8d1b88ce50ab3ad55367c9a0e814181dfe69e,1130a7c8de83b182cd1f1055654d921516a00bd256fe2d7704968c7e7a86c9eb,10,selection_seed_mean,218.8425822279932,215.61014734042385,175.03042382549145,177.8226643328583
d100_delay_median_cap1,candidate_d100_delay_median_cap1_city_d5c9077dbb6ea244,city,23159814.93333333,2150.2055155686526,d5c9077dbb6ea2441a8ba7be7ce66e6a0f8a3d31b03420b5fb7c82ef0dd21ea9,1ccd4efd8ae2f6f1c96cb5f5ade9a2391c257544fb3cfa59e6d460e1d58919b2,10,selection_seed_mean,176.3575369488237,224.71449747788793,141.05086004155146,185.33140090408716
d100_delay_median_cap1,candidate_d100_delay_median_cap1_city_d6bea4298f4caaed,city,20802993.133333333,1492.196759947848,d6bea4298f4caaed89131cdd6acc96868d8974a6dee86be8ae3c76cee442ddcf,956ae9b1733d1aa2d258dbae4f029d3815247b94a35adffb6bac3c17810038b5,10,selection_seed_mean,158.41079217250564,155.94706767419558,126.69704319061381,128.61603876619986
d100_delay_median_cap1,candidate_d100_delay_median_cap1_city_d71a15541452340d,city,36590587.53333333,2800.653158997612,d71a15541452340d9973c42d6b21cc18742aaf8b4f14e48259f2c4295b8df91e,496441f4b52c78058cb224c845bafe5a26972ca7f27bac5f286e8a5e844125b8,10,selection_seed_mean,278.6302874813272,292.6917276870476,222.84866506312397,241.39505254046136
d100_delay_median_cap1,candidate_d100_delay_median_cap1_city_d77c111b3ff985a8,city,35644760.733333334,4448.29315896244,d77c111b3ff985a8caa7941b405822ab0c43a7a7d16baf326573970c353af267,f75dc49f0ce3fa85cef599abcf2c4dccbb2758374a68ab8210d7845f4902bf23,10,selection_seed_mean,271.427998287379,464.88391672933363,217.08827000062573,383.4091191811262
d100_delay_median_cap1,candidate_d100_delay_median_cap1_city_d81756a06afc477d,city,23984861.266666666,2062.4626827384627,d81756a06afc477d9f088316d133b7aa4d7b2bc30f156ab9c57eb51fb44c145f,e63d87d68184958227951d3112e26af387a3cc6bbf3af7a90919a49f45943039,10,selection_seed_mean,182.6401061158988,215.54463606512527,146.07566249467044,177.76863445689403
d100_delay_median_cap1,candidate_d100_delay_median_cap1_city_d8c4b590430f4218,city,20681608.133333333,2045.5161557819363,d8c4b590430f421855ac2076fab8f7d1778a73d8f3204ec9803c58ccea15eb94,7090c1c8fdeb0d179e87bf005d85857e0aa5cb6d6781e84e65bbf15811112a13,10,selection_seed_mean,157.48646874055447,213.77358196752465,125.95776877519087,176.3079724138608
d100_delay_median_cap1,candidate_d100_delay_median_cap1_city_dc4a6687ff768a79,city,17744626.333333332,956.635157907506,dc4a6687ff768a7975dbc92e745c8581f2398bc87d68e0470e3c686922dc5c92,2c501612f813850d4eb13513e251d7300893f0899c47c4bd2dcb89ddb6ff811a,10,selection_seed_mean,135.12191713241367,99.97639166227019,108.07058746528563,82.45469220750867
d100_delay_median_cap1,candidate_d100_delay_median_cap1_city_dcbfe22860abff62,city,13176107.066666666,1499.3668777867422,dcbfe22860abff62fcc2371e7d0bd3feec0bfb07100790f52c8f4b2535a41654,d7ec13e6015090707b2767b1db8cd722fef80b933c6f6aa9c914793c9a27bbd2,10,selection_seed_mean,100.33352146984876,156.6964050818797,80.24680849577963,129.23404852113168
d100_delay_median_cap1,candidate_d100_delay_median_cap1_city_dcc3e7ea00734323,city,32144660.866666663,2649.9981548120777,dcc3e7ea00734323cc31144f2553c422adece73ea0a58392894702c0e5ce290c,82ebf399b8a9aa8ffdac2e6b2fe9189b6eefe0edb234596f5b15e77fe73afd44,10,selection_seed_mean,244.7754108924849,276.9470170940566,195.7715151886477,228.4097342642537
d100_delay_median_cap1,candidate_d100_delay_median_cap1_city_dd6d3b0edc4e287c,city,25599630.93333333,2152.6906344191025,dd6d3b0edc4e287c19b3440d3a5a10f526b85cfd4d89634e5c19efa3694637a6,5a570269e61d7b9f3a76a6c0e3de2ddbdf06a93bf72bce2cff9c669e61e1de6b,10,selection_seed_mean,194.9362665978694,224.9742132258052,155.91013875918182,185.54559929332592
d100_delay_median_cap1,candidate_d100_delay_median_cap1_city_ddc99c1febc40ce4,city,14249109.466666665,815.0820020630543,ddc99c1febc40ce4ade3d1b8a33977df3021477d80c11acb94b8b67f60b7f496,54ba38e81059a51f28cc46fc3475460df469dbf5b48634ad189f2c72c6bfc05a,10,selection_seed_mean,108.50422840118176,85.18290050448067,86.781744624687,70.25388419864782
d100_delay_median_cap1,candidate_d100_delay_median_cap1_city_dfcfa9ea868f15f0,city,13097369.266666666,515.8001228026192,dfcfa9ea868f15f0346672bd34913676bf36a8c6222bc82a35e68de16030a73f,d2a40e0a7e0c82646c30d9e020a2bc00f6adb9197e02be641a09b3fc1e80063c,10,selection_seed_mean,99.7339482645904,53.90543580852549,79.76726949947292,44.45805698727753
d100_delay_median_cap1,candidate_d100_delay_median_cap1_city_e20a3016ce6d7d30,city,32541460.2,3358.37928634232,e20a3016ce6d7d3051829ff1609c5e1e17c6c2f3c864b5e320b77fa6fce14471,89fb86d964af420e463b7bbb70ae7bb47ebd5f7cb9c79877312d5ef858d0e048,10,selection_seed_mean,247.79696150897465,350.9787823565216,198.18815311911862,289.46681300856244
d100_delay_median_cap1,candidate_d100_delay_median_cap1_city_e2b931846c6d7e9f,city,24817658.8,2082.399801967773,e2b931846c6d7e9f5fc7f8e0a2d1729d7c130627f0ab5c57355d670a56b74dbc,a7d3e87137392c5f393cef1ee00b6d40ea59d0f6d7265bc4062321eb34e2ef5c,10,selection_seed_mean,188.98169918037257,217.62823211970348,151.14767229506322,179.48706286292605
d100_delay_median_cap1,candidate_d100_delay_median_cap1_city_e37a3f4606c46685,city,13259272.8,1090.295742743325,e37a3f4606c46685e23c82fa1d26f34b3e6f9928873ea943521dcd548192645a,65dcffc905e1c94e1ad24a489c0771b37975fe8930c883b7d6c271dbc0bc4733,10,selection_seed_mean,100.96681253592286,113.94504300118109,80.75331505666624,93.97522047977048
d100_delay_median_cap1,candidate_d100_delay_median_cap1_city_e3c138fbd958db1f,city,25435450.333333336,1825.9218962048847,e3c138fbd958db1f03b91a0a34097c80477652efeb38acd4367f375163a57f0c,5d4d7dbb770aba613979a12f8b1d50ed457d69ed99b1618e727d4516854b9eda,10,selection_seed_mean,193.68606290176362,190.82414139889335,154.91022512002718,157.38061339481015
d100_delay_median_cap1,candidate_d100_delay_median_cap1_city_e411468d4b7bf0f6,city,13644826.666666666,358.52821413885096,e411468d4b7bf0f6d5a66f9c3367274b766a13cacbbf2beb6051af50cf31ef9f,0d254671858c0ef1b32971322300ab1d38575bdfa9eae7d540bbc7f2b8057d18,10,selection_seed_mean,103.90273108631526,37.469203240579326,83.10146441115037,30.902411750358233
d100_delay_median_cap1,candidate_d100_delay_median_cap1_city_e489c43e6306fedb,city,24253158.46666667,2504.0702154331166,e489c43e6306fedbb4d4fe9ee89d71ccf50c49010b0158fbb237597987cdcf3d,8f0f8b1d3e72a0c4e3ae0f89f105bd0ef538c61a93610c5d994776b53cf54ce7,10,selection_seed_mean,184.68313769877062,261.696324391385,147.7096803361634,215.83185310809026
d100_delay_median_cap1,candidate_d100_delay_median_cap1_city_e4a055f42b74b5fd,city,40744700.8,3629.178206811773,e4a055f42b74b5fdd71108254a9a979b0ec7a94ce924e9b8841d6d9ba67a318a,02128113f35e1bbb702f841d97c92693820aa9f3cdaec341d6485f64c0bc1385,10,selection_seed_mean,310.26306114660116,379.27953914011414,248.14857573425903,312.80762528466033
d100_delay_median_cap1,candidate_d100_delay_median_cap1_city_e660fceb02c281ff,city,13459757.533333335,761.0269539876243,e660fceb02c281ff6a56831a313f4d6a208ce0b651e215619afda309672f3ea6,7044d862da648046c2a204b599020273656141be7555db11d79c66c1215c2eff,10,selection_seed_mean,102.49346522586384,79.53369493949498,81.97433276096436,65.59474919354213
d100_delay_median_cap1,candidate_d100_delay_median_cap1_city_e789e4421114b64b,city,13862507.6,821.3043205362628,e789e4421114b64b19ca5bca188c5cd2b6b408bd38136416dd13fab08805a0db,d5517a0b4b2fb76f71a6deb81610bb4f5ecd2d697244ac24c0f5bc74cb236aa4,10,selection_seed_mean,105.56032953232592,85.83318493484342,84.42721260688069,70.79020083962067
d100_delay_median_cap1,candidate_d100_delay_median_cap1_city_e8d914b9108541e5,city,25211872.733333334,2615.199264088855,e8d914b9108541e5062d2b28ddc280bc627facd89cc04198e9a84aaa2052069a,52a63d78ca2f1015cceed292bec8849d633b9bf54c4887d949f765408591051f,10,selection_seed_mean,191.98356247304994,273.310241360278,153.54856429256358,225.4103339181256
d100_delay_median_cap1,candidate_d100_delay_median_cap1_city_e9a1f143a75f63d9,city,24383768.6,2439.940874683497,e9a1f143a75f63d93b6209b054811401375eaecdd9e327912601a4acd3a45695,20ea5fb27fe3dc081bd6fbee2cf8ab6e1f521ca88434eab5e34c7ad83cd724f9,10,selection_seed_mean,185.67770874700776,254.99427080822886,148.50513883571693,210.30439051247907
d100_delay_median_cap1,candidate_d100_delay_median_cap1_city_e9d1c88ec4521c48,city,19833236.2,1344.5525464876912,e9d1c88ec4521c48d4d26907ce8f1f7a0affd71ba43fc1cd1146687e708f2b41,f8e5fa270b2afcb9be8288236e62a64a12a5101f18d2f1c2373972ceb3b58407,10,selection_seed_mean,151.02627961512934,140.5170099457636,120.79090577666355,115.8902278063501
d100_delay_median_cap1,candidate_d100_delay_median_cap1_city_ea2ece1c70b45991,city,22228724.4,1626.2367665641125,ea2ece1c70b45991d7c194c3507b5bd256e944cc5615ee8d5e479bc4e657e487,6d6aed3dc51cebea013823e7f568e0bd68838f93e5fa827e12a6bf2ff43977f5,10,selection_seed_mean,169.26746159167146,169.95537176913732,135.38021367061728,140.16927031709915
d100_delay_median_cap1,candidate_d100_delay_median_cap1_city_eabb9ddc0e956ba7,city,33695129.93333334,3626.911446223922,eabb9ddc0e956ba772770f7de1b26e3bfcc0ce136483156f0dd64e497cfe3d0b,5d44236a3d7ffb18f57ce3c26ff8559c1937465e46f770e5f4160d0ae20d4cd1,10,selection_seed_mean,256.5819346708388,379.04264366072226,205.21437973444307,312.6122477208791
d100_delay_median_cap1,candidate_d100_delay_median_cap1_city_ed09def7a63f387c,city,16154876.26666667,885.2366430028508,ed09def7a63f387c35a5da1a4bbba6f92ccfe02766fe0f6f5820c6aad0edeeea,fb2dba2abe81369a78b88b224ba752b83ceea8397c3afbdda8414e93a5326877,10,selection_seed_mean,123.01627609302699,92.5146484561916,98.38848876113279,76.30068195409733
d100_delay_median_cap1,candidate_d100_delay_median_cap1_city_ed1540c053c8149a,city,19787124.066666666,1566.771118216968,ed1540c053c8149a50c9f0d3fa34994cf1b3f49a31c9781b86ae6073e658a6eb,9c9a43484c4dcc9428dc170c505906d71c640b6e7f92d1df175a5262325412fb,10,selection_seed_mean,150.67514458743022,163.7407131289415,120.5100677784438,135.04378262113278
d100_delay_median_cap1,candidate_d100_delay_median_cap1_city_ed92f71480337020,city,16880143.133333333,1319.724147380543,ed92f714803370203c0f42dceb9b911e96cb178e6bfe99d150c6c3146c42bac4,49d48df2a7f23fbf9109025aff75ff69a9e7848ad6ab18fe4e8c9d6a33574a89,10,selection_seed_mean,128.53904380961316,137.92223414961475,102.8056015747476,113.75020818710145
d100_delay_median_cap1,candidate_d100_delay_median_cap1_city_edd3d0333f94022c,city,13329054.866666665,813.8834373968168,edd3d0333f94022cdeedd4777201298feb25b9b2014ab537f6e82134547cb9bb,eb0fffde356e2af8a06ccefd630a1264900f06997842f2f98b455a529c2c9e21,10,selection_seed_mean,101.49818955408801,85.05764045156099,81.17831070309705,70.15057701844593
d100_delay_median_cap1,candidate_d100_delay_median_cap1_city_ede8db0d1d89ae65,city,36017450.4,3203.311632680321,ede8db0d1d89ae6511d80284974a4934998a2ae03dad38cf83cfa507542389b0,0c96bd0b6968ea039c058a930adb1e31f3288a699ecb1c696ca06325d8ee40ba,10,selection_seed_mean,274.26595842863264,334.7729129103558,219.35807216283004,276.101157828161
d100_delay_median_cap1,candidate_d100_delay_median_cap1_city_edfa9f7943b6ca29,city,18695049.0,1209.0554489076017,edfa9f7943b6ca29c7aa007f1e44f046e9130fbbf5e46ebf30561f4cf9e9e8f9,2d619516e6ffb8c0466d6233370acd8d430bb4efd3e5b83b63c922ea6c98345f,10,selection_seed_mean,142.35920296721642,126.35642763306791,113.85897286137842,104.21140606994756
d100_delay_median_cap1,candidate_d100_delay_median_cap1_city_ee8a01c01b91adfa,city,13799501.266666666,877.2510664276327,ee8a01c01b91adfaf2c8ea58534156e2fded0dc91b7b92993f2c492805850139,5210d59f8db2e0ba8d7bccc3f01f12242f218505f5211e5a09cb096b86bf7f5d,10,selection_seed_mean,105.08054842048074,91.68008877611527,84.04348339616318,75.612385843332
d100_delay_median_cap1,candidate_d100_delay_median_cap1_city_eea6371655b3ad04,city,22199551.4,1757.3459932500598,eea6371655b3ad04b98eea71b4b7f0dcbc90d74aadf6ca39e54cad501639b064,8f18e8506f09dbfcb8ff0ee8b69f81e8bd8e86afb5b3ab32ae62ec59ca548e04,10,selection_seed_mean,169.0453148068108,183.6573847981828,135.20254054361536,151.46989087509823
d100_delay_median_cap1,candidate_d100_delay_median_cap1_city_f00d5e80854ec118,city,20473036.333333332,1524.9388903005145,f00d5e80854ec11854c328a4b552971dd85efe04e60082165a9ec12aec01e3a4,e36407d489b27dcaf88b3058950e21e5e22acecc6b73b3436fd905078329cfe2,10,selection_seed_mean,155.89823459313726,159.36889471132375,124.6874981855899,131.43816197391524
d100_delay_median_cap1,candidate_d100_delay_median_cap1_city_f0aba2d1cda8f058,city,32090686.73333333,3110.883841534872,f0aba2d1cda8f05861e4f4a4dff4f906252b538dec29de7eb0fd829e38716b21,154f5acf63ecbe90e95a49d0d6eb10a3207355d558951941b815432a9c7bc5fa,10,selection_seed_mean,244.36440824669455,325.11343408851485,195.44279503485635,268.13458352099457
d100_delay_median_cap1,candidate_d100_delay_median_cap1_city_f2564ffd35bfcb12,city,15421105.066666666,1488.3927305783768,f2564ffd35bfcb12663e57d70146baa05fbd226378491bec335f723b536bd124,0fff6ecff41a857384099e7b2b93ec2c9d85934dc82b1df85b2b88526f6de399,10,selection_seed_mean,117.42874951354071,155.54951472311137,93.91958177151959,128.28816029736524
d100_delay_median_cap1,candidate_d100_delay_median_cap1_city_f351c9b760568cde,city,22749707.266666666,2529.7837683163543,f351c9b760568cde7f5708aaf3ee1605e7faee0c12c652a995c73820aa6df54a,66c04a69787448357b76a43323f12594d9c7ec7b0509a8b4ef387fa88f69ff4e,10,selection_seed_mean,173.23464593327134,264.38360617570305,138.55317000130376,218.0481662667938
d100_delay_median_cap1,candidate_d100_delay_median_cap1_city_f38e6bcd4e41811e,city,20123904.466666665,1264.7834814651733,f38e6bcd4e41811e588a9cdcada545b4f7e85c41de4f5799d96b6481e11aedd6,c107ae3ee1809a48d56204a357efce3d2e6295c27b0f2a60827c863f242b30b3,10,selection_seed_mean,153.23966256858023,132.18047409789813,122.56117074286203,109.014739643758
d100_delay_median_cap1,candidate_d100_delay_median_cap1_city_f5ad409a0dea1c3c,city,20536581.26666667,1629.2821432991018,f5ad409a0dea1c3c630ec1e743b099fbefdfcb93c2562ee01ba3bce101623d1e,4cae46e106d8e0aa6649248be99a424e5cb0134fa230a760df560dd3c9c72293,10,selection_seed_mean,156.38211704040654,170.27363916156978,125.07450764675146,140.4317586850666
d100_delay_median_cap1,candidate_d100_delay_median_cap1_city_f5ea8918dd20d05f,city,23831353.466666665,2927.55383113658,f5ea8918dd20d05f150d415284be96a5eb4e3f5d7177d3a6eba45e9083bc0fdb,fdbb5969cf61d9256107432a10c1af3bccd949693f1b56257ac7ee266381a792,10,selection_seed_mean,181.4711737393508,305.95391149359074,145.14074970389842,252.33292762863186
d100_delay_median_cap1,candidate_d100_delay_median_cap1_city_f6828517868c56d2,city,19605339.733333334,1846.2888260066877,f6828517868c56d20a43c963b86c895cb7f37d183e0d6836c1454570723bff68,61de671ab2c535f4cae632fac05091734a3eb1453f763e7c203b11190382bc9e,10,selection_seed_mean,149.29089184729244,192.95265626058514,119.40294163635004,159.13608821103256
d100_delay_median_cap1,candidate_d100_delay_median_cap1_city_f80a2b1c77912a03,city,14663034.133333335,986.1043943629302,f80a2b1c77912a0317eab931e42d34277c4426ca166ac2a26531d398708ef12b,a0e712c68e673c84455540a90f2215ca3ec48022c0c85d35f88a90be1dc3a4f5,10,selection_seed_mean,111.65618513770264,103.05617385666491,89.30268144537442,84.99471679414134
d100_delay_median_cap1,candidate_d100_delay_median_cap1_city_f812080c3c600093,city,15180754.333333334,1567.2706523007566,f812080c3c60009312ec86af1ad77813446371cb0cbf8045e14df19574fc6034,d35e4e11b134917eca7df862b285a6ab8bfdebb04f8aaba43f28bd10bf4fee52,10,selection_seed_mean,115.59852490006581,163.79291862734567,92.4557670672194,135.08683866897454
d100_delay_median_cap1,candidate_d100_delay_median_cap1_city_fa267017110e19c7,city,13334309.666666666,403.50146449442974,fa267017110e19c77745f988db51e132e56b06a4c6ff6b4b26069e80510b0f2c,6ddea4127a38ded77f7375ba730825be06767760ab8d2fd797c74c50c731a6dc,10,selection_seed_mean,101.5382038455591,42.169284828328585,81.21031415655641,34.77876469953451
d100_delay_median_cap1,candidate_d100_delay_median_cap1_city_fac9b08fad288b0c,city,20454973.333333332,1909.2969566288466,fac9b08fad288b0c44802a67d87a1211d2561ce3ab7af14945faf22d070585fb,1a62d20ac6fc89b017637ff65ba361a5af4a9b5e520d2a0e5560054c6a450157,10,selection_seed_mean,155.76068832175832,199.5375339884404,124.5774885981962,164.56691100076213
d100_delay_median_cap1,candidate_d100_delay_median_cap1_city_fcd1326583ef360b,city,17981677.733333334,1326.2260378955837,fcd1326583ef360be643a3dfede8d81e806fdce5fe9da103011908f7908708b7,ffc9cbad756dfc3e91381f9585f0f6c9f607cadd174b60b17055e0071d347a9d,10,selection_seed_mean,136.92701795703647,138.601736201472,109.5143081487325,114.31062181684644
d100_delay_median_cap1,candidate_d100_delay_median_cap1_city_fdf3d6a5f8f76632,city,30164638.266666662,3010.454015228074,fdf3d6a5f8f7663275692af11312c4ed920aad72ee1a9609798fbbca2e1bfd83,18d7e690e23bcf052b01dc949ce40e81c7294fb21f9b7fad2a30b5d59295386b,10,selection_seed_mean,229.69791956346637,314.6176755264059,183.71252890418722,259.47829449781693
d100_delay_median_cap1,candidate_d100_delay_median_cap1_city_fe1b222449d47e06,city,12791632.6,361.2399714057008,fe1b222449d47e060165d5af08a225b24cd463ea568b7b2171706086540bc153,62dc77be5e73600a6c4d2f7c6ed4f3e255af29a4dfffd7ad1d44e8405cee71f3,10,selection_seed_mean,97.4058223428814,37.75260460249101,77.90523304090424,31.136144651487083
d100_delay_median_cap1,candidate_d100_delay_median_cap1_city_ffd11bdb07711589,city,13329741.6,1360.338583186854,ffd11bdb077115890714890e6680a524610e91dd154822af0b1f951ce05c933d,2c8d29586434a17516d3eea449abb5cafd8cb679ce0a89f214da5b4d38f56333,10,selection_seed_mean,101.50341889635851,142.16678308527753,81.18249313406919,117.25086439433943
